-- Padea demo seed — data only, generated by scripts/reset_demo.py --capture.
-- Re-inserted verbatim on reset. Do not edit by hand.

-- caterers: 4 row(s)
INSERT INTO caterers (id, name, contact_email, contact_phone, home_postcode, max_delivery_km, delivery_fee_cents, price_includes_gst, gst_rate_percent, created_at, updated_at) VALUES
(1, 'Lakehouse Victoria Point', 'lakehousevictoriapoint.caterer@example.com', NULL, '4165', 50, 0, false, 10.00, '2026-06-03 04:56:04.774576+00:00'::timestamptz, '2026-06-05 03:07:53.878763+00:00'::timestamptz),
(2, 'Terrific Noodles', 'terrificnoodles.caterer@example.com', NULL, '4101', 50, 3000, false, 10.00, '2026-06-03 04:56:04.774576+00:00'::timestamptz, '2026-06-05 03:07:53.878763+00:00'::timestamptz),
(3, 'Kenko Sushi House', 'kenkosushihouse.caterer@example.com', NULL, '4068', 50, 1000, true, 10.00, '2026-06-03 04:56:04.774576+00:00'::timestamptz, '2026-06-05 03:07:53.878763+00:00'::timestamptz),
(4, 'Guzman y Gomez', 'guzmanygomez.caterer@example.com', NULL, '4000', 50, 5000, true, 10.00, '2026-06-03 04:56:04.774576+00:00'::timestamptz, '2026-06-05 03:44:26.563310+00:00'::timestamptz);

-- schools: 6 row(s)
INSERT INTO schools (id, name, building, postcode, current_caterer_id, created_at, updated_at) VALUES
(1, 'Moreton Bay Boys'' College', 'Library', '4165', 1, '2026-06-03 04:56:04.774576+00:00'::timestamptz, '2026-06-03 04:56:04.774576+00:00'::timestamptz),
(2, 'John Paul College', 'G Centre', '4127', 2, '2026-06-03 04:56:04.774576+00:00'::timestamptz, '2026-06-03 04:56:04.774576+00:00'::timestamptz),
(3, 'MacGregor State High School', 'Library', '4109', 2, '2026-06-03 04:56:04.774576+00:00'::timestamptz, '2026-06-03 04:56:04.774576+00:00'::timestamptz),
(4, 'Indooroopilly State High School', 'X Block', '4068', 3, '2026-06-03 04:56:04.774576+00:00'::timestamptz, '2026-06-03 04:56:04.774576+00:00'::timestamptz),
(5, 'Loreto College', 'Ella Building', '4151', 4, '2026-06-03 04:56:04.774576+00:00'::timestamptz, '2026-06-03 04:56:04.774576+00:00'::timestamptz),
(6, 'Cannon Hill Anglican College', 'E Centre', '4170', 4, '2026-06-03 04:56:04.774576+00:00'::timestamptz, '2026-06-03 04:56:04.774576+00:00'::timestamptz);

-- caterer_moq_tier: 12 row(s)
INSERT INTO caterer_moq_tier (caterer_id, variety_count, min_total_items) VALUES
(1, 4, 15),
(1, 5, 20),
(1, 6, 25),
(2, 4, 10),
(2, 5, 20),
(2, 6, 30),
(3, 4, 35),
(3, 5, 40),
(3, 6, 45),
(4, 4, 20),
(4, 5, 25),
(4, 6, 30);

-- menu_items: 40 row(s)
INSERT INTO menu_items (id, caterer_id, name, description, contents_text, tweaks_text, price_cents, active, created_at, updated_at) VALUES
(1, 1, 'Shrimp Fried Rice', NULL, 'Shrimp (shellfish), egg, rice, soy; gluten-free, dairy-free. May contain nuts.', 'Vegetarian option available on request (shrimp omitted).', 3500, true, '2026-06-03 04:56:04.774576+00:00'::timestamptz, '2026-06-03 04:56:04.774576+00:00'::timestamptz),
(2, 1, 'Spaghetti Bolognese + Garlic Bread', NULL, 'Beef, wheat pasta and garlic bread (contains gluten and dairy); nut-free, seafood-free.', NULL, 3500, true, '2026-06-03 04:56:04.774576+00:00'::timestamptz, '2026-06-03 04:56:04.774576+00:00'::timestamptz),
(3, 1, 'Sweet and Sour Chicken', NULL, 'Chicken, capsicum, pineapple, rice; gluten-free, dairy-free, nut-free, seafood-free.', 'Vegetarian option available on request.', 3500, true, '2026-06-03 04:56:04.774576+00:00'::timestamptz, '2026-06-03 13:55:48.155255+00:00'::timestamptz),
(4, 1, 'Classic Cream Pasta', NULL, 'Wheat pasta in cream sauce with cheese (contains gluten and dairy); no meat, nut-free, seafood-free.', NULL, 3500, true, '2026-06-03 04:56:04.774576+00:00'::timestamptz, '2026-06-03 04:56:04.774576+00:00'::timestamptz),
(5, 1, 'Gnocchi in Tomato Sauce', NULL, 'Potato gnocchi (contains gluten), tomato sauce, parmesan (contains dairy); vegetarian, nut-free, seafood-free.', 'Vegan option available on request (cheese omitted).', 3500, true, '2026-06-03 04:56:04.774576+00:00'::timestamptz, '2026-06-03 04:56:04.774576+00:00'::timestamptz),
(6, 1, 'Chicken, Bacon, Avo Wrap', NULL, 'Chicken, bacon (pork), avocado, wheat wrap (contains gluten); may contain dairy and nuts; seafood-free.', 'Can omit bacon on request.', 3500, true, '2026-06-03 04:56:04.774576+00:00'::timestamptz, '2026-06-03 04:56:04.774576+00:00'::timestamptz),
(7, 1, 'Fried Chicken Burger + Chips', NULL, 'Crumbed chicken, wheat bun and chips (contains gluten); may contain dairy; nut-free, seafood-free.', NULL, 3500, true, '2026-06-03 04:56:04.774576+00:00'::timestamptz, '2026-06-03 04:56:04.774576+00:00'::timestamptz),
(8, 1, 'Fish Taco Bowl', NULL, 'Fish (seafood), taco shell, rice and slaw (may contain gluten and dairy); nut-free.', NULL, 3500, true, '2026-06-03 04:56:04.774576+00:00'::timestamptz, '2026-06-03 04:56:04.774576+00:00'::timestamptz),
(9, 1, 'Korean Beef Bulgogi Rice Bowl', NULL, 'Beef, rice, sesame, soy; gluten-free, dairy-free, nut-free, seafood-free.', NULL, 3500, true, '2026-06-03 04:56:04.774576+00:00'::timestamptz, '2026-06-03 04:56:04.774576+00:00'::timestamptz),
(10, 1, 'Japanese Chicken Curry', NULL, 'Chicken, curry sauce (contains gluten), rice; dairy-free, nut-free, seafood-free.', 'Vegetarian option available on request.', 3500, true, '2026-06-03 04:56:04.774576+00:00'::timestamptz, '2026-06-03 04:56:04.774576+00:00'::timestamptz),
(11, 2, 'Spicy Miso Udon', NULL, 'Udon noodles (contains gluten), miso broth (may contain fish/seafood); dairy-free; may contain nuts.', 'Vegetarian option available on request.', 2050, true, '2026-06-03 04:56:04.774576+00:00'::timestamptz, '2026-06-03 04:56:04.774576+00:00'::timestamptz),
(12, 2, 'Stir-fry Noodles topped with Chicken', NULL, 'Chicken, rice noodles, vegetables, soy; gluten-free, dairy-free, nut-free, seafood-free.', 'Vegetarian option available on request.', 2050, true, '2026-06-03 04:56:04.774576+00:00'::timestamptz, '2026-06-03 04:56:04.774576+00:00'::timestamptz),
(13, 2, 'Grilled Pork Vermicelli Salad', NULL, 'Pork, rice vermicelli, fresh salad and herbs; gluten-free, dairy-free, nut-free, seafood-free.', NULL, 2050, true, '2026-06-03 04:56:04.774576+00:00'::timestamptz, '2026-06-03 04:56:04.774576+00:00'::timestamptz),
(14, 2, 'Spaghetti meatballs', NULL, 'Wheat spaghetti (contains gluten), meatballs (meat type unspecified - treat as unsafe for halal/beef/pork), tomato sauce; nut-free, seafood-free.', NULL, 2050, true, '2026-06-03 04:56:04.774576+00:00'::timestamptz, '2026-06-03 04:56:04.774576+00:00'::timestamptz),
(15, 2, 'Lemongrass Grilled Beef and Noodles', NULL, 'Beef, rice noodles, lemongrass and herbs; gluten-free, dairy-free, nut-free, seafood-free.', NULL, 2050, true, '2026-06-03 04:56:04.774576+00:00'::timestamptz, '2026-06-03 04:56:04.774576+00:00'::timestamptz),
(16, 2, 'Creamy Garlic Beef Noodles', NULL, 'Beef, wheat noodles (contains gluten), cream (contains dairy); may contain nuts; seafood-free.', NULL, 2050, true, '2026-06-03 04:56:04.774576+00:00'::timestamptz, '2026-06-03 04:56:04.774576+00:00'::timestamptz),
(17, 2, 'Mie Goreng', NULL, 'Rice noodles, vegetables, soy, egg; gluten-free, dairy-free, nut-free, seafood-free.', 'Vegetarian option available on request.', 2050, true, '2026-06-03 04:56:04.774576+00:00'::timestamptz, '2026-06-03 04:56:04.774576+00:00'::timestamptz),
(18, 2, 'Beef Pad Thai', NULL, 'Beef, rice noodles, peanuts (contains nuts), dried shrimp (seafood), tamarind; may contain gluten.', 'Can omit peanuts on request.', 2050, true, '2026-06-03 04:56:04.774576+00:00'::timestamptz, '2026-06-03 04:56:04.774576+00:00'::timestamptz),
(19, 2, 'Bacon Carbonara', NULL, 'Bacon (pork), wheat pasta (contains gluten), egg, cream and parmesan (contains dairy); may contain nuts; seafood-free.', NULL, 2050, true, '2026-06-03 04:56:04.774576+00:00'::timestamptz, '2026-06-03 04:56:04.774576+00:00'::timestamptz),
(20, 2, 'Chinese Honey Soy Noodles', NULL, 'Wheat noodles (contains gluten), honey soy sauce, vegetables; dairy-free; may contain nuts; seafood-free.', 'Vegetarian option available on request.', 2050, true, '2026-06-03 04:56:04.774576+00:00'::timestamptz, '2026-06-03 04:56:04.774576+00:00'::timestamptz),
(21, 3, 'Lamb wrap', NULL, 'Lamb (red meat), wheat wrap (contains gluten), yoghurt sauce (contains dairy); nut-free, seafood-free.', NULL, 550, true, '2026-06-03 04:56:04.774576+00:00'::timestamptz, '2026-06-03 04:56:04.774576+00:00'::timestamptz),
(22, 3, 'Chicken Parmi, chips and salad', NULL, 'Crumbed chicken (contains gluten), chips and salad; dairy-free, nut-free, seafood-free.', NULL, 550, true, '2026-06-03 04:56:04.774576+00:00'::timestamptz, '2026-06-03 04:56:04.774576+00:00'::timestamptz),
(23, 3, 'Japanese Chicken Katsu', NULL, 'Crumbed chicken katsu (contains gluten), rice, katsu sauce; may contain dairy; nut-free, seafood-free.', NULL, 550, true, '2026-06-03 04:56:04.774576+00:00'::timestamptz, '2026-06-03 04:56:04.774576+00:00'::timestamptz),
(24, 3, 'Teriyaki Salmon rice bowl', NULL, 'Salmon (seafood), rice, teriyaki, vegetables; gluten-free, dairy-free, nut-free.', NULL, 550, true, '2026-06-03 04:56:04.774576+00:00'::timestamptz, '2026-06-03 04:56:04.774576+00:00'::timestamptz),
(25, 3, 'Chicken Karaage ricebowl', NULL, 'Fried chicken karaage (contains gluten), rice; dairy-free, nut-free, seafood-free.', NULL, 550, true, '2026-06-03 04:56:04.774576+00:00'::timestamptz, '2026-06-03 04:56:04.774576+00:00'::timestamptz),
(26, 3, 'Creamy Udon', NULL, 'Udon noodles (contains gluten), cream sauce (contains dairy), broth (may contain seafood); may contain nuts.', 'Vegetarian option available on request.', 550, true, '2026-06-03 04:56:04.774576+00:00'::timestamptz, '2026-06-03 04:56:04.774576+00:00'::timestamptz),
(27, 3, 'Beef Fried Rice', NULL, 'Beef, rice, egg, soy; gluten-free, dairy-free, seafood-free; may contain nuts.', NULL, 550, true, '2026-06-03 04:56:04.774576+00:00'::timestamptz, '2026-06-03 04:56:04.774576+00:00'::timestamptz),
(28, 3, 'Mongolian Beef and Rice', NULL, 'Beef, Mongolian sauce (contains gluten), rice; may contain dairy and nuts; seafood-free.', NULL, 550, true, '2026-06-03 04:56:04.774576+00:00'::timestamptz, '2026-06-03 04:56:04.774576+00:00'::timestamptz),
(29, 3, 'Sweet and Sour Chicken', NULL, 'Chicken, capsicum, pineapple, rice; gluten-free, dairy-free, seafood-free; may contain nuts.', 'Vegetarian option available on request.', 550, true, '2026-06-03 04:56:04.774576+00:00'::timestamptz, '2026-06-03 04:56:04.774576+00:00'::timestamptz),
(30, 3, 'Chinese Honey Soy Noodles', NULL, 'Wheat noodles (contains gluten), honey soy, vegetables; dairy-free, seafood-free; may contain nuts.', 'Vegetarian option available on request.', 550, true, '2026-06-03 04:56:04.774576+00:00'::timestamptz, '2026-06-03 04:56:04.774576+00:00'::timestamptz),
(31, 4, 'Breakfast Tacos', NULL, 'Egg, cheese (contains dairy), tortilla (may contain gluten); no meat, nut-free, seafood-free.', 'Vegetarian option available on request.', 1500, true, '2026-06-03 04:56:04.774576+00:00'::timestamptz, '2026-06-03 04:56:04.774576+00:00'::timestamptz),
(32, 4, 'Caesar Salad', NULL, 'Lettuce, anchovy dressing (may contain seafood); gluten-free, dairy-free, nut-free.', 'Can omit anchovy dressing on request.', 1500, true, '2026-06-03 04:56:04.774576+00:00'::timestamptz, '2026-06-03 04:56:04.774576+00:00'::timestamptz),
(33, 4, 'Cali Burrito', NULL, 'Flour tortilla (contains gluten), rice, cheese (contains dairy), protein (type unspecified - treat as unsafe for halal/beef/pork); may contain nuts; seafood-free.', 'Vegetarian option available on request.', 1500, true, '2026-06-03 04:56:04.774576+00:00'::timestamptz, '2026-06-03 04:56:04.774576+00:00'::timestamptz),
(34, 4, 'Grilled Chicken Burrito', NULL, 'Grilled chicken, flour tortilla (contains gluten), rice, cheese (contains dairy); may contain nuts; seafood-free.', 'Vegetarian option available on request.', 1500, true, '2026-06-03 04:56:04.774576+00:00'::timestamptz, '2026-06-03 04:56:04.774576+00:00'::timestamptz),
(35, 4, 'Pulled pork burrito bowl', NULL, 'Pulled pork, rice, beans, cheese (contains dairy); gluten-free, nut-free, seafood-free.', NULL, 1500, true, '2026-06-03 04:56:04.774576+00:00'::timestamptz, '2026-06-03 04:56:04.774576+00:00'::timestamptz),
(36, 4, 'Nachos', NULL, 'Corn chips (gluten-free), cheese (contains dairy), seasoned meat (protein unspecified - treat as unsafe for halal/beef); may contain nuts; seafood-free.', 'Vegetarian option available on request (beans instead of meat).', 1500, true, '2026-06-03 04:56:04.774576+00:00'::timestamptz, '2026-06-03 04:56:04.774576+00:00'::timestamptz),
(37, 4, 'Nacho Fries', NULL, 'Fries (gluten-free), cheese (contains dairy), seasoned meat (protein unspecified - treat as unsafe for halal/beef); may contain nuts; seafood-free.', 'Vegetarian option available on request (beans instead of meat).', 1500, true, '2026-06-03 04:56:04.774576+00:00'::timestamptz, '2026-06-03 04:56:04.774576+00:00'::timestamptz),
(38, 4, 'Chicken Quesadilla', NULL, 'Grilled chicken, flour tortilla (contains gluten), cheese (contains dairy); may contain nuts; seafood-free.', NULL, 1500, true, '2026-06-03 04:56:04.774576+00:00'::timestamptz, '2026-06-03 04:56:04.774576+00:00'::timestamptz),
(39, 4, 'Chicken Enchilada', NULL, 'Chicken, corn tortilla, enchilada sauce, rice; gluten-free, dairy-free, seafood-free; may contain nuts.', NULL, 1500, true, '2026-06-03 04:56:04.774576+00:00'::timestamptz, '2026-06-03 04:56:04.774576+00:00'::timestamptz),
(40, 4, 'Crispy Chicken Taco', NULL, 'Crispy chicken (contains gluten), tortilla, cheese (contains dairy); may contain nuts; seafood-free.', NULL, 1500, true, '2026-06-03 04:56:04.774576+00:00'::timestamptz, '2026-06-03 04:56:04.774576+00:00'::timestamptz);

-- dietary_tags: 11 row(s)
INSERT INTO dietary_tags (id, name, label, description, active, created_at) VALUES
(1, 'no_pork', 'No pork', 'Pork-free', true, '2026-06-03 04:56:04.774576+00:00'::timestamptz),
(2, 'no_seafood', 'No seafood', 'Free of fish and shellfish', true, '2026-06-03 04:56:04.774576+00:00'::timestamptz),
(3, 'no_nuts', 'No nuts', 'Nut-free', true, '2026-06-03 04:56:04.774576+00:00'::timestamptz),
(4, 'no_dairy', 'No dairy', 'Dairy-free', true, '2026-06-03 04:56:04.774576+00:00'::timestamptz),
(5, 'halal', 'Halal', 'Halal-prepared', true, '2026-06-03 04:56:04.774576+00:00'::timestamptz),
(6, 'vegetarian', 'Vegetarian', 'No meat or seafood', true, '2026-06-03 04:56:04.774576+00:00'::timestamptz),
(7, 'vegan', 'Vegan', 'No animal products', true, '2026-06-03 04:56:04.774576+00:00'::timestamptz),
(8, 'gluten_free', 'Gluten free', 'Gluten-free', true, '2026-06-03 04:56:04.774576+00:00'::timestamptz),
(9, 'mild_only', 'Mild only', 'No spicy food', true, '2026-06-03 04:56:04.774576+00:00'::timestamptz),
(10, 'no_beef', 'No beef', 'Beef-free', true, '2026-06-03 04:56:04.774576+00:00'::timestamptz),
(11, 'no_red_meat', 'No red meat', 'Free of beef, lamb, and pork', true, '2026-06-03 04:56:04.774576+00:00'::timestamptz);

-- menu_item_dietary_tags: 205 row(s)
INSERT INTO menu_item_dietary_tags (menu_item_id, dietary_tag_id) VALUES
(1, 1),
(1, 4),
(1, 5),
(1, 8),
(1, 10),
(1, 11),
(2, 1),
(2, 2),
(2, 3),
(2, 5),
(3, 1),
(3, 2),
(3, 3),
(3, 4),
(3, 5),
(3, 8),
(3, 10),
(3, 11),
(4, 1),
(4, 2),
(4, 3),
(4, 5),
(4, 10),
(4, 11),
(5, 1),
(5, 2),
(5, 3),
(5, 5),
(5, 6),
(5, 10),
(5, 11),
(6, 2),
(6, 10),
(7, 1),
(7, 2),
(7, 3),
(7, 5),
(7, 10),
(7, 11),
(8, 1),
(8, 3),
(8, 5),
(8, 10),
(8, 11),
(9, 1),
(9, 2),
(9, 3),
(9, 4),
(9, 5),
(9, 8),
(10, 1),
(10, 2),
(10, 3),
(10, 4),
(10, 5),
(10, 10),
(10, 11),
(11, 1),
(11, 4),
(11, 5),
(11, 10),
(11, 11),
(12, 1),
(12, 2),
(12, 3),
(12, 4),
(12, 5),
(12, 8),
(12, 10),
(12, 11),
(13, 2),
(13, 3),
(13, 4),
(13, 8),
(13, 10),
(14, 2),
(14, 3),
(15, 1),
(15, 2),
(15, 3),
(15, 4),
(15, 5),
(15, 8),
(16, 1),
(16, 2),
(16, 5),
(17, 1),
(17, 2),
(17, 3),
(17, 4),
(17, 5),
(17, 8),
(17, 10),
(17, 11),
(18, 1),
(18, 5),
(19, 2),
(19, 10),
(20, 1),
(20, 2);
INSERT INTO menu_item_dietary_tags (menu_item_id, dietary_tag_id) VALUES
(20, 4),
(20, 5),
(20, 10),
(20, 11),
(21, 1),
(21, 2),
(21, 3),
(21, 5),
(21, 10),
(22, 1),
(22, 2),
(22, 3),
(22, 4),
(22, 5),
(22, 10),
(22, 11),
(23, 1),
(23, 2),
(23, 3),
(23, 5),
(23, 10),
(23, 11),
(24, 1),
(24, 3),
(24, 4),
(24, 5),
(24, 8),
(24, 10),
(24, 11),
(25, 1),
(25, 2),
(25, 3),
(25, 4),
(25, 5),
(25, 10),
(25, 11),
(26, 1),
(26, 5),
(26, 10),
(26, 11),
(27, 1),
(27, 2),
(27, 4),
(27, 5),
(27, 8),
(28, 1),
(28, 2),
(28, 5),
(29, 1),
(29, 2),
(29, 4),
(29, 5),
(29, 8),
(29, 10),
(29, 11),
(30, 1),
(30, 2),
(30, 4),
(30, 5),
(30, 10),
(30, 11),
(31, 1),
(31, 2),
(31, 3),
(31, 5),
(31, 10),
(31, 11),
(32, 1),
(32, 3),
(32, 4),
(32, 5),
(32, 8),
(32, 10),
(32, 11),
(33, 2),
(34, 1),
(34, 2),
(34, 5),
(34, 10),
(34, 11),
(35, 2),
(35, 3),
(35, 8),
(35, 10),
(36, 2),
(36, 8),
(37, 2),
(37, 8),
(38, 1),
(38, 2),
(38, 5),
(38, 10),
(38, 11),
(39, 1),
(39, 2),
(39, 4),
(39, 5),
(39, 8),
(39, 10),
(39, 11);
INSERT INTO menu_item_dietary_tags (menu_item_id, dietary_tag_id) VALUES
(40, 1),
(40, 2),
(40, 5),
(40, 10),
(40, 11);

-- tutors: 7 row(s)
INSERT INTO tutors (id, name, email, mobile, employee_identifier, active, created_at, updated_at) VALUES
(1, 'Triet', 'triet.tutor@example.com', '0458971565', NULL, true, '2026-06-03 04:56:04.774576+00:00'::timestamptz, '2026-06-05 03:07:53.878763+00:00'::timestamptz),
(2, 'Jessie', 'jessie.tutor@example.com', '0458971565', NULL, true, '2026-06-03 04:56:04.774576+00:00'::timestamptz, '2026-06-05 03:07:53.878763+00:00'::timestamptz),
(3, 'Liam', 'liam.tutor@example.com', '0458971565', NULL, true, '2026-06-03 04:56:04.774576+00:00'::timestamptz, '2026-06-05 03:07:53.878763+00:00'::timestamptz),
(4, 'Lucian', 'lucian.tutor@example.com', '0458971565', NULL, true, '2026-06-03 04:56:04.774576+00:00'::timestamptz, '2026-06-05 03:07:53.878763+00:00'::timestamptz),
(5, 'Ethan', 'ethan.tutor@example.com', '0458971565', NULL, true, '2026-06-03 04:56:04.774576+00:00'::timestamptz, '2026-06-05 03:07:53.878763+00:00'::timestamptz),
(6, 'Claire', 'claire.tutor@example.com', '0458971565', NULL, true, '2026-06-03 04:56:04.774576+00:00'::timestamptz, '2026-06-05 03:07:53.878763+00:00'::timestamptz),
(7, 'Camilo', 'camilo.tutor@example.com', '0458971565', NULL, true, '2026-06-03 04:56:04.774576+00:00'::timestamptz, '2026-06-05 03:07:53.878763+00:00'::timestamptz);

-- enrolments: 320 row(s)
INSERT INTO enrolments (id, school_id, student_name, student_year_level, parent_name, parent_email, parent_phone, original_start_date, current_period_start_date, current_period_end_date, opted_out_of_catering, dietary_raw, created_at, updated_at, student_email) VALUES
(1, 1, 'Henry Hill', 11, 'Ryan Hill', 'henry.hill.parent@example.com', '0458971565', '2026-04-21'::date, '2026-04-21'::date, NULL, false, 'No requirements', '2026-06-03 04:56:04.774576+00:00'::timestamptz, '2026-06-05 10:49:45.452381+00:00'::timestamptz, 'padea.demo@outlook.com'),
(2, 1, 'Blake Brown', 11, 'Emily Brown', 'blake.brown.parent@example.com', '0458971565', '2026-04-21'::date, '2026-04-21'::date, NULL, false, 'No requirements', '2026-06-03 04:56:04.774576+00:00'::timestamptz, '2026-06-05 10:49:45.452381+00:00'::timestamptz, NULL),
(3, 1, 'Noah Baker', 12, 'Eliza Baker', 'noah.baker.parent@example.com', '0458971565', '2026-04-21'::date, '2026-04-21'::date, NULL, false, 'No requirements', '2026-06-03 04:56:04.774576+00:00'::timestamptz, '2026-06-05 10:49:45.452381+00:00'::timestamptz, NULL),
(4, 1, 'Zachary Anderson', 12, 'Patrick Anderson', 'zachary.anderson.parent@example.com', '0458971565', '2026-04-21'::date, '2026-04-21'::date, NULL, false, 'No Fish', '2026-06-03 04:56:04.774576+00:00'::timestamptz, '2026-06-05 10:49:45.452381+00:00'::timestamptz, NULL),
(5, 1, 'Archie Murphy', 12, 'Harvey Murphy', 'archie.murphy.parent@example.com', '0458971565', '2026-04-21'::date, '2026-04-21'::date, NULL, false, 'No requirements', '2026-06-03 04:56:04.774576+00:00'::timestamptz, '2026-06-05 10:49:45.452381+00:00'::timestamptz, NULL),
(6, 1, 'Harvey Evans', 12, 'Amelia Evans', 'harvey.evans.parent@example.com', '0458971565', '2026-04-21'::date, '2026-04-21'::date, NULL, false, 'No requirements', '2026-06-03 04:56:04.774576+00:00'::timestamptz, '2026-06-05 10:49:45.452381+00:00'::timestamptz, NULL),
(7, 1, 'Riley Turner', 12, 'Tahlia Turner', 'riley.turner.parent@example.com', '0458971565', '2026-04-21'::date, '2026-04-21'::date, NULL, false, 'No requirements', '2026-06-03 04:56:04.774576+00:00'::timestamptz, '2026-06-05 10:49:45.452381+00:00'::timestamptz, NULL),
(8, 1, 'Henry Brown', 11, 'James Brown', 'henry.brown.parent@example.com', '0458971565', '2026-04-21'::date, '2026-04-21'::date, NULL, false, 'No requirements', '2026-06-03 04:56:04.774576+00:00'::timestamptz, '2026-06-05 10:49:45.452381+00:00'::timestamptz, NULL),
(9, 1, 'Patrick Turner', 11, 'Connor Turner', 'patrick.turner.parent@example.com', '0458971565', '2026-04-21'::date, '2026-04-21'::date, NULL, false, 'No requirements', '2026-06-03 04:56:04.774576+00:00'::timestamptz, '2026-06-05 10:49:45.452381+00:00'::timestamptz, NULL),
(10, 1, 'Bailey Collins', 11, 'Noah Collins', 'bailey.collins.parent@example.com', '0458971565', '2026-04-21'::date, '2026-04-21'::date, NULL, false, 'No requirements', '2026-06-03 04:56:04.774576+00:00'::timestamptz, '2026-06-05 10:49:45.452381+00:00'::timestamptz, NULL),
(11, 1, 'Daniel Carter', 12, 'Alexander Carter', 'daniel.carter.parent@example.com', '0458971565', '2026-04-21'::date, '2026-04-21'::date, NULL, false, 'No requirements', '2026-06-03 04:56:04.774576+00:00'::timestamptz, '2026-06-05 10:49:45.452381+00:00'::timestamptz, NULL),
(12, 1, 'Benjamin Johnson', 12, 'Aria Johnson', 'benjamin.johnson.parent@example.com', '0458971565', '2026-04-21'::date, '2026-04-21'::date, NULL, false, 'Nut Free', '2026-06-03 04:56:04.774576+00:00'::timestamptz, '2026-06-05 10:49:45.452381+00:00'::timestamptz, NULL),
(13, 1, 'Jack Wilson', 12, 'Sienna Wilson', 'jack.wilson.parent@example.com', '0458971565', '2026-04-21'::date, '2026-04-21'::date, NULL, false, 'No requirements', '2026-06-03 04:56:04.774576+00:00'::timestamptz, '2026-06-05 10:49:45.452381+00:00'::timestamptz, NULL),
(14, 1, 'Connor Mitchell', 12, 'Ava Mitchell', 'connor.mitchell.parent@example.com', '0458971565', '2026-04-21'::date, '2026-04-21'::date, NULL, false, 'No requirements', '2026-06-03 04:56:04.774576+00:00'::timestamptz, '2026-06-05 10:49:45.452381+00:00'::timestamptz, NULL),
(15, 1, 'Charlie Murphy', 12, 'Harper Murphy', 'charlie.murphy.parent@example.com', '0458971565', '2026-04-21'::date, '2026-04-21'::date, NULL, false, 'No Shellfish', '2026-06-03 04:56:04.774576+00:00'::timestamptz, '2026-06-05 10:49:45.452381+00:00'::timestamptz, NULL),
(16, 1, 'Penelope Carter', 12, 'Eliza Carter', 'penelope.carter.parent@example.com', '0458971565', '2026-04-21'::date, '2026-04-21'::date, NULL, false, 'No requirements', '2026-06-03 04:56:04.774576+00:00'::timestamptz, '2026-06-05 10:49:45.452381+00:00'::timestamptz, NULL),
(17, 1, 'Hong Guo', 12, 'Yang Guo', 'hong.guo.parent@example.com', '0458971565', '2026-04-21'::date, '2026-04-21'::date, NULL, false, 'No requirements', '2026-06-03 04:56:04.774576+00:00'::timestamptz, '2026-06-05 10:49:45.452381+00:00'::timestamptz, NULL),
(18, 2, 'Lucas Anderson', 12, 'Harper Anderson', 'lucas.anderson.parent@example.com', '0458971565', '2026-04-21'::date, '2026-04-21'::date, NULL, false, 'No requirements', '2026-06-03 04:56:04.774576+00:00'::timestamptz, '2026-06-05 10:49:45.452381+00:00'::timestamptz, 'padea.demo@outlook.com'),
(19, 2, 'Archie Williams', 12, 'Ella Williams', 'archie.williams.parent@example.com', '0458971565', '2026-04-21'::date, '2026-04-21'::date, NULL, false, 'No requirements', '2026-06-03 04:56:04.774576+00:00'::timestamptz, '2026-06-05 10:49:45.452381+00:00'::timestamptz, 'padea.demo@outlook.com'),
(20, 2, 'Hyun Choi', 12, 'Brian Choi', 'hyun.choi.parent@example.com', '0458971565', '2026-04-21'::date, '2026-04-21'::date, NULL, false, 'No requirements', '2026-06-03 04:56:04.774576+00:00'::timestamptz, '2026-06-05 10:49:45.452381+00:00'::timestamptz, NULL),
(21, 2, 'Bailey Roberts', 12, 'Blake Roberts', 'bailey.roberts.parent@example.com', '0458971565', '2026-04-21'::date, '2026-04-21'::date, NULL, false, 'No requirements', '2026-06-03 04:56:04.774576+00:00'::timestamptz, '2026-06-05 10:49:45.452381+00:00'::timestamptz, NULL),
(22, 2, 'Benjamin Wilson', 12, 'Aria Wilson', 'benjamin.wilson.parent@example.com', '0458971565', '2026-04-21'::date, '2026-04-21'::date, NULL, false, 'No Beef', '2026-06-03 04:56:04.774576+00:00'::timestamptz, '2026-06-05 10:49:45.452381+00:00'::timestamptz, NULL),
(23, 2, 'Rashid Khalil', 9, 'Fatima Khalil', 'rashid.khalil.parent@example.com', '0458971565', '2026-04-21'::date, '2026-04-21'::date, NULL, false, 'Halal, Vegetarian', '2026-06-03 04:56:04.774576+00:00'::timestamptz, '2026-06-05 10:49:45.452381+00:00'::timestamptz, NULL),
(24, 2, 'Noah Johnson', 9, 'Imogen Johnson', 'noah.johnson.parent@example.com', '0458971565', '2026-04-21'::date, '2026-04-21'::date, NULL, false, 'No requirements', '2026-06-03 04:56:04.774576+00:00'::timestamptz, '2026-06-05 10:49:45.452381+00:00'::timestamptz, NULL),
(25, 2, 'Liam Robinson', 9, 'Zoe Robinson', 'liam.robinson.parent@example.com', '0458971565', '2026-04-21'::date, '2026-04-21'::date, NULL, false, 'No requirements', '2026-06-03 04:56:04.774576+00:00'::timestamptz, '2026-06-05 10:49:45.452381+00:00'::timestamptz, NULL),
(26, 2, 'Nathan Robinson', 9, 'Tahlia Robinson', 'nathan.robinson.parent@example.com', '0458971565', '2026-04-21'::date, '2026-04-21'::date, NULL, false, 'No requirements', '2026-06-03 04:56:04.774576+00:00'::timestamptz, '2026-06-05 10:49:45.452381+00:00'::timestamptz, NULL),
(27, 2, 'Ruby Campbell', 9, 'Sienna Campbell', 'ruby.campbell.parent@example.com', '0458971565', '2026-04-21'::date, '2026-04-21'::date, NULL, false, 'No requirements', '2026-06-03 04:56:04.774576+00:00'::timestamptz, '2026-06-05 10:49:45.452381+00:00'::timestamptz, NULL),
(28, 2, 'Madison Baker', 12, 'Willow Baker', 'madison.baker.parent@example.com', '0458971565', '2026-04-21'::date, '2026-04-21'::date, NULL, false, 'No requirements', '2026-06-03 04:56:04.774576+00:00'::timestamptz, '2026-06-05 10:49:45.452381+00:00'::timestamptz, NULL),
(29, 2, 'Amelia Thompson', 12, 'Noah Thompson', 'amelia.thompson.parent@example.com', '0458971565', '2026-04-21'::date, '2026-04-21'::date, NULL, false, 'No requirements', '2026-06-03 04:56:04.774576+00:00'::timestamptz, '2026-06-05 10:49:45.452381+00:00'::timestamptz, NULL),
(30, 2, 'Christina Hu', 12, 'Tony Hu', 'christina.hu.parent@example.com', '0458971565', '2026-04-21'::date, '2026-04-21'::date, NULL, false, 'No requirements', '2026-06-03 04:56:04.774576+00:00'::timestamptz, '2026-06-05 10:49:45.452381+00:00'::timestamptz, NULL),
(31, 2, 'Zachary Wright', 12, 'Chloe Wright', 'zachary.wright.parent@example.com', '0458971565', '2026-04-21'::date, '2026-04-21'::date, NULL, false, 'No requirements', '2026-06-03 04:56:04.774576+00:00'::timestamptz, '2026-06-05 10:49:45.452381+00:00'::timestamptz, NULL),
(32, 2, 'Nathan Smith', 11, 'Alexander Smith', 'nathan.smith.parent@example.com', '0458971565', '2026-04-21'::date, '2026-04-21'::date, NULL, false, 'No requirements', '2026-06-03 04:56:04.774576+00:00'::timestamptz, '2026-06-05 10:49:45.452381+00:00'::timestamptz, NULL),
(33, 2, 'Leo Thompson', 11, 'Hunter Thompson', 'leo.thompson.parent@example.com', '0458971565', '2026-04-21'::date, '2026-04-21'::date, NULL, false, 'No requirements', '2026-06-03 04:56:04.774576+00:00'::timestamptz, '2026-06-05 10:49:45.452381+00:00'::timestamptz, NULL),
(34, 2, 'Li He', 11, 'Crystal He', 'li.he.parent@example.com', '0458971565', '2026-04-21'::date, '2026-04-21'::date, NULL, false, 'No requirements', '2026-06-03 04:56:04.774576+00:00'::timestamptz, '2026-06-05 10:49:45.452381+00:00'::timestamptz, NULL),
(35, 2, 'Archie Parker', 11, 'Spencer Parker', 'archie.parker.parent@example.com', '0458971565', '2026-04-21'::date, '2026-04-21'::date, NULL, false, 'No requirements', '2026-06-03 04:56:04.774576+00:00'::timestamptz, '2026-06-05 10:49:45.452381+00:00'::timestamptz, NULL),
(36, 2, 'Pooja Mehta', 11, 'Priya Mehta', 'pooja.mehta.parent@example.com', '0458971565', '2026-04-21'::date, '2026-04-21'::date, NULL, false, 'Vegetarian', '2026-06-03 04:56:04.774576+00:00'::timestamptz, '2026-06-05 10:49:45.452381+00:00'::timestamptz, NULL),
(37, 2, 'Georgia Clark', 11, 'Emily Clark', 'georgia.clark.parent@example.com', '0458971565', '2026-04-21'::date, '2026-04-21'::date, NULL, false, 'Halal', '2026-06-03 04:56:04.774576+00:00'::timestamptz, '2026-06-05 10:49:45.452381+00:00'::timestamptz, NULL),
(38, 2, 'Michelle Tang', 11, 'Wendy Tang', 'michelle.tang.parent@example.com', '0458971565', '2026-04-21'::date, '2026-04-21'::date, NULL, false, 'No requirements', '2026-06-03 04:56:04.774576+00:00'::timestamptz, '2026-06-05 10:49:45.452381+00:00'::timestamptz, NULL),
(39, 2, 'Bailey Morris', 11, 'James Morris', 'bailey.morris.parent@example.com', '0458971565', '2026-04-21'::date, '2026-04-21'::date, NULL, false, 'No requirements', '2026-06-03 04:56:04.774576+00:00'::timestamptz, '2026-06-05 10:49:45.452381+00:00'::timestamptz, NULL),
(40, 2, 'Tahlia White', 10, 'Max White', 'tahlia.white.parent@example.com', '0458971565', '2026-04-21'::date, '2026-04-21'::date, NULL, false, 'No requirements', '2026-06-03 04:56:04.774576+00:00'::timestamptz, '2026-06-05 10:49:45.452381+00:00'::timestamptz, NULL),
(41, 2, 'Samuel Martin', 10, 'Audrey Martin', 'samuel.martin.parent@example.com', '0458971565', '2026-04-21'::date, '2026-04-21'::date, NULL, false, 'No requirements', '2026-06-03 04:56:04.774576+00:00'::timestamptz, '2026-06-05 10:49:45.452381+00:00'::timestamptz, NULL),
(42, 2, 'Nathan Green', 10, 'Noah Green', 'nathan.green.parent@example.com', '0458971565', '2026-04-21'::date, '2026-04-21'::date, NULL, false, 'No requirements', '2026-06-03 04:56:04.774576+00:00'::timestamptz, '2026-06-05 10:49:45.452381+00:00'::timestamptz, NULL),
(43, 2, 'Madison Roberts', 10, 'Charlotte Roberts', 'madison.roberts.parent@example.com', '0458971565', '2026-04-21'::date, '2026-04-21'::date, NULL, false, 'No requirements', '2026-06-03 04:56:04.774576+00:00'::timestamptz, '2026-06-05 10:49:45.452381+00:00'::timestamptz, NULL),
(44, 2, 'Amy Liu', 10, 'Yi Liu', 'amy.liu.parent@example.com', '0458971565', '2026-04-21'::date, '2026-04-21'::date, NULL, false, 'No requirements', '2026-06-03 04:56:04.774576+00:00'::timestamptz, '2026-06-05 10:49:45.452381+00:00'::timestamptz, NULL),
(45, 2, 'Ray He', 10, 'Tony He', 'ray.he.parent@example.com', '0458971565', '2026-04-21'::date, '2026-04-21'::date, NULL, false, 'No requirements', '2026-06-03 04:56:04.774576+00:00'::timestamptz, '2026-06-05 10:49:45.452381+00:00'::timestamptz, NULL),
(46, 2, 'Samuel Brown', 12, 'Grace Brown', 'samuel.brown.parent@example.com', '0458971565', '2026-04-21'::date, '2026-04-21'::date, NULL, false, 'No requirements', '2026-06-03 04:56:04.774576+00:00'::timestamptz, '2026-06-05 10:49:45.452381+00:00'::timestamptz, NULL),
(47, 2, 'Michelle Deng', 12, 'Leon Deng', 'michelle.deng.parent@example.com', '0458971565', '2026-04-21'::date, '2026-04-21'::date, NULL, false, 'No requirements', '2026-06-03 04:56:04.774576+00:00'::timestamptz, '2026-06-05 10:49:45.452381+00:00'::timestamptz, NULL),
(48, 2, 'Bailey Jones', 12, 'Amelia Jones', 'bailey.jones.parent@example.com', '0458971565', '2026-04-21'::date, '2026-04-21'::date, NULL, false, 'No Beef', '2026-06-03 04:56:04.774576+00:00'::timestamptz, '2026-06-05 10:49:45.452381+00:00'::timestamptz, NULL),
(49, 2, 'Ray Liu', 12, 'Tiffany Liu', 'ray.liu.parent@example.com', '0458971565', '2026-04-21'::date, '2026-04-21'::date, NULL, false, 'No requirements', '2026-06-03 04:56:04.774576+00:00'::timestamptz, '2026-06-05 10:49:45.452381+00:00'::timestamptz, NULL),
(50, 2, 'Emily Green', 12, 'Ella Green', 'emily.green.parent@example.com', '0458971565', '2026-04-21'::date, '2026-04-21'::date, NULL, false, 'No requirements', '2026-06-03 04:56:04.774576+00:00'::timestamptz, '2026-06-05 10:49:45.452381+00:00'::timestamptz, NULL),
(51, 2, 'Sophia Turner', 11, 'Mia Turner', 'sophia.turner.parent@example.com', '0458971565', '2026-04-21'::date, '2026-04-21'::date, NULL, false, 'No requirements', '2026-06-03 04:56:04.774576+00:00'::timestamptz, '2026-06-05 10:49:45.452381+00:00'::timestamptz, NULL),
(52, 2, 'Annabelle Wright', 11, 'Imogen Wright', 'annabelle.wright.parent@example.com', '0458971565', '2026-04-21'::date, '2026-04-21'::date, NULL, false, 'No requirements', '2026-06-03 04:56:04.774576+00:00'::timestamptz, '2026-06-05 10:49:45.452381+00:00'::timestamptz, NULL),
(53, 2, 'Ray Huang', 11, 'Andy Huang', 'ray.huang.parent@example.com', '0458971565', '2026-04-21'::date, '2026-04-21'::date, NULL, false, 'No requirements', '2026-06-03 04:56:04.774576+00:00'::timestamptz, '2026-06-05 10:49:45.452381+00:00'::timestamptz, NULL),
(54, 2, 'Hao Hu', 11, 'Hong Hu', 'hao.hu.parent@example.com', '0458971565', '2026-04-21'::date, '2026-04-21'::date, NULL, false, 'No requirements', '2026-06-03 04:56:04.774576+00:00'::timestamptz, '2026-06-05 10:49:45.452381+00:00'::timestamptz, NULL),
(55, 2, 'Daniel Brown', 11, 'Levi Brown', 'daniel.brown.parent@example.com', '0458971565', '2026-04-21'::date, '2026-04-21'::date, NULL, false, 'No requirements', '2026-06-03 04:56:04.774576+00:00'::timestamptz, '2026-06-05 10:49:45.452381+00:00'::timestamptz, NULL),
(56, 2, 'William Collins', 9, 'Hannah Collins', 'william.collins.parent@example.com', '0458971565', '2026-04-21'::date, '2026-04-21'::date, NULL, false, 'Halal', '2026-06-03 04:56:04.774576+00:00'::timestamptz, '2026-06-05 10:49:45.452381+00:00'::timestamptz, NULL),
(57, 2, 'Henry Robinson', 9, 'Hayden Robinson', 'henry.robinson.parent@example.com', '0458971565', '2026-04-21'::date, '2026-04-21'::date, NULL, false, 'No Beef', '2026-06-03 04:56:04.774576+00:00'::timestamptz, '2026-06-05 10:49:45.452381+00:00'::timestamptz, NULL),
(58, 2, 'Aarav Singh', 9, 'Aniket Singh', 'aarav.singh.parent@example.com', '0458971565', '2026-04-21'::date, '2026-04-21'::date, NULL, false, 'No Beef, No Pork', '2026-06-03 04:56:04.774576+00:00'::timestamptz, '2026-06-05 10:49:45.452381+00:00'::timestamptz, NULL),
(59, 2, 'James Carter', 9, 'Annabelle Carter', 'james.carter.parent@example.com', '0458971565', '2026-04-21'::date, '2026-04-21'::date, NULL, false, 'No requirements', '2026-06-03 04:56:04.774576+00:00'::timestamptz, '2026-06-05 10:49:45.452381+00:00'::timestamptz, NULL),
(60, 2, 'Aria Morris', 9, 'Mia Morris', 'aria.morris.parent@example.com', '0458971565', '2026-04-21'::date, '2026-04-21'::date, NULL, false, 'No requirements', '2026-06-03 04:56:04.774576+00:00'::timestamptz, '2026-06-05 10:49:45.452381+00:00'::timestamptz, NULL),
(61, 2, 'James Parker', 11, 'Aria Parker', 'james.parker.parent@example.com', '0458971565', '2026-04-21'::date, '2026-04-21'::date, NULL, false, 'No requirements', '2026-06-03 04:56:04.774576+00:00'::timestamptz, '2026-06-05 10:49:45.452381+00:00'::timestamptz, NULL),
(62, 2, 'Vivian Ma', 11, 'Li Ma', 'vivian.ma.parent@example.com', '0458971565', '2026-04-21'::date, '2026-04-21'::date, NULL, false, 'No requirements', '2026-06-03 04:56:04.774576+00:00'::timestamptz, '2026-06-05 10:49:45.452381+00:00'::timestamptz, NULL),
(63, 2, 'Aanya Desai', 11, 'Rahul Desai', 'aanya.desai.parent@example.com', '0458971565', '2026-04-21'::date, '2026-04-21'::date, NULL, false, 'Vegetarian', '2026-06-03 04:56:04.774576+00:00'::timestamptz, '2026-06-05 10:49:45.452381+00:00'::timestamptz, NULL),
(64, 2, 'Jian Wei', 10, 'Long Wei', 'jian.wei.parent@example.com', '0458971565', '2026-04-21'::date, '2026-04-21'::date, NULL, false, 'No requirements', '2026-06-03 04:56:04.774576+00:00'::timestamptz, '2026-06-05 10:49:45.452381+00:00'::timestamptz, NULL),
(65, 2, 'Hui Xu', 10, 'Chen Xu', 'hui.xu.parent@example.com', '0458971565', '2026-04-21'::date, '2026-04-21'::date, NULL, false, 'No requirements', '2026-06-03 04:56:04.774576+00:00'::timestamptz, '2026-06-05 10:49:45.452381+00:00'::timestamptz, NULL),
(66, 2, 'Madison Johnson', 12, 'Olivia Johnson', 'madison.johnson.parent@example.com', '0458971565', '2026-04-21'::date, '2026-04-21'::date, NULL, false, 'Halal', '2026-06-03 04:56:04.774576+00:00'::timestamptz, '2026-06-05 10:49:45.452381+00:00'::timestamptz, NULL),
(67, 2, 'Audrey Adams', 12, 'Thomas Adams', 'audrey.adams.parent@example.com', '0458971565', '2026-04-21'::date, '2026-04-21'::date, NULL, false, 'Halal', '2026-06-03 04:56:04.774576+00:00'::timestamptz, '2026-06-05 10:49:45.452381+00:00'::timestamptz, NULL),
(68, 2, 'Penelope Nelson', 12, 'Patrick Nelson', 'penelope.nelson.parent@example.com', '0458971565', '2026-04-21'::date, '2026-04-21'::date, NULL, false, 'No requirements', '2026-06-03 04:56:04.774576+00:00'::timestamptz, '2026-06-05 10:49:45.452381+00:00'::timestamptz, NULL),
(69, 2, 'Ryan Nelson', 12, 'Holly Nelson', 'ryan.nelson.parent@example.com', '0458971565', '2026-04-21'::date, '2026-04-21'::date, NULL, true, 'Opted out of Catering', '2026-06-03 04:56:04.774576+00:00'::timestamptz, '2026-06-05 10:49:45.452381+00:00'::timestamptz, NULL),
(70, 2, 'Archie Martin', 12, 'Levi Martin', 'archie.martin.parent@example.com', '0458971565', '2026-04-21'::date, '2026-04-21'::date, NULL, false, 'No requirements', '2026-06-03 04:56:04.774576+00:00'::timestamptz, '2026-06-05 10:49:45.452381+00:00'::timestamptz, NULL),
(71, 2, 'Eleanor Anderson', 10, 'William Anderson', 'eleanor.anderson.parent@example.com', '0458971565', '2026-04-21'::date, '2026-04-21'::date, NULL, false, 'No requirements', '2026-06-03 04:56:04.774576+00:00'::timestamptz, '2026-06-05 10:49:45.452381+00:00'::timestamptz, NULL),
(72, 2, 'Connor Johnson', 10, 'Evie Johnson', 'connor.johnson.parent@example.com', '0458971565', '2026-04-21'::date, '2026-04-21'::date, NULL, false, 'No requirements', '2026-06-03 04:56:04.774576+00:00'::timestamptz, '2026-06-05 10:49:45.452381+00:00'::timestamptz, NULL),
(73, 2, 'Vivian Deng', 10, 'Tiffany Deng', 'vivian.deng.parent@example.com', '0458971565', '2026-04-21'::date, '2026-04-21'::date, NULL, false, 'No requirements', '2026-06-03 04:56:04.774576+00:00'::timestamptz, '2026-06-05 10:49:45.452381+00:00'::timestamptz, NULL),
(74, 2, 'Hannah White', 10, 'Tahlia White', 'hannah.white.parent@example.com', '0458971565', '2026-04-21'::date, '2026-04-21'::date, NULL, false, 'No requirements', '2026-06-03 04:56:04.774576+00:00'::timestamptz, '2026-06-05 10:49:45.452381+00:00'::timestamptz, NULL),
(75, 2, 'Liam Thompson', 10, 'Toby Thompson', 'liam.thompson.parent@example.com', '0458971565', '2026-04-21'::date, '2026-04-21'::date, NULL, false, 'No requirements', '2026-06-03 04:56:04.774576+00:00'::timestamptz, '2026-06-05 10:49:45.452381+00:00'::timestamptz, NULL),
(76, 2, 'Joyce Zhu', 10, 'Li Zhu', 'joyce.zhu.parent@example.com', '0458971565', '2026-04-21'::date, '2026-04-21'::date, NULL, false, 'No requirements', '2026-06-03 04:56:04.774576+00:00'::timestamptz, '2026-06-05 10:49:45.452381+00:00'::timestamptz, NULL),
(77, 2, 'Edward Cook', 12, 'Joshua Cook', 'edward.cook.parent@example.com', '0458971565', '2026-04-21'::date, '2026-04-21'::date, NULL, false, 'Vegetarian', '2026-06-03 04:56:04.774576+00:00'::timestamptz, '2026-06-05 10:49:45.452381+00:00'::timestamptz, NULL),
(78, 2, 'Rose White', 12, 'Sophia White', 'rose.white.parent@example.com', '0458971565', '2026-04-21'::date, '2026-04-21'::date, NULL, false, 'No requirements', '2026-06-03 04:56:04.774576+00:00'::timestamptz, '2026-06-05 10:49:45.452381+00:00'::timestamptz, NULL),
(79, 2, 'Evie Carter', 12, 'Pippa Carter', 'evie.carter.parent@example.com', '0458971565', '2026-04-21'::date, '2026-04-21'::date, NULL, false, 'No requirements', '2026-06-03 04:56:04.774576+00:00'::timestamptz, '2026-06-05 10:49:45.452381+00:00'::timestamptz, NULL),
(80, 2, 'Grace Murphy', 12, 'Sienna Murphy', 'grace.murphy.parent@example.com', '0458971565', '2026-04-21'::date, '2026-04-21'::date, NULL, false, 'No requirements', '2026-06-03 04:56:04.774576+00:00'::timestamptz, '2026-06-05 10:49:45.452381+00:00'::timestamptz, NULL),
(81, 2, 'Ethan Walker', 12, 'Harper Walker', 'ethan.walker.parent@example.com', '0458971565', '2026-04-21'::date, '2026-04-21'::date, NULL, false, 'Halal', '2026-06-03 04:56:04.774576+00:00'::timestamptz, '2026-06-05 10:49:45.452381+00:00'::timestamptz, NULL),
(82, 3, 'Willow Murphy', 9, 'Thomas Murphy', 'willow.murphy.parent@example.com', '0458971565', '2026-04-21'::date, '2026-04-21'::date, NULL, false, 'No requirements', '2026-06-03 04:56:04.774576+00:00'::timestamptz, '2026-06-05 10:49:45.452381+00:00'::timestamptz, 'padea.demo@outlook.com'),
(83, 3, 'Aisha Ibrahim', 9, 'Amir Ibrahim', 'aisha.ibrahim.parent@example.com', '0458971565', '2026-04-21'::date, '2026-04-21'::date, NULL, false, 'Halal', '2026-06-03 04:56:04.774576+00:00'::timestamptz, '2026-06-05 10:49:45.452381+00:00'::timestamptz, NULL),
(84, 3, 'Georgia Evans', 12, 'Ava Evans', 'georgia.evans.parent@example.com', '0458971565', '2026-04-21'::date, '2026-04-21'::date, NULL, false, 'Nut Free', '2026-06-03 04:56:04.774576+00:00'::timestamptz, '2026-06-05 10:49:45.452381+00:00'::timestamptz, NULL),
(85, 3, 'Ella Nelson', 12, 'William Nelson', 'ella.nelson.parent@example.com', '0458971565', '2026-04-21'::date, '2026-04-21'::date, NULL, false, 'No requirements', '2026-06-03 04:56:04.774576+00:00'::timestamptz, '2026-06-05 10:49:45.452381+00:00'::timestamptz, NULL),
(86, 3, 'Georgia Adams', 11, 'Hudson Adams', 'georgia.adams.parent@example.com', '0458971565', '2026-04-21'::date, '2026-04-21'::date, NULL, false, 'Halal', '2026-06-03 04:56:04.774576+00:00'::timestamptz, '2026-06-05 10:49:45.452381+00:00'::timestamptz, NULL),
(87, 3, 'Chloe Robinson', 11, 'Leo Robinson', 'chloe.robinson.parent@example.com', '0458971565', '2026-04-21'::date, '2026-04-21'::date, NULL, false, 'Halal', '2026-06-03 04:56:04.774576+00:00'::timestamptz, '2026-06-05 10:49:45.452381+00:00'::timestamptz, NULL),
(88, 3, 'Eliza Scott', 10, 'Tristan Scott', 'eliza.scott.parent@example.com', '0458971565', '2026-04-21'::date, '2026-04-21'::date, NULL, false, 'No requirements', '2026-06-03 04:56:04.774576+00:00'::timestamptz, '2026-06-05 10:49:45.452381+00:00'::timestamptz, NULL),
(89, 3, 'Rose Smith', 10, 'Daniel Smith', 'rose.smith.parent@example.com', '0458971565', '2026-04-21'::date, '2026-04-21'::date, NULL, false, 'No Beef', '2026-06-03 04:56:04.774576+00:00'::timestamptz, '2026-06-05 10:49:45.452381+00:00'::timestamptz, NULL),
(90, 4, 'James Johnson', 11, 'Edward Johnson', 'james.johnson.parent@example.com', '0458971565', '2026-04-21'::date, '2026-04-21'::date, NULL, false, 'No requirements', '2026-06-03 04:56:04.774576+00:00'::timestamptz, '2026-06-05 10:49:45.452381+00:00'::timestamptz, 'padea.demo@outlook.com'),
(91, 4, 'Sophie Harris', 12, 'Tristan Harris', 'sophie.harris.parent@example.com', '0458971565', '2026-04-21'::date, '2026-04-21'::date, NULL, false, 'Vegetarian', '2026-06-03 04:56:04.774576+00:00'::timestamptz, '2026-06-05 10:49:45.452381+00:00'::timestamptz, NULL),
(92, 4, 'Harper Harris', 12, 'Holly Harris', 'harper.harris.parent@example.com', '0458971565', '2026-04-21'::date, '2026-04-21'::date, NULL, false, 'No requirements', '2026-06-03 04:56:04.774576+00:00'::timestamptz, '2026-06-05 10:49:45.452381+00:00'::timestamptz, 'padea.demo@outlook.com'),
(93, 4, 'Grace Thompson', 12, 'Benjamin Thompson', 'grace.thompson.parent@example.com', '0458971565', '2026-04-21'::date, '2026-04-21'::date, NULL, false, 'No requirements', '2026-06-03 04:56:04.774576+00:00'::timestamptz, '2026-06-05 10:49:45.452381+00:00'::timestamptz, NULL),
(94, 4, 'Sara Abdallah', 10, 'Samir Abdallah', 'sara.abdallah.parent@example.com', '0458971565', '2026-04-21'::date, '2026-04-21'::date, NULL, false, 'Halal', '2026-06-03 04:56:04.774576+00:00'::timestamptz, '2026-06-05 10:49:45.452381+00:00'::timestamptz, NULL),
(95, 4, 'Reyansh Chopra', 10, 'Diya Chopra', 'reyansh.chopra.parent@example.com', '0458971565', '2026-04-21'::date, '2026-04-21'::date, NULL, false, 'No Beef', '2026-06-03 04:56:04.774576+00:00'::timestamptz, '2026-06-05 10:49:45.452381+00:00'::timestamptz, NULL),
(96, 4, 'Thomas Williams', 9, 'Frankie Williams', 'thomas.williams.parent@example.com', '0458971565', '2026-04-21'::date, '2026-04-21'::date, NULL, false, 'No requirements', '2026-06-03 04:56:04.774576+00:00'::timestamptz, '2026-06-05 10:49:45.452381+00:00'::timestamptz, NULL),
(97, 4, 'Tristan Collins', 9, 'Matilda Collins', 'tristan.collins.parent@example.com', '0458971565', '2026-04-21'::date, '2026-04-21'::date, NULL, false, 'No requirements', '2026-06-03 04:56:04.774576+00:00'::timestamptz, '2026-06-05 10:49:45.452381+00:00'::timestamptz, NULL),
(98, 4, 'Joshua Harris', 9, 'Chloe Harris', 'joshua.harris.parent@example.com', '0458971565', '2026-04-21'::date, '2026-04-21'::date, NULL, false, 'No requirements', '2026-06-03 04:56:04.774576+00:00'::timestamptz, '2026-06-05 10:49:45.452381+00:00'::timestamptz, NULL),
(99, 4, 'Zoe Jones', 9, 'Harvey Jones', 'zoe.jones.parent@example.com', '0458971565', '2026-04-21'::date, '2026-04-21'::date, NULL, false, 'No requirements', '2026-06-03 04:56:04.774576+00:00'::timestamptz, '2026-06-05 10:49:45.452381+00:00'::timestamptz, NULL),
(100, 4, 'Sebastian Hall', 11, 'Thomas Hall', 'sebastian.hall.parent@example.com', '0458971565', '2026-04-21'::date, '2026-04-21'::date, NULL, false, 'No requirements', '2026-06-03 04:56:04.774576+00:00'::timestamptz, '2026-06-05 10:49:45.452381+00:00'::timestamptz, NULL);
INSERT INTO enrolments (id, school_id, student_name, student_year_level, parent_name, parent_email, parent_phone, original_start_date, current_period_start_date, current_period_end_date, opted_out_of_catering, dietary_raw, created_at, updated_at, student_email) VALUES
(101, 4, 'Nathan Martin', 11, 'Leo Martin', 'nathan.martin.parent@example.com', '0458971565', '2026-04-21'::date, '2026-04-21'::date, NULL, false, 'Gluten Free, Dairy Free', '2026-06-03 04:56:04.774576+00:00'::timestamptz, '2026-06-05 10:49:45.452381+00:00'::timestamptz, NULL),
(102, 4, 'Aria Lewis', 12, 'Sophie Lewis', 'aria.lewis.parent@example.com', '0458971565', '2026-04-21'::date, '2026-04-21'::date, NULL, false, 'No requirements', '2026-06-03 04:56:04.774576+00:00'::timestamptz, '2026-06-05 10:49:45.452381+00:00'::timestamptz, NULL),
(103, 4, 'Levi Jones', 10, 'Levi Jones', 'levi.jones.parent@example.com', '0458971565', '2026-04-21'::date, '2026-04-21'::date, NULL, false, 'No requirements', '2026-06-03 04:56:04.774576+00:00'::timestamptz, '2026-06-05 10:49:45.452381+00:00'::timestamptz, NULL),
(104, 4, 'Kevin Ma', 10, 'Zhi Ma', 'kevin.ma.parent@example.com', '0458971565', '2026-04-21'::date, '2026-04-21'::date, NULL, false, 'No requirements', '2026-06-03 04:56:04.774576+00:00'::timestamptz, '2026-06-05 10:49:45.452381+00:00'::timestamptz, NULL),
(105, 4, 'Nancy Lu', 10, 'Kevin Lu', 'nancy.lu.parent@example.com', '0458971565', '2026-04-21'::date, '2026-04-21'::date, NULL, false, 'No requirements', '2026-06-03 04:56:04.774576+00:00'::timestamptz, '2026-06-05 10:49:45.452381+00:00'::timestamptz, NULL),
(106, 4, 'Ruby Anderson', 9, 'Blake Anderson', 'ruby.anderson.parent@example.com', '0458971565', '2026-04-21'::date, '2026-04-21'::date, NULL, false, 'No requirements', '2026-06-03 04:56:04.774576+00:00'::timestamptz, '2026-06-05 10:49:45.452381+00:00'::timestamptz, NULL),
(107, 4, 'Nancy Feng', 9, 'Na Feng', 'nancy.feng.parent@example.com', '0458971565', '2026-04-21'::date, '2026-04-21'::date, NULL, false, 'No requirements', '2026-06-03 04:56:04.774576+00:00'::timestamptz, '2026-06-05 10:49:45.452381+00:00'::timestamptz, NULL),
(108, 4, 'Madison Phillips', 9, 'Daniel Phillips', 'madison.phillips.parent@example.com', '0458971565', '2026-04-21'::date, '2026-04-21'::date, NULL, false, 'No requirements', '2026-06-03 04:56:04.774576+00:00'::timestamptz, '2026-06-05 10:49:45.452381+00:00'::timestamptz, NULL),
(109, 4, 'Sophia Cook', 9, 'Emily Cook', 'sophia.cook.parent@example.com', '0458971565', '2026-04-21'::date, '2026-04-21'::date, NULL, false, 'No requirements', '2026-06-03 04:56:04.774576+00:00'::timestamptz, '2026-06-05 10:49:45.452381+00:00'::timestamptz, NULL),
(110, 4, 'Sienna Nelson', 9, 'Hannah Nelson', 'sienna.nelson.parent@example.com', '0458971565', '2026-04-21'::date, '2026-04-21'::date, NULL, false, 'No requirements', '2026-06-03 04:56:04.774576+00:00'::timestamptz, '2026-06-05 10:49:45.452381+00:00'::timestamptz, NULL),
(111, 4, 'Charlie Turner', 9, 'Scarlett Turner', 'charlie.turner.parent@example.com', '0458971565', '2026-04-21'::date, '2026-04-21'::date, NULL, false, 'No requirements', '2026-06-03 04:56:04.774576+00:00'::timestamptz, '2026-06-05 10:49:45.452381+00:00'::timestamptz, NULL),
(112, 4, 'Harper Scott', 9, 'Zachary Scott', 'harper.scott.parent@example.com', '0458971565', '2026-04-21'::date, '2026-04-21'::date, NULL, false, 'No requirements', '2026-06-03 04:56:04.774576+00:00'::timestamptz, '2026-06-05 10:49:45.452381+00:00'::timestamptz, NULL),
(113, 4, 'Harper Baker', 11, 'William Baker', 'harper.baker.parent@example.com', '0458971565', '2026-04-21'::date, '2026-04-21'::date, NULL, false, 'No requirements', '2026-06-03 04:56:04.774576+00:00'::timestamptz, '2026-06-05 10:49:45.452381+00:00'::timestamptz, NULL),
(114, 4, 'Leo Stewart', 11, 'Eleanor Stewart', 'leo.stewart.parent@example.com', '0458971565', '2026-04-21'::date, '2026-04-21'::date, NULL, false, 'No Beef', '2026-06-03 04:56:04.774576+00:00'::timestamptz, '2026-06-05 10:49:45.452381+00:00'::timestamptz, NULL),
(115, 4, 'Tristan Scott', 12, 'Archie Scott', 'tristan.scott.parent@example.com', '0458971565', '2026-04-21'::date, '2026-04-21'::date, NULL, false, 'Halal', '2026-06-03 04:56:04.774576+00:00'::timestamptz, '2026-06-05 10:49:45.452381+00:00'::timestamptz, NULL),
(116, 4, 'Henry Do', 9, 'Linh Do', 'henry.do.parent@example.com', '0458971565', '2026-04-21'::date, '2026-04-21'::date, NULL, false, 'No requirements', '2026-06-03 04:56:04.774576+00:00'::timestamptz, '2026-06-05 10:49:45.452381+00:00'::timestamptz, NULL),
(117, 4, 'Phoebe Harris', 9, 'Hudson Harris', 'phoebe.harris.parent@example.com', '0458971565', '2026-04-21'::date, '2026-04-21'::date, NULL, false, 'No requirements', '2026-06-03 04:56:04.774576+00:00'::timestamptz, '2026-06-05 10:49:45.452381+00:00'::timestamptz, NULL),
(118, 4, 'Min He', 9, 'Lei He', 'min.he.parent@example.com', '0458971565', '2026-04-21'::date, '2026-04-21'::date, NULL, false, 'No requirements', '2026-06-03 04:56:04.774576+00:00'::timestamptz, '2026-06-05 10:49:45.452381+00:00'::timestamptz, NULL),
(119, 4, 'Mia Campbell', 9, 'Alexander Campbell', 'mia.campbell.parent@example.com', '0458971565', '2026-04-21'::date, '2026-04-21'::date, NULL, false, 'No requirements', '2026-06-03 04:56:04.774576+00:00'::timestamptz, '2026-06-05 10:49:45.452381+00:00'::timestamptz, NULL),
(120, 4, 'Xiu He', 9, 'Xin He', 'xiu.he.parent@example.com', '0458971565', '2026-04-21'::date, '2026-04-21'::date, NULL, false, 'No requirements', '2026-06-03 04:56:04.774576+00:00'::timestamptz, '2026-06-05 10:49:45.452381+00:00'::timestamptz, NULL),
(121, 4, 'Noah Clark', 10, 'Isla Clark', 'noah.clark.parent@example.com', '0458971565', '2026-04-21'::date, '2026-04-21'::date, NULL, false, 'No requirements', '2026-06-03 04:56:04.774576+00:00'::timestamptz, '2026-06-05 10:49:45.452381+00:00'::timestamptz, NULL),
(122, 4, 'Olivia Mitchell', 10, 'Alexander Mitchell', 'olivia.mitchell.parent@example.com', '0458971565', '2026-04-21'::date, '2026-04-21'::date, NULL, false, 'No requirements', '2026-06-03 04:56:04.774576+00:00'::timestamptz, '2026-06-05 10:49:45.452381+00:00'::timestamptz, NULL),
(123, 4, 'Evie Edwards', 10, 'Madison Edwards', 'evie.edwards.parent@example.com', '0458971565', '2026-04-21'::date, '2026-04-21'::date, NULL, false, 'No requirements', '2026-06-03 04:56:04.774576+00:00'::timestamptz, '2026-06-05 10:49:45.452381+00:00'::timestamptz, NULL),
(124, 4, 'William Mitchell', 10, 'Archie Mitchell', 'william.mitchell.parent@example.com', '0458971565', '2026-04-21'::date, '2026-04-21'::date, NULL, false, 'No requirements', '2026-06-03 04:56:04.774576+00:00'::timestamptz, '2026-06-05 10:49:45.452381+00:00'::timestamptz, NULL),
(125, 4, 'Lucas Murphy', 10, 'Frankie Murphy', 'lucas.murphy.parent@example.com', '0458971565', '2026-04-21'::date, '2026-04-21'::date, NULL, false, 'No requirements', '2026-06-03 04:56:04.774576+00:00'::timestamptz, '2026-06-05 10:49:45.452381+00:00'::timestamptz, NULL),
(126, 4, 'Pooja Reddy', 11, 'Asha Reddy', 'pooja.reddy.parent@example.com', '0458971565', '2026-04-21'::date, '2026-04-21'::date, NULL, false, 'No requirements', '2026-06-03 04:56:04.774576+00:00'::timestamptz, '2026-06-05 10:49:45.452381+00:00'::timestamptz, NULL),
(127, 4, 'Sophie Turner', 11, 'Mia Turner', 'sophie.turner.parent@example.com', '0458971565', '2026-04-21'::date, '2026-04-21'::date, NULL, false, 'No requirements', '2026-06-03 04:56:04.774576+00:00'::timestamptz, '2026-06-05 10:49:45.452381+00:00'::timestamptz, NULL),
(128, 4, 'Holly Anderson', 11, 'Joshua Anderson', 'holly.anderson.parent@example.com', '0458971565', '2026-04-21'::date, '2026-04-21'::date, NULL, false, 'No requirements', '2026-06-03 04:56:04.774576+00:00'::timestamptz, '2026-06-05 10:49:45.452381+00:00'::timestamptz, NULL),
(129, 4, 'Amelia Williams', 11, 'Mia Williams', 'amelia.williams.parent@example.com', '0458971565', '2026-04-21'::date, '2026-04-21'::date, NULL, false, 'No Beef', '2026-06-03 04:56:04.774576+00:00'::timestamptz, '2026-06-05 10:49:45.452381+00:00'::timestamptz, NULL),
(130, 4, 'Charlie Morris', 12, 'Matilda Morris', 'charlie.morris.parent@example.com', '0458971565', '2026-04-21'::date, '2026-04-21'::date, NULL, false, 'No requirements', '2026-06-03 04:56:04.774576+00:00'::timestamptz, '2026-06-05 10:49:45.452381+00:00'::timestamptz, NULL),
(131, 4, 'Sophie Martin', 12, 'Samuel Martin', 'sophie.martin.parent@example.com', '0458971565', '2026-04-21'::date, '2026-04-21'::date, NULL, false, 'No requirements', '2026-06-03 04:56:04.774576+00:00'::timestamptz, '2026-06-05 10:49:45.452381+00:00'::timestamptz, NULL),
(132, 4, 'James Anderson', 12, 'Connor Anderson', 'james.anderson.parent@example.com', '0458971565', '2026-04-21'::date, '2026-04-21'::date, NULL, false, 'No requirements', '2026-06-03 04:56:04.774576+00:00'::timestamptz, '2026-06-05 10:49:45.452381+00:00'::timestamptz, NULL),
(133, 4, 'Hazel King', 12, 'Hannah King', 'hazel.king.parent@example.com', '0458971565', '2026-04-21'::date, '2026-04-21'::date, NULL, false, 'No requirements', '2026-06-03 04:56:04.774576+00:00'::timestamptz, '2026-06-05 10:49:45.452381+00:00'::timestamptz, NULL),
(134, 4, 'Riley Clark', 12, 'Penelope Clark', 'riley.clark.parent@example.com', '0458971565', '2026-04-21'::date, '2026-04-21'::date, NULL, false, 'No requirements', '2026-06-03 04:56:04.774576+00:00'::timestamptz, '2026-06-05 10:49:45.452381+00:00'::timestamptz, NULL),
(135, 4, 'Levi Scott', 11, 'Hazel Scott', 'levi.scott.parent@example.com', '0458971565', '2026-04-21'::date, '2026-04-21'::date, NULL, false, 'No requirements', '2026-06-03 04:56:04.774576+00:00'::timestamptz, '2026-06-05 10:49:45.452381+00:00'::timestamptz, NULL),
(136, 4, 'James Murphy', 11, 'Sophie Murphy', 'james.murphy.parent@example.com', '0458971565', '2026-04-21'::date, '2026-04-21'::date, NULL, false, 'Gluten Free, Dairy Free', '2026-06-03 04:56:04.774576+00:00'::timestamptz, '2026-06-05 10:49:45.452381+00:00'::timestamptz, NULL),
(137, 4, 'Alexander Johnson', 11, 'Alexander Johnson', 'alexander.johnson.parent@example.com', '0458971565', '2026-04-21'::date, '2026-04-21'::date, NULL, false, 'No requirements', '2026-06-03 04:56:04.774576+00:00'::timestamptz, '2026-06-05 10:49:45.452381+00:00'::timestamptz, NULL),
(138, 4, 'Jack Carter', 11, 'Eleanor Carter', 'jack.carter.parent@example.com', '0458971565', '2026-04-21'::date, '2026-04-21'::date, NULL, false, 'No requirements', '2026-06-03 04:56:04.774576+00:00'::timestamptz, '2026-06-05 10:49:45.452381+00:00'::timestamptz, NULL),
(139, 4, 'Hayden King', 11, 'Willow King', 'hayden.king.parent@example.com', '0458971565', '2026-04-21'::date, '2026-04-21'::date, NULL, false, 'No requirements', '2026-06-03 04:56:04.774576+00:00'::timestamptz, '2026-06-05 10:49:45.452381+00:00'::timestamptz, NULL),
(140, 4, 'Henry Nelson', 11, 'Connor Nelson', 'henry.nelson.parent@example.com', '0458971565', '2026-04-21'::date, '2026-04-21'::date, NULL, false, 'No requirements', '2026-06-03 04:56:04.774576+00:00'::timestamptz, '2026-06-05 10:49:45.452381+00:00'::timestamptz, NULL),
(141, 4, 'Archie Anderson', 11, 'Matilda Anderson', 'archie.anderson.parent@example.com', '0458971565', '2026-04-21'::date, '2026-04-21'::date, NULL, false, 'No requirements', '2026-06-03 04:56:04.774576+00:00'::timestamptz, '2026-06-05 10:49:45.452381+00:00'::timestamptz, NULL),
(142, 4, 'Spencer Young', 11, 'Cooper Young', 'spencer.young.parent@example.com', '0458971565', '2026-04-21'::date, '2026-04-21'::date, NULL, false, 'No requirements', '2026-06-03 04:56:04.774576+00:00'::timestamptz, '2026-06-05 10:49:45.452381+00:00'::timestamptz, NULL),
(143, 4, 'Ryan Wilson', 11, 'Daniel Wilson', 'ryan.wilson.parent@example.com', '0458971565', '2026-04-21'::date, '2026-04-21'::date, NULL, false, 'No requirements', '2026-06-03 04:56:04.774576+00:00'::timestamptz, '2026-06-05 10:49:45.452381+00:00'::timestamptz, NULL),
(144, 4, 'Ray Wu', 11, 'Brandon Wu', 'ray.wu.parent@example.com', '0458971565', '2026-04-21'::date, '2026-04-21'::date, NULL, false, 'No requirements', '2026-06-03 04:56:04.774576+00:00'::timestamptz, '2026-06-05 10:49:45.452381+00:00'::timestamptz, NULL),
(145, 4, 'Georgia King', 12, 'Indigo King', 'georgia.king.parent@example.com', '0458971565', '2026-04-21'::date, '2026-04-21'::date, NULL, false, 'No requirements', '2026-06-03 04:56:04.774576+00:00'::timestamptz, '2026-06-05 10:49:45.452381+00:00'::timestamptz, NULL),
(146, 4, 'Chloe Phillips', 12, 'Zoe Phillips', 'chloe.phillips.parent@example.com', '0458971565', '2026-04-21'::date, '2026-04-21'::date, NULL, false, 'No requirements', '2026-06-03 04:56:04.774576+00:00'::timestamptz, '2026-06-05 10:49:45.452381+00:00'::timestamptz, NULL),
(147, 4, 'Imogen Evans', 12, 'Cooper Evans', 'imogen.evans.parent@example.com', '0458971565', '2026-04-21'::date, '2026-04-21'::date, NULL, false, 'No requirements', '2026-06-03 04:56:04.774576+00:00'::timestamptz, '2026-06-05 10:49:45.452381+00:00'::timestamptz, NULL),
(148, 4, 'Toby Nelson', 12, 'Harvey Nelson', 'toby.nelson.parent@example.com', '0458971565', '2026-04-21'::date, '2026-04-21'::date, NULL, false, 'No requirements', '2026-06-03 04:56:04.774576+00:00'::timestamptz, '2026-06-05 10:49:45.452381+00:00'::timestamptz, NULL),
(149, 4, 'Leo Nelson', 12, 'Spencer Nelson', 'leo.nelson.parent@example.com', '0458971565', '2026-04-21'::date, '2026-04-21'::date, NULL, false, 'No Red Meat', '2026-06-03 04:56:04.774576+00:00'::timestamptz, '2026-06-05 10:49:45.452381+00:00'::timestamptz, NULL),
(150, 4, 'Sebastian King', 12, 'Frankie King', 'sebastian.king.parent@example.com', '0458971565', '2026-04-21'::date, '2026-04-21'::date, NULL, false, 'No requirements', '2026-06-03 04:56:04.774576+00:00'::timestamptz, '2026-06-05 10:49:45.452381+00:00'::timestamptz, NULL),
(151, 4, 'Holly Harris', 12, 'Audrey Harris', 'holly.harris.parent@example.com', '0458971565', '2026-04-21'::date, '2026-04-21'::date, NULL, false, 'No requirements', '2026-06-03 04:56:04.774576+00:00'::timestamptz, '2026-06-05 10:49:45.452381+00:00'::timestamptz, NULL),
(152, 4, 'Hudson Clark', 12, 'Lily Clark', 'hudson.clark.parent@example.com', '0458971565', '2026-04-21'::date, '2026-04-21'::date, NULL, false, 'Vegetarian', '2026-06-03 04:56:04.774576+00:00'::timestamptz, '2026-06-05 10:49:45.452381+00:00'::timestamptz, NULL),
(153, 4, 'Samuel Martin', 12, 'Rose Martin', 'samuel.martin.parent@example.com', '0458971565', '2026-04-21'::date, '2026-04-21'::date, NULL, false, 'No requirements', '2026-06-03 04:56:04.774576+00:00'::timestamptz, '2026-06-05 10:49:45.452381+00:00'::timestamptz, NULL),
(154, 4, 'Harper Hill', 12, 'Sophie Hill', 'harper.hill.parent@example.com', '0458971565', '2026-04-21'::date, '2026-04-21'::date, NULL, false, 'No requirements', '2026-06-03 04:56:04.774576+00:00'::timestamptz, '2026-06-05 10:49:45.452381+00:00'::timestamptz, NULL),
(155, 4, 'Charlie Mitchell', 12, 'Jack Mitchell', 'charlie.mitchell.parent@example.com', '0458971565', '2026-04-21'::date, '2026-04-21'::date, NULL, false, 'No requirements', '2026-06-03 04:56:04.774576+00:00'::timestamptz, '2026-06-05 10:49:45.452381+00:00'::timestamptz, NULL),
(156, 4, 'Imogen Nelson', 10, 'Charlotte Nelson', 'imogen.nelson.parent@example.com', '0458971565', '2026-04-21'::date, '2026-04-21'::date, NULL, false, 'No requirements', '2026-06-03 04:56:04.774576+00:00'::timestamptz, '2026-06-05 10:49:45.452381+00:00'::timestamptz, NULL),
(157, 4, 'Evie Lewis', 10, 'Spencer Lewis', 'evie.lewis.parent@example.com', '0458971565', '2026-04-21'::date, '2026-04-21'::date, NULL, false, 'No requirements', '2026-06-03 04:56:04.774576+00:00'::timestamptz, '2026-06-05 10:49:45.452381+00:00'::timestamptz, NULL),
(158, 4, 'Evie Wright', 10, 'Harper Wright', 'evie.wright.parent@example.com', '0458971565', '2026-04-21'::date, '2026-04-21'::date, NULL, false, 'No requirements', '2026-06-03 04:56:04.774576+00:00'::timestamptz, '2026-06-05 10:49:45.452381+00:00'::timestamptz, NULL),
(159, 4, 'Matthew Walker', 10, 'Ella Walker', 'matthew.walker.parent@example.com', '0458971565', '2026-04-21'::date, '2026-04-21'::date, NULL, false, 'No requirements', '2026-06-03 04:56:04.774576+00:00'::timestamptz, '2026-06-05 10:49:45.452381+00:00'::timestamptz, NULL),
(160, 4, 'Ava Wilson', 10, 'Ava Wilson', 'ava.wilson.parent@example.com', '0458971565', '2026-04-21'::date, '2026-04-21'::date, NULL, false, 'No requirements', '2026-06-03 04:56:04.774576+00:00'::timestamptz, '2026-06-05 10:49:45.452381+00:00'::timestamptz, NULL),
(161, 4, 'Matilda Thompson', 10, 'Eleanor Thompson', 'matilda.thompson.parent@example.com', '0458971565', '2026-04-21'::date, '2026-04-21'::date, NULL, false, 'No requirements', '2026-06-03 04:56:04.774576+00:00'::timestamptz, '2026-06-05 10:49:45.452381+00:00'::timestamptz, NULL),
(162, 4, 'Joshua Jones', 10, 'Riley Jones', 'joshua.jones.parent@example.com', '0458971565', '2026-04-21'::date, '2026-04-21'::date, NULL, false, 'No requirements', '2026-06-03 04:56:04.774576+00:00'::timestamptz, '2026-06-05 10:49:45.452381+00:00'::timestamptz, NULL),
(163, 4, 'Kai Wang', 9, 'Kai Wang', 'kai.wang.parent@example.com', '0458971565', '2026-04-21'::date, '2026-04-21'::date, NULL, false, 'No Seafood', '2026-06-03 04:56:04.774576+00:00'::timestamptz, '2026-06-05 10:49:45.452381+00:00'::timestamptz, NULL),
(164, 4, 'Hudson Williams', 9, 'Penelope Williams', 'hudson.williams.parent@example.com', '0458971565', '2026-04-21'::date, '2026-04-21'::date, NULL, false, 'No requirements', '2026-06-03 04:56:04.774576+00:00'::timestamptz, '2026-06-05 10:49:45.452381+00:00'::timestamptz, NULL),
(165, 4, 'Benjamin Wilson', 12, 'William Wilson', 'benjamin.wilson.parent@example.com', '0458971565', '2026-04-21'::date, '2026-04-21'::date, NULL, false, 'No requirements', '2026-06-03 04:56:04.774576+00:00'::timestamptz, '2026-06-05 10:49:45.452381+00:00'::timestamptz, NULL),
(166, 4, 'Riley Turner', 12, 'Willow Turner', 'riley.turner.parent@example.com', '0458971565', '2026-04-21'::date, '2026-04-21'::date, NULL, false, 'No requirements', '2026-06-03 04:56:04.774576+00:00'::timestamptz, '2026-06-05 10:49:45.452381+00:00'::timestamptz, NULL),
(167, 4, 'Lei Li', 12, 'Kai Li', 'lei.li.parent@example.com', '0458971565', '2026-04-21'::date, '2026-04-21'::date, NULL, true, 'Nut Free, No Shellfish, Opted out of Catering', '2026-06-03 04:56:04.774576+00:00'::timestamptz, '2026-06-05 10:49:45.452381+00:00'::timestamptz, NULL),
(168, 4, 'Bailey Roberts', 12, 'Liam Roberts', 'bailey.roberts.parent@example.com', '0458971565', '2026-04-21'::date, '2026-04-21'::date, NULL, false, 'No requirements', '2026-06-03 04:56:04.774576+00:00'::timestamptz, '2026-06-05 10:49:45.452381+00:00'::timestamptz, NULL),
(169, 4, 'Sophia Turner', 12, 'Ella Turner', 'sophia.turner.parent@example.com', '0458971565', '2026-04-21'::date, '2026-04-21'::date, NULL, false, 'No requirements', '2026-06-03 04:56:04.774576+00:00'::timestamptz, '2026-06-05 10:49:45.452381+00:00'::timestamptz, NULL),
(170, 4, 'Spencer Wilson', 12, 'Amelia Wilson', 'spencer.wilson.parent@example.com', '0458971565', '2026-04-21'::date, '2026-04-21'::date, NULL, false, 'No requirements', '2026-06-03 04:56:04.774576+00:00'::timestamptz, '2026-06-05 10:49:45.452381+00:00'::timestamptz, NULL),
(171, 4, 'Eliza Wilson', 10, 'Imogen Wilson', 'eliza.wilson.parent@example.com', '0458971565', '2026-04-21'::date, '2026-04-21'::date, NULL, false, 'No Beef', '2026-06-03 04:56:04.774576+00:00'::timestamptz, '2026-06-05 10:49:45.452381+00:00'::timestamptz, NULL),
(172, 4, 'Edward Campbell', 10, 'Archie Campbell', 'edward.campbell.parent@example.com', '0458971565', '2026-04-21'::date, '2026-04-21'::date, NULL, false, 'No requirements', '2026-06-03 04:56:04.774576+00:00'::timestamptz, '2026-06-05 10:49:45.452381+00:00'::timestamptz, NULL),
(173, 4, 'Matilda Brown', 10, 'Noah Brown', 'matilda.brown.parent@example.com', '0458971565', '2026-04-21'::date, '2026-04-21'::date, NULL, false, 'No requirements', '2026-06-03 04:56:04.774576+00:00'::timestamptz, '2026-06-05 10:49:45.452381+00:00'::timestamptz, NULL),
(174, 4, 'Madison Campbell', 10, 'Evie Campbell', 'madison.campbell.parent@example.com', '0458971565', '2026-04-21'::date, '2026-04-21'::date, NULL, false, 'No requirements', '2026-06-03 04:56:04.774576+00:00'::timestamptz, '2026-06-05 10:49:45.452381+00:00'::timestamptz, NULL),
(175, 4, 'Aria Adams', 9, 'Riley Adams', 'aria.adams.parent@example.com', '0458971565', '2026-04-21'::date, '2026-04-21'::date, NULL, false, 'Halal', '2026-06-03 04:56:04.774576+00:00'::timestamptz, '2026-06-05 10:49:45.452381+00:00'::timestamptz, NULL),
(176, 4, 'Aiden Lu', 9, 'Vivian Lu', 'aiden.lu.parent@example.com', '0458971565', '2026-04-21'::date, '2026-04-21'::date, NULL, true, 'Opted out of Catering', '2026-06-03 04:56:04.774576+00:00'::timestamptz, '2026-06-05 10:49:45.452381+00:00'::timestamptz, NULL),
(177, 4, 'Phoebe Jones', 10, 'Hazel Jones', 'phoebe.jones.parent@example.com', '0458971565', '2026-04-21'::date, '2026-04-21'::date, NULL, false, 'No requirements', '2026-06-03 04:56:04.774576+00:00'::timestamptz, '2026-06-05 10:49:45.452381+00:00'::timestamptz, NULL),
(178, 4, 'Toby Martin', 10, 'Scarlett Martin', 'toby.martin.parent@example.com', '0458971565', '2026-04-21'::date, '2026-04-21'::date, NULL, false, 'No requirements', '2026-06-03 04:56:04.774576+00:00'::timestamptz, '2026-06-05 10:49:45.452381+00:00'::timestamptz, NULL),
(179, 4, 'Noah Hall', 10, 'Charlotte Hall', 'noah.hall.parent@example.com', '0458971565', '2026-04-21'::date, '2026-04-21'::date, NULL, false, 'No requirements', '2026-06-03 04:56:04.774576+00:00'::timestamptz, '2026-06-05 10:49:45.452381+00:00'::timestamptz, NULL),
(180, 4, 'Harper Carter', 9, 'Evie Carter', 'harper.carter.parent@example.com', '0458971565', '2026-04-21'::date, '2026-04-21'::date, NULL, false, 'No requirements', '2026-06-03 04:56:04.774576+00:00'::timestamptz, '2026-06-05 10:49:45.452381+00:00'::timestamptz, NULL),
(181, 4, 'Ella Green', 11, 'Daniel Green', 'ella.green.parent@example.com', '0458971565', '2026-04-21'::date, '2026-04-21'::date, NULL, false, 'No requirements', '2026-06-03 04:56:04.774576+00:00'::timestamptz, '2026-06-05 10:49:45.452381+00:00'::timestamptz, NULL),
(182, 4, 'Thomas Hall', 11, 'Samuel Hall', 'thomas.hall.parent@example.com', '0458971565', '2026-04-21'::date, '2026-04-21'::date, NULL, false, 'No requirements', '2026-06-03 04:56:04.774576+00:00'::timestamptz, '2026-06-05 10:49:45.452381+00:00'::timestamptz, NULL),
(183, 4, 'Chloe Collins', 11, 'Eleanor Collins', 'chloe.collins.parent@example.com', '0458971565', '2026-04-21'::date, '2026-04-21'::date, NULL, true, 'Opted out of Catering', '2026-06-03 04:56:04.774576+00:00'::timestamptz, '2026-06-05 10:49:45.452381+00:00'::timestamptz, NULL),
(184, 4, 'Matilda Evans', 11, 'Willow Evans', 'matilda.evans.parent@example.com', '0458971565', '2026-04-21'::date, '2026-04-21'::date, NULL, false, 'No requirements', '2026-06-03 04:56:04.774576+00:00'::timestamptz, '2026-06-05 10:49:45.452381+00:00'::timestamptz, NULL),
(185, 4, 'Georgia Collins', 11, 'Levi Collins', 'georgia.collins.parent@example.com', '0458971565', '2026-04-21'::date, '2026-04-21'::date, NULL, false, 'Vegetarian', '2026-06-03 04:56:04.774576+00:00'::timestamptz, '2026-06-05 10:49:45.452381+00:00'::timestamptz, NULL),
(186, 4, 'Rose Walker', 11, 'Aria Walker', 'rose.walker.parent@example.com', '0458971565', '2026-04-21'::date, '2026-04-21'::date, NULL, false, 'No requirements', '2026-06-03 04:56:04.774576+00:00'::timestamptz, '2026-06-05 10:49:45.452381+00:00'::timestamptz, NULL),
(187, 4, 'Mia Cook', 12, 'Hazel Cook', 'mia.cook.parent@example.com', '0458971565', '2026-04-21'::date, '2026-04-21'::date, NULL, false, 'No requirements', '2026-06-03 04:56:04.774576+00:00'::timestamptz, '2026-06-05 10:49:45.452381+00:00'::timestamptz, NULL),
(188, 4, 'Harvey Martin', 12, 'Hannah Martin', 'harvey.martin.parent@example.com', '0458971565', '2026-04-21'::date, '2026-04-21'::date, NULL, false, 'Halal', '2026-06-03 04:56:04.774576+00:00'::timestamptz, '2026-06-05 10:49:45.452381+00:00'::timestamptz, NULL),
(189, 4, 'Zoe Johnson', 12, 'Cooper Johnson', 'zoe.johnson.parent@example.com', '0458971565', '2026-04-21'::date, '2026-04-21'::date, NULL, false, 'No requirements', '2026-06-03 04:56:04.774576+00:00'::timestamptz, '2026-06-05 10:49:45.452381+00:00'::timestamptz, NULL),
(190, 4, 'Zachary Hill', 12, 'Frankie Hill', 'zachary.hill.parent@example.com', '0458971565', '2026-04-21'::date, '2026-04-21'::date, NULL, false, 'No requirements', '2026-06-03 04:56:04.774576+00:00'::timestamptz, '2026-06-05 10:49:45.452381+00:00'::timestamptz, NULL),
(191, 4, 'Emily Walker', 10, 'Eliza Walker', 'emily.walker.parent@example.com', '0458971565', '2026-04-21'::date, '2026-04-21'::date, NULL, false, 'Nut Free', '2026-06-03 04:56:04.774576+00:00'::timestamptz, '2026-06-05 10:49:45.452381+00:00'::timestamptz, NULL),
(192, 4, 'Tahlia Collins', 12, 'Lucas Collins', 'tahlia.collins.parent@example.com', '0458971565', '2026-04-21'::date, '2026-04-21'::date, NULL, false, 'No requirements', '2026-06-03 04:56:04.774576+00:00'::timestamptz, '2026-06-05 10:49:45.452381+00:00'::timestamptz, NULL),
(193, 4, 'Mateo Lopez', 12, 'Javier Lopez', 'mateo.lopez.parent@example.com', '0458971565', '2026-04-21'::date, '2026-04-21'::date, NULL, false, 'No requirements', '2026-06-03 04:56:04.774576+00:00'::timestamptz, '2026-06-05 10:49:45.452381+00:00'::timestamptz, NULL),
(194, 4, 'Zoe Turner', 12, 'Matthew Turner', 'zoe.turner.parent@example.com', '0458971565', '2026-04-21'::date, '2026-04-21'::date, NULL, false, 'Halal', '2026-06-03 04:56:04.774576+00:00'::timestamptz, '2026-06-05 10:49:45.452381+00:00'::timestamptz, NULL),
(195, 4, 'Levi Collins', 12, 'Harper Collins', 'levi.collins.parent@example.com', '0458971565', '2026-04-21'::date, '2026-04-21'::date, NULL, false, 'No requirements', '2026-06-03 04:56:04.774576+00:00'::timestamptz, '2026-06-05 10:49:45.452381+00:00'::timestamptz, NULL),
(196, 4, 'Aarav Bhatia', 12, 'Reyansh Bhatia', 'aarav.bhatia.parent@example.com', '0458971565', '2026-04-21'::date, '2026-04-21'::date, NULL, false, 'No requirements', '2026-06-03 04:56:04.774576+00:00'::timestamptz, '2026-06-05 10:49:45.452381+00:00'::timestamptz, NULL),
(197, 4, 'Ethan Phillips', 12, 'Scarlett Phillips', 'ethan.phillips.parent@example.com', '0458971565', '2026-04-21'::date, '2026-04-21'::date, NULL, false, 'No requirements', '2026-06-03 04:56:04.774576+00:00'::timestamptz, '2026-06-05 10:49:45.452381+00:00'::timestamptz, NULL),
(198, 4, 'Karan Iyer', 12, 'Vikram Iyer', 'karan.iyer.parent@example.com', '0458971565', '2026-04-21'::date, '2026-04-21'::date, NULL, false, 'No requirements', '2026-06-03 04:56:04.774576+00:00'::timestamptz, '2026-06-05 10:49:45.452381+00:00'::timestamptz, NULL),
(199, 4, 'Mahmoud Younis', 12, 'Sara Younis', 'mahmoud.younis.parent@example.com', '0458971565', '2026-04-21'::date, '2026-04-21'::date, NULL, false, 'Halal', '2026-06-03 04:56:04.774576+00:00'::timestamptz, '2026-06-05 10:49:45.452381+00:00'::timestamptz, NULL),
(200, 4, 'Kien Pham', 12, 'Anh Pham', 'kien.pham.parent@example.com', '0458971565', '2026-04-21'::date, '2026-04-21'::date, NULL, false, 'No requirements', '2026-06-03 04:56:04.774576+00:00'::timestamptz, '2026-06-05 10:49:45.452381+00:00'::timestamptz, NULL);
INSERT INTO enrolments (id, school_id, student_name, student_year_level, parent_name, parent_email, parent_phone, original_start_date, current_period_start_date, current_period_end_date, opted_out_of_catering, dietary_raw, created_at, updated_at, student_email) VALUES
(201, 4, 'Madison Young', 10, 'Blake Young', 'madison.young.parent@example.com', '0458971565', '2026-04-21'::date, '2026-04-21'::date, NULL, false, 'No requirements', '2026-06-03 04:56:04.774576+00:00'::timestamptz, '2026-06-05 10:49:45.452381+00:00'::timestamptz, NULL),
(202, 4, 'Benjamin Scott', 10, 'Lily Scott', 'benjamin.scott.parent@example.com', '0458971565', '2026-04-21'::date, '2026-04-21'::date, NULL, false, 'Halal', '2026-06-03 04:56:04.774576+00:00'::timestamptz, '2026-06-05 10:49:45.452381+00:00'::timestamptz, NULL),
(203, 4, 'Mason Young', 10, 'Bailey Young', 'mason.young.parent@example.com', '0458971565', '2026-04-21'::date, '2026-04-21'::date, NULL, false, 'No requirements', '2026-06-03 04:56:04.774576+00:00'::timestamptz, '2026-06-05 10:49:45.452381+00:00'::timestamptz, NULL),
(204, 4, 'Georgia Campbell', 12, 'Cooper Campbell', 'georgia.campbell.parent@example.com', '0458971565', '2026-04-21'::date, '2026-04-21'::date, NULL, false, 'No requirements', '2026-06-03 04:56:04.774576+00:00'::timestamptz, '2026-06-05 10:49:45.452381+00:00'::timestamptz, NULL),
(205, 4, 'Nisha Desai', 12, 'Rishi Desai', 'nisha.desai.parent@example.com', '0458971565', '2026-04-21'::date, '2026-04-21'::date, NULL, false, 'No requirements', '2026-06-03 04:56:04.774576+00:00'::timestamptz, '2026-06-05 10:49:45.452381+00:00'::timestamptz, NULL),
(206, 4, 'Lucas Evans', 11, 'Samuel Evans', 'lucas.evans.parent@example.com', '0458971565', '2026-04-21'::date, '2026-04-21'::date, NULL, false, 'No Pork', '2026-06-03 04:56:04.774576+00:00'::timestamptz, '2026-06-05 10:49:45.452381+00:00'::timestamptz, NULL),
(207, 4, 'William Williams', 11, 'Matilda Williams', 'william.williams.parent@example.com', '0458971565', '2026-04-21'::date, '2026-04-21'::date, NULL, false, 'No requirements', '2026-06-03 04:56:04.774576+00:00'::timestamptz, '2026-06-05 10:49:45.452381+00:00'::timestamptz, NULL),
(208, 4, 'Tristan Nelson', 11, 'Isabella Nelson', 'tristan.nelson.parent@example.com', '0458971565', '2026-04-21'::date, '2026-04-21'::date, NULL, false, 'No requirements', '2026-06-03 04:56:04.774576+00:00'::timestamptz, '2026-06-05 10:49:45.452381+00:00'::timestamptz, NULL),
(209, 4, 'Annabelle Harris', 11, 'Isabella Harris', 'annabelle.harris.parent@example.com', '0458971565', '2026-04-21'::date, '2026-04-21'::date, NULL, false, 'No Pork, No Shellfish', '2026-06-03 04:56:04.774576+00:00'::timestamptz, '2026-06-05 10:49:45.452381+00:00'::timestamptz, NULL),
(210, 5, 'Emily Wilson', 10, 'Hannah Wilson', 'emily.wilson.parent@example.com', '0458971565', '2026-04-21'::date, '2026-04-21'::date, NULL, false, 'No requirements', '2026-06-03 04:56:04.774576+00:00'::timestamptz, '2026-06-05 10:49:45.452381+00:00'::timestamptz, 'padea.demo@outlook.com'),
(211, 5, 'Matilda Baker', 10, 'Patrick Baker', 'matilda.baker.parent@example.com', '0458971565', '2026-04-21'::date, '2026-04-21'::date, NULL, false, 'No requirements', '2026-06-03 04:56:04.774576+00:00'::timestamptz, '2026-06-05 10:49:45.452381+00:00'::timestamptz, NULL),
(212, 5, 'Noah Carter', 10, 'Imogen Carter', 'noah.carter.parent@example.com', '0458971565', '2026-04-21'::date, '2026-04-21'::date, NULL, false, 'No requirements', '2026-06-03 04:56:04.774576+00:00'::timestamptz, '2026-06-05 10:49:45.452381+00:00'::timestamptz, NULL),
(213, 5, 'Holly Hill', 10, 'Benjamin Hill', 'holly.hill.parent@example.com', '0458971565', '2026-04-21'::date, '2026-04-21'::date, NULL, false, 'No requirements', '2026-06-03 04:56:04.774576+00:00'::timestamptz, '2026-06-05 10:49:45.452381+00:00'::timestamptz, NULL),
(214, 5, 'Patrick Brown', 10, 'Leo Brown', 'patrick.brown.parent@example.com', '0458971565', '2026-04-21'::date, '2026-04-21'::date, NULL, false, 'No requirements', '2026-06-03 04:56:04.774576+00:00'::timestamptz, '2026-06-05 10:49:45.452381+00:00'::timestamptz, NULL),
(215, 5, 'Ryan Adams', 10, 'Matilda Adams', 'ryan.adams.parent@example.com', '0458971565', '2026-04-21'::date, '2026-04-21'::date, NULL, false, 'No requirements', '2026-06-03 04:56:04.774576+00:00'::timestamptz, '2026-06-05 10:49:45.452381+00:00'::timestamptz, NULL),
(216, 5, 'Isabella Mitchell', 11, 'Eleanor Mitchell', 'isabella.mitchell.parent@example.com', '0458971565', '2026-04-21'::date, '2026-04-21'::date, NULL, false, 'No requirements', '2026-06-03 04:56:04.774576+00:00'::timestamptz, '2026-06-05 10:49:45.452381+00:00'::timestamptz, NULL),
(217, 5, 'Bo Feng', 12, 'Cindy Feng', 'bo.feng.parent@example.com', '0458971565', '2026-04-21'::date, '2026-04-21'::date, NULL, false, 'No requirements', '2026-06-03 04:56:04.774576+00:00'::timestamptz, '2026-06-05 10:49:45.452381+00:00'::timestamptz, NULL),
(218, 5, 'Neha Iyer', 12, 'Myra Iyer', 'neha.iyer.parent@example.com', '0458971565', '2026-04-21'::date, '2026-04-21'::date, NULL, false, 'No requirements', '2026-06-03 04:56:04.774576+00:00'::timestamptz, '2026-06-05 10:49:45.452381+00:00'::timestamptz, NULL),
(219, 5, 'Imogen Evans', 12, 'Toby Evans', 'imogen.evans.parent@example.com', '0458971565', '2026-04-21'::date, '2026-04-21'::date, NULL, false, 'No requirements', '2026-06-03 04:56:04.774576+00:00'::timestamptz, '2026-06-05 10:49:45.452381+00:00'::timestamptz, NULL),
(220, 5, 'Charlotte Evans', 11, 'Imogen Evans', 'charlotte.evans.parent@example.com', '0458971565', '2026-04-21'::date, '2026-04-21'::date, NULL, false, 'No requirements', '2026-06-03 04:56:04.774576+00:00'::timestamptz, '2026-06-05 10:49:45.452381+00:00'::timestamptz, NULL),
(221, 5, 'Tahlia Carter', 11, 'Grace Carter', 'tahlia.carter.parent@example.com', '0458971565', '2026-04-21'::date, '2026-04-21'::date, NULL, false, 'No requirements', '2026-06-03 04:56:04.774576+00:00'::timestamptz, '2026-06-05 10:49:45.452381+00:00'::timestamptz, NULL),
(222, 5, 'Hannah Hall', 11, 'Zachary Hall', 'hannah.hall.parent@example.com', '0458971565', '2026-04-21'::date, '2026-04-21'::date, NULL, true, 'Opted out of Catering', '2026-06-03 04:56:04.774576+00:00'::timestamptz, '2026-06-05 10:49:45.452381+00:00'::timestamptz, NULL),
(223, 5, 'Evie White', 10, 'Hazel White', 'evie.white.parent@example.com', '0458971565', '2026-04-21'::date, '2026-04-21'::date, NULL, false, 'No requirements', '2026-06-03 04:56:04.774576+00:00'::timestamptz, '2026-06-05 10:49:45.452381+00:00'::timestamptz, NULL),
(224, 5, 'Audrey Cook', 10, 'Samuel Cook', 'audrey.cook.parent@example.com', '0458971565', '2026-04-21'::date, '2026-04-21'::date, NULL, false, 'No requirements', '2026-06-03 04:56:04.774576+00:00'::timestamptz, '2026-06-05 10:49:45.452381+00:00'::timestamptz, NULL),
(225, 5, 'Matilda Evans', 11, 'Tristan Evans', 'matilda.evans.parent@example.com', '0458971565', '2026-04-21'::date, '2026-04-21'::date, NULL, false, 'No requirements', '2026-06-03 04:56:04.774576+00:00'::timestamptz, '2026-06-05 10:49:45.452381+00:00'::timestamptz, NULL),
(226, 5, 'Lily Wilson', 11, 'Evie Wilson', 'lily.wilson.parent@example.com', '0458971565', '2026-04-21'::date, '2026-04-21'::date, NULL, false, 'Nut Free', '2026-06-03 04:56:04.774576+00:00'::timestamptz, '2026-06-05 10:49:45.452381+00:00'::timestamptz, NULL),
(227, 5, 'Imogen Stewart', 12, 'Charlotte Stewart', 'imogen.stewart.parent@example.com', '0458971565', '2026-04-21'::date, '2026-04-21'::date, NULL, false, 'No requirements', '2026-06-03 04:56:04.774576+00:00'::timestamptz, '2026-06-05 10:49:45.452381+00:00'::timestamptz, NULL),
(228, 5, 'Sienna Roberts', 12, 'Jack Roberts', 'sienna.roberts.parent@example.com', '0458971565', '2026-04-21'::date, '2026-04-21'::date, NULL, false, 'No requirements', '2026-06-03 04:56:04.774576+00:00'::timestamptz, '2026-06-05 10:49:45.452381+00:00'::timestamptz, NULL),
(229, 5, 'Benjamin Campbell', 12, 'Sophia Campbell', 'benjamin.campbell.parent@example.com', '0458971565', '2026-04-21'::date, '2026-04-21'::date, NULL, false, 'No requirements', '2026-06-03 04:56:04.774576+00:00'::timestamptz, '2026-06-05 10:49:45.452381+00:00'::timestamptz, NULL),
(230, 5, 'Pippa Johnson', 11, 'Audrey Johnson', 'pippa.johnson.parent@example.com', '0458971565', '2026-04-21'::date, '2026-04-21'::date, NULL, false, 'No requirements', '2026-06-03 04:56:04.774576+00:00'::timestamptz, '2026-06-05 10:49:45.452381+00:00'::timestamptz, NULL),
(231, 5, 'Frankie Parker', 11, 'Willow Parker', 'frankie.parker.parent@example.com', '0458971565', '2026-04-21'::date, '2026-04-21'::date, NULL, false, 'No requirements', '2026-06-03 04:56:04.774576+00:00'::timestamptz, '2026-06-05 10:49:45.452381+00:00'::timestamptz, NULL),
(232, 5, 'Pippa Baker', 12, 'Ryan Baker', 'pippa.baker.parent@example.com', '0458971565', '2026-04-21'::date, '2026-04-21'::date, NULL, false, 'No requirements', '2026-06-03 04:56:04.774576+00:00'::timestamptz, '2026-06-05 10:49:45.452381+00:00'::timestamptz, NULL),
(233, 5, 'Penelope Lewis', 12, 'Max Lewis', 'penelope.lewis.parent@example.com', '0458971565', '2026-04-21'::date, '2026-04-21'::date, NULL, false, 'No requirements', '2026-06-03 04:56:04.774576+00:00'::timestamptz, '2026-06-05 10:49:45.452381+00:00'::timestamptz, NULL),
(234, 5, 'Liam Johnson', 12, 'Sophia Johnson', 'liam.johnson.parent@example.com', '0458971565', '2026-04-21'::date, '2026-04-21'::date, NULL, false, 'Nut Free', '2026-06-03 04:56:04.774576+00:00'::timestamptz, '2026-06-05 10:49:45.452381+00:00'::timestamptz, NULL),
(235, 5, 'Amelia Wright', 12, 'Eliza Wright', 'amelia.wright.parent@example.com', '0458971565', '2026-04-21'::date, '2026-04-21'::date, NULL, false, 'No requirements', '2026-06-03 04:56:04.774576+00:00'::timestamptz, '2026-06-05 10:49:45.452381+00:00'::timestamptz, NULL),
(236, 5, 'Sophie Wilson', 12, 'Georgia Wilson', 'sophie.wilson.parent@example.com', '0458971565', '2026-04-21'::date, '2026-04-21'::date, NULL, false, 'No requirements', '2026-06-03 04:56:04.774576+00:00'::timestamptz, '2026-06-05 10:49:45.452381+00:00'::timestamptz, NULL),
(237, 5, 'Lucas Thompson', 12, 'Leo Thompson', 'lucas.thompson.parent@example.com', '0458971565', '2026-04-21'::date, '2026-04-21'::date, NULL, false, 'No requirements', '2026-06-03 04:56:04.774576+00:00'::timestamptz, '2026-06-05 10:49:45.452381+00:00'::timestamptz, NULL),
(238, 5, 'Tahlia Evans', 12, 'Ryan Evans', 'tahlia.evans.parent@example.com', '0458971565', '2026-04-21'::date, '2026-04-21'::date, NULL, false, 'No requirements', '2026-06-03 04:56:04.774576+00:00'::timestamptz, '2026-06-05 10:49:45.452381+00:00'::timestamptz, NULL),
(239, 5, 'Sophie Evans', 12, 'Liam Evans', 'sophie.evans.parent@example.com', '0458971565', '2026-04-21'::date, '2026-04-21'::date, NULL, false, 'No requirements', '2026-06-03 04:56:04.774576+00:00'::timestamptz, '2026-06-05 10:49:45.452381+00:00'::timestamptz, NULL),
(240, 5, 'Georgia Nelson', 12, 'Emily Nelson', 'georgia.nelson.parent@example.com', '0458971565', '2026-04-21'::date, '2026-04-21'::date, NULL, false, 'No requirements', '2026-06-03 04:56:04.774576+00:00'::timestamptz, '2026-06-05 10:49:45.452381+00:00'::timestamptz, NULL),
(241, 5, 'William Walker', 12, 'Ava Walker', 'william.walker.parent@example.com', '0458971565', '2026-04-21'::date, '2026-04-21'::date, NULL, false, 'No requirements', '2026-06-03 04:56:04.774576+00:00'::timestamptz, '2026-06-05 10:49:45.452381+00:00'::timestamptz, NULL),
(242, 5, 'Holly Wilson', 12, 'Patrick Wilson', 'holly.wilson.parent@example.com', '0458971565', '2026-04-21'::date, '2026-04-21'::date, NULL, false, 'No requirements', '2026-06-03 04:56:04.774576+00:00'::timestamptz, '2026-06-05 10:49:45.452381+00:00'::timestamptz, NULL),
(243, 5, 'Bianca Conti', 12, 'Iva Conti', 'bianca.conti.parent@example.com', '0458971565', '2026-04-21'::date, '2026-04-21'::date, NULL, false, 'No requirements', '2026-06-03 04:56:04.774576+00:00'::timestamptz, '2026-06-05 10:49:45.452381+00:00'::timestamptz, NULL),
(244, 5, 'Sophia Murphy', 12, 'Max Murphy', 'sophia.murphy.parent@example.com', '0458971565', '2026-04-21'::date, '2026-04-21'::date, NULL, false, 'No requirements', '2026-06-03 04:56:04.774576+00:00'::timestamptz, '2026-06-05 10:49:45.452381+00:00'::timestamptz, NULL),
(245, 5, 'Sebastian Wilson', 11, 'Isla Wilson', 'sebastian.wilson.parent@example.com', '0458971565', '2026-04-21'::date, '2026-04-21'::date, NULL, false, 'No requirements', '2026-06-03 04:56:04.774576+00:00'::timestamptz, '2026-06-05 10:49:45.452381+00:00'::timestamptz, NULL),
(246, 5, 'Willow Turner', 12, 'Eleanor Turner', 'willow.turner.parent@example.com', '0458971565', '2026-04-21'::date, '2026-04-21'::date, NULL, false, 'No requirements', '2026-06-03 04:56:04.774576+00:00'::timestamptz, '2026-06-05 10:49:45.452381+00:00'::timestamptz, NULL),
(247, 5, 'Matilda Turner', 11, 'Phoebe Turner', 'matilda.turner.parent@example.com', '0458971565', '2026-04-21'::date, '2026-04-21'::date, NULL, false, 'Dairy Free', '2026-06-03 04:56:04.774576+00:00'::timestamptz, '2026-06-05 10:49:45.452381+00:00'::timestamptz, NULL),
(248, 5, 'Indigo King', 12, 'Sebastian King', 'indigo.king.parent@example.com', '0458971565', '2026-04-21'::date, '2026-04-21'::date, NULL, false, 'No requirements', '2026-06-03 04:56:04.774576+00:00'::timestamptz, '2026-06-05 10:49:45.452381+00:00'::timestamptz, NULL),
(249, 5, 'Cooper Carter', 12, 'Eleanor Carter', 'cooper.carter.parent@example.com', '0458971565', '2026-04-21'::date, '2026-04-21'::date, NULL, false, 'No requirements', '2026-06-03 04:56:04.774576+00:00'::timestamptz, '2026-06-05 10:49:45.452381+00:00'::timestamptz, NULL),
(250, 5, 'Annabelle Baker', 12, 'Evie Baker', 'annabelle.baker.parent@example.com', '0458971565', '2026-04-21'::date, '2026-04-21'::date, NULL, false, 'No requirements', '2026-06-03 04:56:04.774576+00:00'::timestamptz, '2026-06-05 10:49:45.452381+00:00'::timestamptz, NULL),
(251, 5, 'Sienna White', 12, 'Benjamin White', 'sienna.white.parent@example.com', '0458971565', '2026-04-21'::date, '2026-04-21'::date, NULL, true, 'Opted out of Catering', '2026-06-03 04:56:04.774576+00:00'::timestamptz, '2026-06-05 10:49:45.452381+00:00'::timestamptz, NULL),
(252, 5, 'Levi Cook', 11, 'Riley Cook', 'levi.cook.parent@example.com', '0458971565', '2026-04-21'::date, '2026-04-21'::date, NULL, false, 'Gluten Free', '2026-06-03 04:56:04.774576+00:00'::timestamptz, '2026-06-05 10:49:45.452381+00:00'::timestamptz, NULL),
(253, 5, 'Blake King', 11, 'Samuel King', 'blake.king.parent@example.com', '0458971565', '2026-04-21'::date, '2026-04-21'::date, NULL, false, 'No requirements', '2026-06-03 04:56:04.774576+00:00'::timestamptz, '2026-06-05 10:49:45.452381+00:00'::timestamptz, NULL),
(254, 5, 'Ava Hall', 10, 'Zachary Hall', 'ava.hall.parent@example.com', '0458971565', '2026-04-21'::date, '2026-04-21'::date, NULL, false, 'No requirements', '2026-06-03 04:56:04.774576+00:00'::timestamptz, '2026-06-05 10:49:45.452381+00:00'::timestamptz, NULL),
(255, 5, 'Georgia Scott', 10, 'Connor Scott', 'georgia.scott.parent@example.com', '0458971565', '2026-04-21'::date, '2026-04-21'::date, NULL, false, 'No requirements', '2026-06-03 04:56:04.774576+00:00'::timestamptz, '2026-06-05 10:49:45.452381+00:00'::timestamptz, NULL),
(256, 5, 'Harper Green', 12, 'Henry Green', 'harper.green.parent@example.com', '0458971565', '2026-04-21'::date, '2026-04-21'::date, NULL, false, 'No requirements', '2026-06-03 04:56:04.774576+00:00'::timestamptz, '2026-06-05 10:49:45.452381+00:00'::timestamptz, NULL),
(257, 5, 'Madison Robinson', 12, 'Sophie Robinson', 'madison.robinson.parent@example.com', '0458971565', '2026-04-21'::date, '2026-04-21'::date, NULL, false, 'No requirements', '2026-06-03 04:56:04.774576+00:00'::timestamptz, '2026-06-05 10:49:45.452381+00:00'::timestamptz, NULL),
(258, 5, 'Imogen Cook', 11, 'Oliver Cook', 'imogen.cook.parent@example.com', '0458971565', '2026-04-21'::date, '2026-04-21'::date, NULL, false, 'No requirements', '2026-06-03 04:56:04.774576+00:00'::timestamptz, '2026-06-05 10:49:45.452381+00:00'::timestamptz, NULL),
(259, 5, 'Phoebe Jones', 11, 'Ella Jones', 'phoebe.jones.parent@example.com', '0458971565', '2026-04-21'::date, '2026-04-21'::date, NULL, false, 'No requirements', '2026-06-03 04:56:04.774576+00:00'::timestamptz, '2026-06-05 10:49:45.452381+00:00'::timestamptz, NULL),
(260, 5, 'Vivian Han', 12, 'Wendy Han', 'vivian.han.parent@example.com', '0458971565', '2026-04-21'::date, '2026-04-21'::date, NULL, false, 'No requirements', '2026-06-03 04:56:04.774576+00:00'::timestamptz, '2026-06-05 10:49:45.452381+00:00'::timestamptz, NULL),
(261, 5, 'Phoebe Scott', 12, 'Willow Scott', 'phoebe.scott.parent@example.com', '0458971565', '2026-04-21'::date, '2026-04-21'::date, NULL, false, 'No requirements', '2026-06-03 04:56:04.774576+00:00'::timestamptz, '2026-06-05 10:49:45.452381+00:00'::timestamptz, NULL),
(262, 5, 'Scarlett Murphy', 12, 'Bailey Murphy', 'scarlett.murphy.parent@example.com', '0458971565', '2026-04-21'::date, '2026-04-21'::date, NULL, false, 'No requirements', '2026-06-03 04:56:04.774576+00:00'::timestamptz, '2026-06-05 10:49:45.452381+00:00'::timestamptz, NULL),
(263, 5, 'Iva Demetriou', 12, 'Iva Demetriou', 'iva.demetriou.parent@example.com', '0458971565', '2026-04-21'::date, '2026-04-21'::date, NULL, false, 'No requirements', '2026-06-03 04:56:04.774576+00:00'::timestamptz, '2026-06-05 10:49:45.452381+00:00'::timestamptz, NULL),
(264, 5, 'Tahlia Williams', 12, 'Rose Williams', 'tahlia.williams.parent@example.com', '0458971565', '2026-04-21'::date, '2026-04-21'::date, NULL, false, 'No requirements', '2026-06-03 04:56:04.774576+00:00'::timestamptz, '2026-06-05 10:49:45.452381+00:00'::timestamptz, NULL),
(265, 5, 'Frankie Green', 12, 'Frankie Green', 'frankie.green.parent@example.com', '0458971565', '2026-04-21'::date, '2026-04-21'::date, NULL, false, 'No requirements', '2026-06-03 04:56:04.774576+00:00'::timestamptz, '2026-06-05 10:49:45.452381+00:00'::timestamptz, NULL),
(266, 6, 'Sienna Williams', 10, 'Georgia Williams', 'sienna.williams.parent@example.com', '0458971565', '2026-04-21'::date, '2026-04-21'::date, NULL, false, 'Vegetarian', '2026-06-03 04:56:04.774576+00:00'::timestamptz, '2026-06-05 10:49:45.452381+00:00'::timestamptz, 'padea.demo@outlook.com'),
(267, 6, 'Andy Ma', 10, 'Kevin Ma', 'andy.ma.parent@example.com', '0458971565', '2026-04-21'::date, '2026-04-21'::date, NULL, false, 'No requirements', '2026-06-03 04:56:04.774576+00:00'::timestamptz, '2026-06-05 10:49:45.452381+00:00'::timestamptz, 'padea.demo@outlook.com'),
(268, 6, 'Noah Hall', 10, 'Toby Hall', 'noah.hall.parent@example.com', '0458971565', '2026-04-21'::date, '2026-04-21'::date, NULL, false, 'No requirements', '2026-06-03 04:56:04.774576+00:00'::timestamptz, '2026-06-05 10:49:45.452381+00:00'::timestamptz, NULL),
(269, 6, 'Penelope Harris', 10, 'Rose Harris', 'penelope.harris.parent@example.com', '0458971565', '2026-04-21'::date, '2026-04-21'::date, NULL, false, 'No requirements', '2026-06-03 04:56:04.774576+00:00'::timestamptz, '2026-06-05 10:49:45.452381+00:00'::timestamptz, NULL),
(270, 6, 'Pooja Gupta', 10, 'Tanvi Gupta', 'pooja.gupta.parent@example.com', '0458971565', '2026-04-21'::date, '2026-04-21'::date, NULL, false, 'No Beef, No Pork', '2026-06-03 04:56:04.774576+00:00'::timestamptz, '2026-06-05 10:49:45.452381+00:00'::timestamptz, NULL),
(271, 6, 'Daniel Wilson', 10, 'Sophia Wilson', 'daniel.wilson.parent@example.com', '0458971565', '2026-04-21'::date, '2026-04-21'::date, NULL, false, 'No requirements', '2026-06-03 04:56:04.774576+00:00'::timestamptz, '2026-06-05 10:49:45.452381+00:00'::timestamptz, NULL),
(272, 6, 'Nathan Morris', 10, 'Charlie Morris', 'nathan.morris.parent@example.com', '0458971565', '2026-04-21'::date, '2026-04-21'::date, NULL, false, 'No requirements', '2026-06-03 04:56:04.774576+00:00'::timestamptz, '2026-06-05 10:49:45.452381+00:00'::timestamptz, NULL),
(273, 6, 'Liam Murphy', 10, 'Henry Murphy', 'liam.murphy.parent@example.com', '0458971565', '2026-04-21'::date, '2026-04-21'::date, NULL, false, 'No requirements', '2026-06-03 04:56:04.774576+00:00'::timestamptz, '2026-06-05 10:49:45.452381+00:00'::timestamptz, NULL),
(274, 6, 'Edward Evans', 10, 'Phoebe Evans', 'edward.evans.parent@example.com', '0458971565', '2026-04-21'::date, '2026-04-21'::date, NULL, false, 'No requirements', '2026-06-03 04:56:04.774576+00:00'::timestamptz, '2026-06-05 10:49:45.452381+00:00'::timestamptz, NULL),
(275, 6, 'Levi Carter', 10, 'Scarlett Carter', 'levi.carter.parent@example.com', '0458971565', '2026-04-21'::date, '2026-04-21'::date, NULL, false, 'No requirements', '2026-06-03 04:56:04.774576+00:00'::timestamptz, '2026-06-05 10:49:45.452381+00:00'::timestamptz, NULL),
(276, 6, 'Noah Parker', 10, 'Leo Parker', 'noah.parker.parent@example.com', '0458971565', '2026-04-21'::date, '2026-04-21'::date, NULL, false, 'No requirements', '2026-06-03 04:56:04.774576+00:00'::timestamptz, '2026-06-05 10:49:45.452381+00:00'::timestamptz, NULL),
(277, 6, 'Olivia King', 11, 'Matilda King', 'olivia.king.parent@example.com', '0458971565', '2026-04-21'::date, '2026-04-21'::date, NULL, false, 'No requirements', '2026-06-03 04:56:04.774576+00:00'::timestamptz, '2026-06-05 10:49:45.452381+00:00'::timestamptz, NULL),
(278, 6, 'Amelia Turner', 11, 'Lucas Turner', 'amelia.turner.parent@example.com', '0458971565', '2026-04-21'::date, '2026-04-21'::date, NULL, false, 'No requirements', '2026-06-03 04:56:04.774576+00:00'::timestamptz, '2026-06-05 10:49:45.452381+00:00'::timestamptz, NULL),
(279, 6, 'Scarlett Phillips', 12, 'Toby Phillips', 'scarlett.phillips.parent@example.com', '0458971565', '2026-04-21'::date, '2026-04-21'::date, NULL, false, 'No requirements', '2026-06-03 04:56:04.774576+00:00'::timestamptz, '2026-06-05 10:49:45.452381+00:00'::timestamptz, NULL),
(280, 6, 'Rose Wright', 12, 'Chloe Wright', 'rose.wright.parent@example.com', '0458971565', '2026-04-21'::date, '2026-04-21'::date, NULL, false, 'Vegetarian', '2026-06-03 04:56:04.774576+00:00'::timestamptz, '2026-06-05 10:49:45.452381+00:00'::timestamptz, NULL),
(281, 6, 'Levi Morris', 12, 'Cooper Morris', 'levi.morris.parent@example.com', '0458971565', '2026-04-21'::date, '2026-04-21'::date, NULL, false, 'No requirements', '2026-06-03 04:56:04.774576+00:00'::timestamptz, '2026-06-05 10:49:45.452381+00:00'::timestamptz, NULL),
(282, 6, 'Olivia Scott', 11, 'Oliver Scott', 'olivia.scott.parent@example.com', '0458971565', '2026-04-21'::date, '2026-04-21'::date, NULL, false, 'Nut Free', '2026-06-03 04:56:04.774576+00:00'::timestamptz, '2026-06-05 10:49:45.452381+00:00'::timestamptz, NULL),
(283, 6, 'Olivia Wright', 11, 'Alexander Wright', 'olivia.wright.parent@example.com', '0458971565', '2026-04-21'::date, '2026-04-21'::date, NULL, false, 'No requirements', '2026-06-03 04:56:04.774576+00:00'::timestamptz, '2026-06-05 10:49:45.452381+00:00'::timestamptz, NULL),
(284, 6, 'Frankie Walker', 11, 'Tahlia Walker', 'frankie.walker.parent@example.com', '0458971565', '2026-04-21'::date, '2026-04-21'::date, NULL, false, 'No requirements', '2026-06-03 04:56:04.774576+00:00'::timestamptz, '2026-06-05 10:49:45.452381+00:00'::timestamptz, NULL),
(285, 6, 'Xin Sun', 11, 'Long Sun', 'xin.sun.parent@example.com', '0458971565', '2026-04-21'::date, '2026-04-21'::date, NULL, false, 'No requirements', '2026-06-03 04:56:04.774576+00:00'::timestamptz, '2026-06-05 10:49:45.452381+00:00'::timestamptz, NULL),
(286, 6, 'Daniel Wright', 11, 'Ella Wright', 'daniel.wright.parent@example.com', '0458971565', '2026-04-21'::date, '2026-04-21'::date, NULL, false, 'No requirements', '2026-06-03 04:56:04.774576+00:00'::timestamptz, '2026-06-05 10:49:45.452381+00:00'::timestamptz, NULL),
(287, 6, 'Sienna Walker', 11, 'Imogen Walker', 'sienna.walker.parent@example.com', '0458971565', '2026-04-21'::date, '2026-04-21'::date, NULL, false, 'No requirements', '2026-06-03 04:56:04.774576+00:00'::timestamptz, '2026-06-05 10:49:45.452381+00:00'::timestamptz, NULL),
(288, 6, 'Pippa Edwards', 11, 'Tahlia Edwards', 'pippa.edwards.parent@example.com', '0458971565', '2026-04-21'::date, '2026-04-21'::date, NULL, false, 'No requirements', '2026-06-03 04:56:04.774576+00:00'::timestamptz, '2026-06-05 10:49:45.452381+00:00'::timestamptz, NULL),
(289, 6, 'Charlie Clark', 12, 'Mia Clark', 'charlie.clark.parent@example.com', '0458971565', '2026-04-21'::date, '2026-04-21'::date, NULL, false, 'No requirements', '2026-06-03 04:56:04.774576+00:00'::timestamptz, '2026-06-05 10:49:45.452381+00:00'::timestamptz, NULL),
(290, 6, 'Isla Thompson', 12, 'Annabelle Thompson', 'isla.thompson.parent@example.com', '0458971565', '2026-04-21'::date, '2026-04-21'::date, NULL, false, 'No requirements', '2026-06-03 04:56:04.774576+00:00'::timestamptz, '2026-06-05 10:49:45.452381+00:00'::timestamptz, NULL),
(291, 6, 'Chloe Mitchell', 12, 'Harvey Mitchell', 'chloe.mitchell.parent@example.com', '0458971565', '2026-04-21'::date, '2026-04-21'::date, NULL, true, 'Opted out of Catering', '2026-06-03 04:56:04.774576+00:00'::timestamptz, '2026-06-05 10:49:45.452381+00:00'::timestamptz, NULL),
(292, 6, 'Chloe Young', 11, 'Henry Young', 'chloe.young.parent@example.com', '0458971565', '2026-04-21'::date, '2026-04-21'::date, NULL, false, 'No requirements', '2026-06-03 04:56:04.774576+00:00'::timestamptz, '2026-06-05 10:49:45.452381+00:00'::timestamptz, NULL),
(293, 6, 'Sienna Taylor', 11, 'Liam Taylor', 'sienna.taylor.parent@example.com', '0458971565', '2026-04-21'::date, '2026-04-21'::date, NULL, false, 'No requirements', '2026-06-03 04:56:04.774576+00:00'::timestamptz, '2026-06-05 10:49:45.452381+00:00'::timestamptz, NULL),
(294, 6, 'Bailey King', 12, 'Evie King', 'bailey.king.parent@example.com', '0458971565', '2026-04-21'::date, '2026-04-21'::date, NULL, false, 'No requirements', '2026-06-03 04:56:04.774576+00:00'::timestamptz, '2026-06-05 10:49:45.452381+00:00'::timestamptz, NULL),
(295, 6, 'Penelope Hall', 12, 'Archie Hall', 'penelope.hall.parent@example.com', '0458971565', '2026-04-21'::date, '2026-04-21'::date, NULL, false, 'No requirements', '2026-06-03 04:56:04.774576+00:00'::timestamptz, '2026-06-05 10:49:45.452381+00:00'::timestamptz, NULL),
(296, 6, 'Ruby Brown', 12, 'Levi Brown', 'ruby.brown.parent@example.com', '0458971565', '2026-04-21'::date, '2026-04-21'::date, NULL, false, 'No requirements', '2026-06-03 04:56:04.774576+00:00'::timestamptz, '2026-06-05 10:49:45.452381+00:00'::timestamptz, NULL),
(297, 6, 'Riley Parker', 11, 'Georgia Parker', 'riley.parker.parent@example.com', '0458971565', '2026-04-21'::date, '2026-04-21'::date, NULL, false, 'No requirements', '2026-06-03 04:56:04.774576+00:00'::timestamptz, '2026-06-05 10:49:45.452381+00:00'::timestamptz, NULL),
(298, 6, 'Harper Harris', 11, 'Nathan Harris', 'harper.harris.parent@example.com', '0458971565', '2026-04-21'::date, '2026-04-21'::date, NULL, false, 'No requirements', '2026-06-03 04:56:04.774576+00:00'::timestamptz, '2026-06-05 10:49:45.452381+00:00'::timestamptz, NULL),
(299, 6, 'Annabelle Phillips', 11, 'Lucas Phillips', 'annabelle.phillips.parent@example.com', '0458971565', '2026-04-21'::date, '2026-04-21'::date, NULL, false, 'No requirements', '2026-06-03 04:56:04.774576+00:00'::timestamptz, '2026-06-05 10:49:45.452381+00:00'::timestamptz, NULL),
(300, 6, 'Scarlett Lewis', 11, 'Matilda Lewis', 'scarlett.lewis.parent@example.com', '0458971565', '2026-04-21'::date, '2026-04-21'::date, NULL, false, 'No requirements', '2026-06-03 04:56:04.774576+00:00'::timestamptz, '2026-06-05 10:49:45.452381+00:00'::timestamptz, NULL);
INSERT INTO enrolments (id, school_id, student_name, student_year_level, parent_name, parent_email, parent_phone, original_start_date, current_period_start_date, current_period_end_date, opted_out_of_catering, dietary_raw, created_at, updated_at, student_email) VALUES
(301, 6, 'Eleanor Phillips', 12, 'Ryan Phillips', 'eleanor.phillips.parent@example.com', '0458971565', '2026-04-21'::date, '2026-04-21'::date, NULL, false, 'No requirements', '2026-06-03 04:56:04.774576+00:00'::timestamptz, '2026-06-05 10:49:45.452381+00:00'::timestamptz, NULL),
(302, 6, 'Harvey King', 12, 'Sophie King', 'harvey.king.parent@example.com', '0458971565', '2026-04-21'::date, '2026-04-21'::date, NULL, false, 'No requirements', '2026-06-03 04:56:04.774576+00:00'::timestamptz, '2026-06-05 10:49:45.452381+00:00'::timestamptz, NULL),
(303, 6, 'Daniel Baker', 12, 'Liam Baker', 'daniel.baker.parent@example.com', '0458971565', '2026-04-21'::date, '2026-04-21'::date, NULL, false, 'Halal', '2026-06-03 04:56:04.774576+00:00'::timestamptz, '2026-06-05 10:49:45.452381+00:00'::timestamptz, NULL),
(304, 6, 'Noah Collins', 12, 'Leo Collins', 'noah.collins.parent@example.com', '0458971565', '2026-04-21'::date, '2026-04-21'::date, NULL, false, 'No requirements', '2026-06-03 04:56:04.774576+00:00'::timestamptz, '2026-06-05 10:49:45.452381+00:00'::timestamptz, NULL),
(305, 6, 'Tristan Evans', 12, 'Patrick Evans', 'tristan.evans.parent@example.com', '0458971565', '2026-04-21'::date, '2026-04-21'::date, NULL, false, 'No requirements', '2026-06-03 04:56:04.774576+00:00'::timestamptz, '2026-06-05 10:49:45.452381+00:00'::timestamptz, NULL),
(306, 6, 'Nathan Baker', 12, 'Max Baker', 'nathan.baker.parent@example.com', '0458971565', '2026-04-21'::date, '2026-04-21'::date, NULL, false, 'No requirements', '2026-06-03 04:56:04.774576+00:00'::timestamptz, '2026-06-05 10:49:45.452381+00:00'::timestamptz, NULL),
(307, 6, 'William Cook', 11, 'Henry Cook', 'william.cook.parent@example.com', '0458971565', '2026-04-21'::date, '2026-04-21'::date, NULL, false, 'No requirements', '2026-06-03 04:56:04.774576+00:00'::timestamptz, '2026-06-05 10:49:45.452381+00:00'::timestamptz, NULL),
(308, 6, 'Riley Adams', 11, 'Rose Adams', 'riley.adams.parent@example.com', '0458971565', '2026-04-21'::date, '2026-04-21'::date, NULL, false, 'No requirements', '2026-06-03 04:56:04.774576+00:00'::timestamptz, '2026-06-05 10:49:45.452381+00:00'::timestamptz, NULL),
(309, 6, 'Zachary Anderson', 11, 'Spencer Anderson', 'zachary.anderson.parent@example.com', '0458971565', '2026-04-21'::date, '2026-04-21'::date, NULL, false, 'No requirements', '2026-06-03 04:56:04.774576+00:00'::timestamptz, '2026-06-05 10:49:45.452381+00:00'::timestamptz, NULL),
(310, 6, 'Hudson Scott', 11, 'Samuel Scott', 'hudson.scott.parent@example.com', '0458971565', '2026-04-21'::date, '2026-04-21'::date, NULL, false, 'No requirements', '2026-06-03 04:56:04.774576+00:00'::timestamptz, '2026-06-05 10:49:45.452381+00:00'::timestamptz, NULL),
(311, 6, 'Henry Cook', 11, 'Matthew Cook', 'henry.cook.parent@example.com', '0458971565', '2026-04-21'::date, '2026-04-21'::date, NULL, false, 'No requirements', '2026-06-03 04:56:04.774576+00:00'::timestamptz, '2026-06-05 10:49:45.452381+00:00'::timestamptz, NULL),
(312, 6, 'Matthew Mitchell', 11, 'James Mitchell', 'matthew.mitchell.parent@example.com', '0458971565', '2026-04-21'::date, '2026-04-21'::date, NULL, false, 'No requirements', '2026-06-03 04:56:04.774576+00:00'::timestamptz, '2026-06-05 10:49:45.452381+00:00'::timestamptz, NULL),
(313, 6, 'Aria Cook', 11, 'Willow Cook', 'aria.cook.parent@example.com', '0458971565', '2026-04-21'::date, '2026-04-21'::date, NULL, false, 'No requirements', '2026-06-03 04:56:04.774576+00:00'::timestamptz, '2026-06-05 10:49:45.452381+00:00'::timestamptz, NULL),
(314, 6, 'Samuel Nelson', 11, 'Henry Nelson', 'samuel.nelson.parent@example.com', '0458971565', '2026-04-21'::date, '2026-04-21'::date, NULL, false, 'No requirements', '2026-06-03 04:56:04.774576+00:00'::timestamptz, '2026-06-05 10:49:45.452381+00:00'::timestamptz, NULL),
(315, 6, 'Amelia Young', 11, 'Connor Young', 'amelia.young.parent@example.com', '0458971565', '2026-04-21'::date, '2026-04-21'::date, NULL, false, 'No requirements', '2026-06-03 04:56:04.774576+00:00'::timestamptz, '2026-06-05 10:49:45.452381+00:00'::timestamptz, NULL),
(316, 6, 'Hudson Mitchell', 12, 'Harper Mitchell', 'hudson.mitchell.parent@example.com', '0458971565', '2026-04-21'::date, '2026-04-21'::date, NULL, false, 'No requirements', '2026-06-03 04:56:04.774576+00:00'::timestamptz, '2026-06-05 10:49:45.452381+00:00'::timestamptz, NULL),
(317, 6, 'Camila Martinez', 10, 'Ximena Martinez', 'camila.martinez.parent@example.com', '0458971565', '2026-04-21'::date, '2026-04-21'::date, NULL, false, 'Nut Free, No Seafood', '2026-06-03 04:56:04.774576+00:00'::timestamptz, '2026-06-05 10:49:45.452381+00:00'::timestamptz, NULL),
(318, 6, 'Georgia Adams', 10, 'Aria Adams', 'georgia.adams.parent@example.com', '0458971565', '2026-04-21'::date, '2026-04-21'::date, NULL, false, 'No requirements', '2026-06-03 04:56:04.774576+00:00'::timestamptz, '2026-06-05 10:49:45.452381+00:00'::timestamptz, NULL),
(319, 6, 'Nathan Adams', 10, 'Ryan Adams', 'nathan.adams.parent@example.com', '0458971565', '2026-04-21'::date, '2026-04-21'::date, NULL, false, 'No requirements', '2026-06-03 04:56:04.774576+00:00'::timestamptz, '2026-06-05 10:49:45.452381+00:00'::timestamptz, NULL),
(320, 6, 'Grace Thompson', 10, 'Audrey Thompson', 'grace.thompson.parent@example.com', '0458971565', '2026-04-21'::date, '2026-04-21'::date, NULL, false, 'No requirements', '2026-06-03 04:56:04.774576+00:00'::timestamptz, '2026-06-05 10:49:45.452381+00:00'::timestamptz, NULL);

-- enrolment_dietary_tags: 61 row(s)
INSERT INTO enrolment_dietary_tags (enrolment_id, dietary_tag_id, captured_at) VALUES
(4, 2, '2026-06-03 04:56:04.774576+00:00'::timestamptz),
(12, 3, '2026-06-03 04:56:04.774576+00:00'::timestamptz),
(15, 2, '2026-06-03 04:56:04.774576+00:00'::timestamptz),
(22, 10, '2026-06-03 04:56:04.774576+00:00'::timestamptz),
(23, 5, '2026-06-03 04:56:04.774576+00:00'::timestamptz),
(23, 6, '2026-06-03 04:56:04.774576+00:00'::timestamptz),
(36, 6, '2026-06-03 04:56:04.774576+00:00'::timestamptz),
(37, 5, '2026-06-03 04:56:04.774576+00:00'::timestamptz),
(48, 10, '2026-06-03 04:56:04.774576+00:00'::timestamptz),
(56, 5, '2026-06-03 04:56:04.774576+00:00'::timestamptz),
(57, 10, '2026-06-03 04:56:04.774576+00:00'::timestamptz),
(58, 1, '2026-06-03 04:56:04.774576+00:00'::timestamptz),
(58, 10, '2026-06-03 04:56:04.774576+00:00'::timestamptz),
(63, 6, '2026-06-03 04:56:04.774576+00:00'::timestamptz),
(66, 5, '2026-06-03 04:56:04.774576+00:00'::timestamptz),
(67, 5, '2026-06-03 04:56:04.774576+00:00'::timestamptz),
(77, 6, '2026-06-03 04:56:04.774576+00:00'::timestamptz),
(81, 5, '2026-06-03 04:56:04.774576+00:00'::timestamptz),
(83, 5, '2026-06-03 04:56:04.774576+00:00'::timestamptz),
(84, 3, '2026-06-03 04:56:04.774576+00:00'::timestamptz),
(86, 5, '2026-06-03 04:56:04.774576+00:00'::timestamptz),
(87, 5, '2026-06-03 04:56:04.774576+00:00'::timestamptz),
(89, 10, '2026-06-03 04:56:04.774576+00:00'::timestamptz),
(91, 6, '2026-06-03 04:56:04.774576+00:00'::timestamptz),
(94, 5, '2026-06-03 04:56:04.774576+00:00'::timestamptz),
(95, 10, '2026-06-03 04:56:04.774576+00:00'::timestamptz),
(101, 4, '2026-06-03 04:56:04.774576+00:00'::timestamptz),
(101, 8, '2026-06-03 04:56:04.774576+00:00'::timestamptz),
(114, 10, '2026-06-03 04:56:04.774576+00:00'::timestamptz),
(115, 5, '2026-06-03 04:56:04.774576+00:00'::timestamptz),
(129, 10, '2026-06-03 04:56:04.774576+00:00'::timestamptz),
(136, 4, '2026-06-03 04:56:04.774576+00:00'::timestamptz),
(136, 8, '2026-06-03 04:56:04.774576+00:00'::timestamptz),
(149, 11, '2026-06-03 04:56:04.774576+00:00'::timestamptz),
(152, 6, '2026-06-03 04:56:04.774576+00:00'::timestamptz),
(163, 2, '2026-06-03 04:56:04.774576+00:00'::timestamptz),
(167, 2, '2026-06-03 04:56:04.774576+00:00'::timestamptz),
(167, 3, '2026-06-03 04:56:04.774576+00:00'::timestamptz),
(171, 10, '2026-06-03 04:56:04.774576+00:00'::timestamptz),
(175, 5, '2026-06-03 04:56:04.774576+00:00'::timestamptz),
(185, 6, '2026-06-03 04:56:04.774576+00:00'::timestamptz),
(188, 5, '2026-06-03 04:56:04.774576+00:00'::timestamptz),
(191, 3, '2026-06-03 04:56:04.774576+00:00'::timestamptz),
(194, 5, '2026-06-03 04:56:04.774576+00:00'::timestamptz),
(199, 5, '2026-06-03 04:56:04.774576+00:00'::timestamptz),
(202, 5, '2026-06-03 04:56:04.774576+00:00'::timestamptz),
(206, 1, '2026-06-03 04:56:04.774576+00:00'::timestamptz),
(209, 1, '2026-06-03 04:56:04.774576+00:00'::timestamptz),
(209, 2, '2026-06-03 04:56:04.774576+00:00'::timestamptz),
(226, 3, '2026-06-03 04:56:04.774576+00:00'::timestamptz),
(234, 3, '2026-06-03 04:56:04.774576+00:00'::timestamptz),
(247, 4, '2026-06-03 04:56:04.774576+00:00'::timestamptz),
(252, 8, '2026-06-03 04:56:04.774576+00:00'::timestamptz),
(266, 6, '2026-06-03 04:56:04.774576+00:00'::timestamptz),
(270, 1, '2026-06-03 04:56:04.774576+00:00'::timestamptz),
(270, 10, '2026-06-03 04:56:04.774576+00:00'::timestamptz),
(280, 6, '2026-06-03 04:56:04.774576+00:00'::timestamptz),
(282, 3, '2026-06-03 04:56:04.774576+00:00'::timestamptz),
(303, 5, '2026-06-03 04:56:04.774576+00:00'::timestamptz),
(317, 2, '2026-06-03 04:56:04.774576+00:00'::timestamptz),
(317, 3, '2026-06-03 04:56:04.774576+00:00'::timestamptz);

-- session_slots: 11 row(s)
INSERT INTO session_slots (id, school_id, day_of_week, start_time, dinner_time, end_time, room, active, created_at, updated_at) VALUES
(1, 1, 2, '16:00:00'::time, '17:30:00'::time, '19:00:00'::time, 'Library', true, '2026-06-03 04:56:04.774576+00:00'::timestamptz, '2026-06-03 04:56:04.774576+00:00'::timestamptz),
(2, 2, 2, '16:30:00'::time, '18:00:00'::time, '19:30:00'::time, 'G Centre', true, '2026-06-03 04:56:04.774576+00:00'::timestamptz, '2026-06-03 04:56:04.774576+00:00'::timestamptz),
(3, 2, 3, '16:30:00'::time, '18:00:00'::time, '19:30:00'::time, 'G Centre', true, '2026-06-03 04:56:04.774576+00:00'::timestamptz, '2026-06-03 04:56:04.774576+00:00'::timestamptz),
(4, 3, 4, '15:15:00'::time, '16:45:00'::time, '18:15:00'::time, 'Library', true, '2026-06-03 04:56:04.774576+00:00'::timestamptz, '2026-06-03 04:56:04.774576+00:00'::timestamptz),
(5, 4, 1, '15:30:00'::time, '17:00:00'::time, '18:30:00'::time, 'X Block', true, '2026-06-03 04:56:04.774576+00:00'::timestamptz, '2026-06-03 04:56:04.774576+00:00'::timestamptz),
(6, 4, 2, '15:30:00'::time, '17:00:00'::time, '18:30:00'::time, 'X Block', true, '2026-06-03 04:56:04.774576+00:00'::timestamptz, '2026-06-03 04:56:04.774576+00:00'::timestamptz),
(7, 4, 4, '15:30:00'::time, '17:00:00'::time, '18:30:00'::time, 'X Block', true, '2026-06-03 04:56:04.774576+00:00'::timestamptz, '2026-06-03 04:56:04.774576+00:00'::timestamptz),
(8, 5, 1, '15:30:00'::time, '17:00:00'::time, '18:30:00'::time, 'Ella Building', true, '2026-06-03 04:56:04.774576+00:00'::timestamptz, '2026-06-03 04:56:04.774576+00:00'::timestamptz),
(9, 5, 2, '15:30:00'::time, '17:00:00'::time, '18:30:00'::time, 'Ella Building', true, '2026-06-03 04:56:04.774576+00:00'::timestamptz, '2026-06-03 04:56:04.774576+00:00'::timestamptz),
(10, 6, 1, '15:30:00'::time, '17:00:00'::time, '18:30:00'::time, 'E Centre', true, '2026-06-03 04:56:04.774576+00:00'::timestamptz, '2026-06-03 04:56:04.774576+00:00'::timestamptz),
(11, 6, 3, '15:30:00'::time, '17:00:00'::time, '18:30:00'::time, 'E Centre', true, '2026-06-03 04:56:04.774576+00:00'::timestamptz, '2026-06-03 04:56:04.774576+00:00'::timestamptz);

-- session_tutor_assignments: 11 row(s)
INSERT INTO session_tutor_assignments (id, session_slot_id, session_date, tutor_id, is_manager, is_tutor, assigned_at) VALUES
(1, 1, '2026-05-02'::date, 1, true, true, '2026-06-03 04:56:04.774576+00:00'::timestamptz),
(2, 2, '2026-05-02'::date, 2, true, true, '2026-06-03 04:56:04.774576+00:00'::timestamptz),
(3, 3, '2026-05-03'::date, 3, true, true, '2026-06-03 04:56:04.774576+00:00'::timestamptz),
(4, 4, '2026-05-04'::date, 2, true, true, '2026-06-03 04:56:04.774576+00:00'::timestamptz),
(5, 5, '2026-05-01'::date, 4, true, true, '2026-06-03 04:56:04.774576+00:00'::timestamptz),
(6, 6, '2026-05-02'::date, 4, true, true, '2026-06-03 04:56:04.774576+00:00'::timestamptz),
(7, 7, '2026-05-04'::date, 5, true, true, '2026-06-03 04:56:04.774576+00:00'::timestamptz),
(8, 8, '2026-05-01'::date, 6, true, true, '2026-06-03 04:56:04.774576+00:00'::timestamptz),
(9, 9, '2026-05-02'::date, 6, true, true, '2026-06-03 04:56:04.774576+00:00'::timestamptz),
(10, 10, '2026-05-01'::date, 5, true, true, '2026-06-03 04:56:04.774576+00:00'::timestamptz),
(11, 11, '2026-05-03'::date, 7, true, true, '2026-06-03 04:56:04.774576+00:00'::timestamptz);

-- enrolment_session_slots: 373 row(s)
INSERT INTO enrolment_session_slots (enrolment_id, session_slot_id) VALUES
(1, 1),
(2, 1),
(3, 1),
(4, 1),
(5, 1),
(6, 1),
(7, 1),
(8, 1),
(9, 1),
(10, 1),
(11, 1),
(12, 1),
(13, 1),
(14, 1),
(15, 1),
(16, 1),
(17, 1),
(18, 2),
(19, 3),
(20, 2),
(20, 3),
(21, 3),
(22, 2),
(23, 3),
(24, 2),
(25, 2),
(25, 3),
(26, 2),
(27, 3),
(28, 2),
(29, 3),
(30, 2),
(30, 3),
(31, 3),
(32, 2),
(33, 3),
(34, 2),
(35, 2),
(35, 3),
(36, 2),
(37, 3),
(38, 2),
(39, 3),
(40, 2),
(40, 3),
(41, 3),
(42, 2),
(43, 3),
(44, 2),
(45, 2),
(45, 3),
(46, 2),
(47, 3),
(48, 2),
(49, 3),
(50, 2),
(50, 3),
(51, 3),
(52, 2),
(53, 3),
(54, 2),
(55, 2),
(55, 3),
(56, 2),
(57, 3),
(58, 2),
(59, 3),
(60, 2),
(60, 3),
(61, 3),
(62, 2),
(63, 3),
(64, 2),
(65, 2),
(65, 3),
(66, 2),
(67, 3),
(68, 2),
(70, 2),
(70, 3),
(71, 3),
(72, 2),
(73, 3),
(74, 2),
(75, 2),
(75, 3),
(76, 2),
(77, 3),
(78, 2),
(79, 3),
(80, 2),
(80, 3),
(81, 3),
(82, 4),
(83, 4),
(84, 4),
(85, 4),
(86, 4),
(87, 4),
(88, 4);
INSERT INTO enrolment_session_slots (enrolment_id, session_slot_id) VALUES
(89, 4),
(90, 5),
(90, 6),
(91, 6),
(92, 7),
(93, 5),
(94, 6),
(95, 6),
(95, 7),
(96, 5),
(97, 6),
(98, 7),
(99, 5),
(100, 5),
(100, 6),
(101, 7),
(102, 5),
(103, 6),
(104, 7),
(105, 5),
(105, 7),
(106, 6),
(107, 7),
(108, 5),
(109, 6),
(110, 5),
(110, 7),
(111, 5),
(112, 6),
(113, 7),
(114, 5),
(115, 6),
(115, 7),
(116, 7),
(117, 5),
(118, 6),
(119, 7),
(120, 5),
(120, 6),
(121, 6),
(122, 7),
(123, 5),
(124, 6),
(125, 6),
(125, 7),
(126, 5),
(127, 6),
(128, 7),
(129, 5),
(130, 5),
(130, 6),
(131, 7),
(132, 5),
(133, 6),
(134, 7),
(135, 5),
(135, 7),
(136, 6),
(137, 7),
(138, 5),
(139, 6),
(140, 5),
(140, 7),
(141, 5),
(142, 6),
(143, 7),
(144, 5),
(145, 6),
(145, 7),
(146, 7),
(147, 5),
(148, 6),
(149, 7),
(150, 5),
(150, 6),
(151, 6),
(152, 7),
(153, 5),
(154, 6),
(155, 6),
(155, 7),
(156, 5),
(157, 6),
(158, 7),
(159, 5),
(160, 5),
(160, 6),
(161, 7),
(162, 5),
(163, 6),
(164, 7),
(165, 5),
(165, 7),
(166, 6),
(168, 5),
(169, 6),
(170, 5),
(170, 7),
(171, 5),
(172, 6);
INSERT INTO enrolment_session_slots (enrolment_id, session_slot_id) VALUES
(173, 7),
(174, 5),
(175, 6),
(175, 7),
(177, 5),
(178, 6),
(179, 7),
(180, 5),
(180, 6),
(181, 6),
(182, 7),
(184, 6),
(185, 6),
(185, 7),
(186, 5),
(187, 6),
(188, 7),
(189, 5),
(190, 5),
(190, 6),
(191, 7),
(192, 5),
(193, 6),
(194, 7),
(195, 5),
(195, 7),
(196, 6),
(197, 7),
(198, 5),
(199, 6),
(200, 5),
(200, 7),
(201, 5),
(202, 6),
(203, 7),
(204, 5),
(205, 6),
(205, 7),
(206, 7),
(207, 5),
(208, 6),
(209, 7),
(210, 8),
(210, 9),
(211, 9),
(212, 8),
(213, 9),
(214, 8),
(215, 8),
(215, 9),
(216, 8),
(217, 9),
(218, 8),
(219, 9),
(220, 8),
(220, 9),
(221, 9),
(223, 9),
(224, 8),
(225, 8),
(225, 9),
(226, 8),
(227, 9),
(228, 8),
(229, 9),
(230, 8),
(230, 9),
(231, 9),
(232, 8),
(233, 9),
(234, 8),
(235, 8),
(235, 9),
(236, 8),
(237, 9),
(238, 8),
(239, 9),
(240, 8),
(240, 9),
(241, 9),
(242, 8),
(243, 9),
(244, 8),
(245, 8),
(245, 9),
(246, 8),
(247, 9),
(248, 8),
(249, 9),
(250, 8),
(250, 9),
(252, 8),
(253, 9),
(254, 8),
(255, 8),
(255, 9),
(256, 8),
(257, 9),
(258, 8),
(259, 9);
INSERT INTO enrolment_session_slots (enrolment_id, session_slot_id) VALUES
(260, 8),
(260, 9),
(261, 9),
(262, 8),
(263, 9),
(264, 8),
(265, 8),
(265, 9),
(266, 10),
(267, 11),
(268, 10),
(269, 11),
(270, 10),
(270, 11),
(271, 11),
(272, 10),
(273, 11),
(274, 10),
(275, 10),
(275, 11),
(276, 10),
(277, 11),
(278, 10),
(279, 11),
(280, 10),
(280, 11),
(281, 11),
(282, 10),
(283, 11),
(284, 10),
(285, 10),
(285, 11),
(286, 10),
(287, 11),
(288, 10),
(289, 11),
(290, 10),
(290, 11),
(292, 10),
(293, 11),
(294, 10),
(295, 10),
(295, 11),
(296, 10),
(297, 11),
(298, 10),
(299, 11),
(300, 10),
(300, 11),
(301, 11),
(302, 10),
(303, 11),
(304, 10),
(305, 10),
(305, 11),
(306, 10),
(307, 11),
(308, 10),
(309, 11),
(310, 10),
(310, 11),
(311, 11),
(312, 10),
(313, 11),
(314, 10),
(315, 10),
(315, 11),
(316, 10),
(317, 11),
(318, 10),
(319, 11),
(320, 10),
(320, 11);

-- exclusions: 3 row(s)
INSERT INTO exclusions (id, school_id, enrolment_id, start_date, end_date, reason, created_at) VALUES
(1, 4, NULL, '2026-05-04'::date, '2026-05-04'::date, 'Open Day - whole session cancelled, all year levels', '2026-06-03 04:56:04.774576+00:00'::timestamptz),
(2, 5, NULL, '2026-05-02'::date, '2026-05-02'::date, 'Parent-Teacher Interviews - whole session cancelled, all year levels', '2026-06-03 04:56:04.774576+00:00'::timestamptz),
(3, 6, NULL, '2026-05-03'::date, '2026-05-03'::date, 'School Camp - Years 10 and 12 away (Year 11 attends)', '2026-06-03 04:56:04.774576+00:00'::timestamptz);

-- absences: 10 row(s)
INSERT INTO absences (id, enrolment_id, absence_date, received_at, source_email_filename, source_email_message_id, notes) VALUES
(1, 213, '2026-05-01'::date, '2026-05-01 04:00:00+00:00'::timestamptz, NULL, NULL, NULL),
(2, 219, '2026-05-01'::date, '2026-05-01 04:00:00+00:00'::timestamptz, NULL, NULL, NULL),
(3, 3, '2026-05-02'::date, '2026-05-02 04:00:00+00:00'::timestamptz, NULL, NULL, NULL),
(4, 30, '2026-05-02'::date, '2026-05-02 04:00:00+00:00'::timestamptz, NULL, NULL, NULL),
(5, 32, '2026-05-02'::date, '2026-05-02 04:00:00+00:00'::timestamptz, NULL, NULL, NULL),
(6, 130, '2026-05-02'::date, '2026-05-02 04:00:00+00:00'::timestamptz, NULL, NULL, NULL),
(7, 138, '2026-05-02'::date, '2026-05-02 04:00:00+00:00'::timestamptz, NULL, NULL, NULL),
(8, 155, '2026-05-02'::date, '2026-05-02 04:00:00+00:00'::timestamptz, NULL, NULL, NULL),
(9, 311, '2026-05-03'::date, '2026-05-03 04:00:00+00:00'::timestamptz, NULL, NULL, NULL),
(10, 89, '2026-05-04'::date, '2026-05-04 04:00:00+00:00'::timestamptz, NULL, NULL, NULL);

-- term_meal_preferences: 313 row(s)
INSERT INTO term_meal_preferences (id, enrolment_id, caterer_id, captured_at, captured_by, superseded_at, notes) VALUES
(1, 1, 1, '2026-04-24 23:00:00+00:00'::timestamptz, 'parent', NULL, NULL),
(2, 2, 1, '2026-04-24 23:00:00+00:00'::timestamptz, 'parent', NULL, NULL),
(3, 3, 1, '2026-04-24 23:00:00+00:00'::timestamptz, 'parent', NULL, NULL),
(4, 4, 1, '2026-04-24 23:00:00+00:00'::timestamptz, 'parent', NULL, NULL),
(5, 5, 1, '2026-04-24 23:00:00+00:00'::timestamptz, 'parent', NULL, NULL),
(6, 6, 1, '2026-04-24 23:00:00+00:00'::timestamptz, 'parent', NULL, NULL),
(7, 7, 1, '2026-04-24 23:00:00+00:00'::timestamptz, 'parent', NULL, NULL),
(8, 8, 1, '2026-04-24 23:00:00+00:00'::timestamptz, 'parent', NULL, NULL),
(9, 9, 1, '2026-04-24 23:00:00+00:00'::timestamptz, 'parent', NULL, NULL),
(10, 10, 1, '2026-04-24 23:00:00+00:00'::timestamptz, 'parent', NULL, NULL),
(11, 11, 1, '2026-04-24 23:00:00+00:00'::timestamptz, 'parent', NULL, NULL),
(12, 12, 1, '2026-04-24 23:00:00+00:00'::timestamptz, 'parent', NULL, NULL),
(13, 13, 1, '2026-04-24 23:00:00+00:00'::timestamptz, 'parent', NULL, NULL),
(14, 14, 1, '2026-04-24 23:00:00+00:00'::timestamptz, 'parent', NULL, NULL),
(15, 15, 1, '2026-04-24 23:00:00+00:00'::timestamptz, 'parent', NULL, NULL),
(16, 16, 1, '2026-04-24 23:00:00+00:00'::timestamptz, 'parent', NULL, NULL),
(17, 17, 1, '2026-04-24 23:00:00+00:00'::timestamptz, 'parent', NULL, NULL),
(18, 18, 2, '2026-04-24 23:00:00+00:00'::timestamptz, 'parent', NULL, NULL),
(19, 19, 2, '2026-04-24 23:00:00+00:00'::timestamptz, 'parent', NULL, NULL),
(20, 20, 2, '2026-04-24 23:00:00+00:00'::timestamptz, 'parent', NULL, NULL),
(21, 21, 2, '2026-04-24 23:00:00+00:00'::timestamptz, 'parent', NULL, NULL),
(22, 22, 2, '2026-04-24 23:00:00+00:00'::timestamptz, 'parent', NULL, NULL),
(23, 23, 2, '2026-04-24 23:00:00+00:00'::timestamptz, 'parent', NULL, NULL),
(24, 24, 2, '2026-04-24 23:00:00+00:00'::timestamptz, 'parent', NULL, NULL),
(25, 25, 2, '2026-04-24 23:00:00+00:00'::timestamptz, 'parent', NULL, NULL),
(26, 26, 2, '2026-04-24 23:00:00+00:00'::timestamptz, 'parent', NULL, NULL),
(27, 27, 2, '2026-04-24 23:00:00+00:00'::timestamptz, 'parent', NULL, NULL),
(28, 28, 2, '2026-04-24 23:00:00+00:00'::timestamptz, 'parent', NULL, NULL),
(29, 29, 2, '2026-04-24 23:00:00+00:00'::timestamptz, 'parent', NULL, NULL),
(30, 30, 2, '2026-04-24 23:00:00+00:00'::timestamptz, 'parent', NULL, NULL),
(31, 31, 2, '2026-04-24 23:00:00+00:00'::timestamptz, 'parent', NULL, NULL),
(32, 32, 2, '2026-04-24 23:00:00+00:00'::timestamptz, 'parent', NULL, NULL),
(33, 33, 2, '2026-04-24 23:00:00+00:00'::timestamptz, 'parent', NULL, NULL),
(34, 34, 2, '2026-04-24 23:00:00+00:00'::timestamptz, 'parent', NULL, NULL),
(35, 35, 2, '2026-04-24 23:00:00+00:00'::timestamptz, 'parent', NULL, NULL),
(36, 36, 2, '2026-04-24 23:00:00+00:00'::timestamptz, 'parent', NULL, NULL),
(37, 37, 2, '2026-04-24 23:00:00+00:00'::timestamptz, 'parent', NULL, NULL),
(38, 38, 2, '2026-04-24 23:00:00+00:00'::timestamptz, 'parent', NULL, NULL),
(39, 39, 2, '2026-04-24 23:00:00+00:00'::timestamptz, 'parent', NULL, NULL),
(40, 40, 2, '2026-04-24 23:00:00+00:00'::timestamptz, 'parent', NULL, NULL),
(41, 41, 2, '2026-04-24 23:00:00+00:00'::timestamptz, 'parent', NULL, NULL),
(42, 42, 2, '2026-04-24 23:00:00+00:00'::timestamptz, 'parent', NULL, NULL),
(43, 43, 2, '2026-04-24 23:00:00+00:00'::timestamptz, 'parent', NULL, NULL),
(44, 44, 2, '2026-04-24 23:00:00+00:00'::timestamptz, 'parent', NULL, NULL),
(45, 45, 2, '2026-04-24 23:00:00+00:00'::timestamptz, 'parent', NULL, NULL),
(46, 46, 2, '2026-04-24 23:00:00+00:00'::timestamptz, 'parent', NULL, NULL),
(47, 47, 2, '2026-04-24 23:00:00+00:00'::timestamptz, 'parent', NULL, NULL),
(48, 48, 2, '2026-04-24 23:00:00+00:00'::timestamptz, 'parent', NULL, NULL),
(49, 49, 2, '2026-04-24 23:00:00+00:00'::timestamptz, 'parent', NULL, NULL),
(50, 50, 2, '2026-04-24 23:00:00+00:00'::timestamptz, 'parent', NULL, NULL),
(51, 51, 2, '2026-04-24 23:00:00+00:00'::timestamptz, 'parent', NULL, NULL),
(52, 52, 2, '2026-04-24 23:00:00+00:00'::timestamptz, 'parent', NULL, NULL),
(53, 53, 2, '2026-04-24 23:00:00+00:00'::timestamptz, 'parent', NULL, NULL),
(54, 54, 2, '2026-04-24 23:00:00+00:00'::timestamptz, 'parent', NULL, NULL),
(55, 55, 2, '2026-04-24 23:00:00+00:00'::timestamptz, 'parent', NULL, NULL),
(56, 56, 2, '2026-04-24 23:00:00+00:00'::timestamptz, 'parent', NULL, NULL),
(57, 57, 2, '2026-04-24 23:00:00+00:00'::timestamptz, 'parent', NULL, NULL),
(58, 58, 2, '2026-04-24 23:00:00+00:00'::timestamptz, 'parent', NULL, NULL),
(59, 59, 2, '2026-04-24 23:00:00+00:00'::timestamptz, 'parent', NULL, NULL),
(60, 60, 2, '2026-04-24 23:00:00+00:00'::timestamptz, 'parent', NULL, NULL),
(61, 61, 2, '2026-04-24 23:00:00+00:00'::timestamptz, 'parent', NULL, NULL),
(62, 62, 2, '2026-04-24 23:00:00+00:00'::timestamptz, 'parent', NULL, NULL),
(63, 63, 2, '2026-04-24 23:00:00+00:00'::timestamptz, 'parent', NULL, NULL),
(64, 64, 2, '2026-04-24 23:00:00+00:00'::timestamptz, 'parent', NULL, NULL),
(65, 65, 2, '2026-04-24 23:00:00+00:00'::timestamptz, 'parent', NULL, NULL),
(66, 66, 2, '2026-04-24 23:00:00+00:00'::timestamptz, 'parent', NULL, NULL),
(67, 67, 2, '2026-04-24 23:00:00+00:00'::timestamptz, 'parent', NULL, NULL),
(68, 68, 2, '2026-04-24 23:00:00+00:00'::timestamptz, 'parent', NULL, NULL),
(69, 70, 2, '2026-04-24 23:00:00+00:00'::timestamptz, 'parent', NULL, NULL),
(70, 71, 2, '2026-04-24 23:00:00+00:00'::timestamptz, 'parent', NULL, NULL),
(71, 72, 2, '2026-04-24 23:00:00+00:00'::timestamptz, 'parent', NULL, NULL),
(72, 73, 2, '2026-04-24 23:00:00+00:00'::timestamptz, 'parent', NULL, NULL),
(73, 74, 2, '2026-04-24 23:00:00+00:00'::timestamptz, 'parent', NULL, NULL),
(74, 75, 2, '2026-04-24 23:00:00+00:00'::timestamptz, 'parent', NULL, NULL),
(75, 76, 2, '2026-04-24 23:00:00+00:00'::timestamptz, 'parent', NULL, NULL),
(76, 77, 2, '2026-04-24 23:00:00+00:00'::timestamptz, 'parent', NULL, NULL),
(77, 78, 2, '2026-04-24 23:00:00+00:00'::timestamptz, 'parent', NULL, NULL),
(78, 79, 2, '2026-04-24 23:00:00+00:00'::timestamptz, 'parent', NULL, NULL),
(79, 80, 2, '2026-04-24 23:00:00+00:00'::timestamptz, 'parent', NULL, NULL),
(80, 81, 2, '2026-04-24 23:00:00+00:00'::timestamptz, 'parent', NULL, NULL),
(81, 82, 2, '2026-04-24 23:00:00+00:00'::timestamptz, 'parent', NULL, NULL),
(82, 83, 2, '2026-04-24 23:00:00+00:00'::timestamptz, 'parent', NULL, NULL),
(83, 84, 2, '2026-04-24 23:00:00+00:00'::timestamptz, 'parent', NULL, NULL),
(84, 85, 2, '2026-04-24 23:00:00+00:00'::timestamptz, 'parent', NULL, NULL),
(85, 86, 2, '2026-04-24 23:00:00+00:00'::timestamptz, 'parent', NULL, NULL),
(86, 87, 2, '2026-04-24 23:00:00+00:00'::timestamptz, 'parent', NULL, NULL),
(87, 88, 2, '2026-04-24 23:00:00+00:00'::timestamptz, 'parent', NULL, NULL),
(88, 89, 2, '2026-04-24 23:00:00+00:00'::timestamptz, 'parent', NULL, NULL),
(89, 90, 3, '2026-04-24 23:00:00+00:00'::timestamptz, 'parent', NULL, NULL),
(90, 91, 3, '2026-04-24 23:00:00+00:00'::timestamptz, 'parent', NULL, NULL),
(91, 92, 3, '2026-04-24 23:00:00+00:00'::timestamptz, 'parent', NULL, NULL),
(92, 93, 3, '2026-04-24 23:00:00+00:00'::timestamptz, 'parent', NULL, NULL),
(93, 94, 3, '2026-04-24 23:00:00+00:00'::timestamptz, 'parent', NULL, NULL),
(94, 95, 3, '2026-04-24 23:00:00+00:00'::timestamptz, 'parent', NULL, NULL),
(95, 96, 3, '2026-04-24 23:00:00+00:00'::timestamptz, 'parent', NULL, NULL),
(96, 97, 3, '2026-04-24 23:00:00+00:00'::timestamptz, 'parent', NULL, NULL),
(97, 98, 3, '2026-04-24 23:00:00+00:00'::timestamptz, 'parent', NULL, NULL),
(98, 99, 3, '2026-04-24 23:00:00+00:00'::timestamptz, 'parent', NULL, NULL),
(99, 100, 3, '2026-04-24 23:00:00+00:00'::timestamptz, 'parent', NULL, NULL),
(100, 101, 3, '2026-04-24 23:00:00+00:00'::timestamptz, 'parent', NULL, NULL);
INSERT INTO term_meal_preferences (id, enrolment_id, caterer_id, captured_at, captured_by, superseded_at, notes) VALUES
(101, 102, 3, '2026-04-24 23:00:00+00:00'::timestamptz, 'parent', NULL, NULL),
(102, 103, 3, '2026-04-24 23:00:00+00:00'::timestamptz, 'parent', NULL, NULL),
(103, 104, 3, '2026-04-24 23:00:00+00:00'::timestamptz, 'parent', NULL, NULL),
(104, 105, 3, '2026-04-24 23:00:00+00:00'::timestamptz, 'parent', NULL, NULL),
(105, 106, 3, '2026-04-24 23:00:00+00:00'::timestamptz, 'parent', NULL, NULL),
(106, 107, 3, '2026-04-24 23:00:00+00:00'::timestamptz, 'parent', NULL, NULL),
(107, 108, 3, '2026-04-24 23:00:00+00:00'::timestamptz, 'parent', NULL, NULL),
(108, 109, 3, '2026-04-24 23:00:00+00:00'::timestamptz, 'parent', NULL, NULL),
(109, 110, 3, '2026-04-24 23:00:00+00:00'::timestamptz, 'parent', NULL, NULL),
(110, 111, 3, '2026-04-24 23:00:00+00:00'::timestamptz, 'parent', NULL, NULL),
(111, 112, 3, '2026-04-24 23:00:00+00:00'::timestamptz, 'parent', NULL, NULL),
(112, 113, 3, '2026-04-24 23:00:00+00:00'::timestamptz, 'parent', NULL, NULL),
(113, 114, 3, '2026-04-24 23:00:00+00:00'::timestamptz, 'parent', NULL, NULL),
(114, 115, 3, '2026-04-24 23:00:00+00:00'::timestamptz, 'parent', NULL, NULL),
(115, 116, 3, '2026-04-24 23:00:00+00:00'::timestamptz, 'parent', NULL, NULL),
(116, 117, 3, '2026-04-24 23:00:00+00:00'::timestamptz, 'parent', NULL, NULL),
(117, 118, 3, '2026-04-24 23:00:00+00:00'::timestamptz, 'parent', NULL, NULL),
(118, 119, 3, '2026-04-24 23:00:00+00:00'::timestamptz, 'parent', NULL, NULL),
(119, 120, 3, '2026-04-24 23:00:00+00:00'::timestamptz, 'parent', NULL, NULL),
(120, 121, 3, '2026-04-24 23:00:00+00:00'::timestamptz, 'parent', NULL, NULL),
(121, 122, 3, '2026-04-24 23:00:00+00:00'::timestamptz, 'parent', NULL, NULL),
(122, 123, 3, '2026-04-24 23:00:00+00:00'::timestamptz, 'parent', NULL, NULL),
(123, 124, 3, '2026-04-24 23:00:00+00:00'::timestamptz, 'parent', NULL, NULL),
(124, 125, 3, '2026-04-24 23:00:00+00:00'::timestamptz, 'parent', NULL, NULL),
(125, 126, 3, '2026-04-24 23:00:00+00:00'::timestamptz, 'parent', NULL, NULL),
(126, 127, 3, '2026-04-24 23:00:00+00:00'::timestamptz, 'parent', NULL, NULL),
(127, 128, 3, '2026-04-24 23:00:00+00:00'::timestamptz, 'parent', NULL, NULL),
(128, 129, 3, '2026-04-24 23:00:00+00:00'::timestamptz, 'parent', NULL, NULL),
(129, 130, 3, '2026-04-24 23:00:00+00:00'::timestamptz, 'parent', NULL, NULL),
(130, 131, 3, '2026-04-24 23:00:00+00:00'::timestamptz, 'parent', NULL, NULL),
(131, 132, 3, '2026-04-24 23:00:00+00:00'::timestamptz, 'parent', NULL, NULL),
(132, 133, 3, '2026-04-24 23:00:00+00:00'::timestamptz, 'parent', NULL, NULL),
(133, 134, 3, '2026-04-24 23:00:00+00:00'::timestamptz, 'parent', NULL, NULL),
(134, 135, 3, '2026-04-24 23:00:00+00:00'::timestamptz, 'parent', NULL, NULL),
(135, 136, 3, '2026-04-24 23:00:00+00:00'::timestamptz, 'parent', NULL, NULL),
(136, 137, 3, '2026-04-24 23:00:00+00:00'::timestamptz, 'parent', NULL, NULL),
(137, 138, 3, '2026-04-24 23:00:00+00:00'::timestamptz, 'parent', NULL, NULL),
(138, 139, 3, '2026-04-24 23:00:00+00:00'::timestamptz, 'parent', NULL, NULL),
(139, 140, 3, '2026-04-24 23:00:00+00:00'::timestamptz, 'parent', NULL, NULL),
(140, 141, 3, '2026-04-24 23:00:00+00:00'::timestamptz, 'parent', NULL, NULL),
(141, 142, 3, '2026-04-24 23:00:00+00:00'::timestamptz, 'parent', NULL, NULL),
(142, 143, 3, '2026-04-24 23:00:00+00:00'::timestamptz, 'parent', NULL, NULL),
(143, 144, 3, '2026-04-24 23:00:00+00:00'::timestamptz, 'parent', NULL, NULL),
(144, 145, 3, '2026-04-24 23:00:00+00:00'::timestamptz, 'parent', NULL, NULL),
(145, 146, 3, '2026-04-24 23:00:00+00:00'::timestamptz, 'parent', NULL, NULL),
(146, 147, 3, '2026-04-24 23:00:00+00:00'::timestamptz, 'parent', NULL, NULL),
(147, 148, 3, '2026-04-24 23:00:00+00:00'::timestamptz, 'parent', NULL, NULL),
(148, 149, 3, '2026-04-24 23:00:00+00:00'::timestamptz, 'parent', NULL, NULL),
(149, 150, 3, '2026-04-24 23:00:00+00:00'::timestamptz, 'parent', NULL, NULL),
(150, 151, 3, '2026-04-24 23:00:00+00:00'::timestamptz, 'parent', NULL, NULL),
(151, 152, 3, '2026-04-24 23:00:00+00:00'::timestamptz, 'parent', NULL, NULL),
(152, 153, 3, '2026-04-24 23:00:00+00:00'::timestamptz, 'parent', NULL, NULL),
(153, 154, 3, '2026-04-24 23:00:00+00:00'::timestamptz, 'parent', NULL, NULL),
(154, 155, 3, '2026-04-24 23:00:00+00:00'::timestamptz, 'parent', NULL, NULL),
(155, 156, 3, '2026-04-24 23:00:00+00:00'::timestamptz, 'parent', NULL, NULL),
(156, 157, 3, '2026-04-24 23:00:00+00:00'::timestamptz, 'parent', NULL, NULL),
(157, 158, 3, '2026-04-24 23:00:00+00:00'::timestamptz, 'parent', NULL, NULL),
(158, 159, 3, '2026-04-24 23:00:00+00:00'::timestamptz, 'parent', NULL, NULL),
(159, 160, 3, '2026-04-24 23:00:00+00:00'::timestamptz, 'parent', NULL, NULL),
(160, 161, 3, '2026-04-24 23:00:00+00:00'::timestamptz, 'parent', NULL, NULL),
(161, 162, 3, '2026-04-24 23:00:00+00:00'::timestamptz, 'parent', NULL, NULL),
(162, 163, 3, '2026-04-24 23:00:00+00:00'::timestamptz, 'parent', NULL, NULL),
(163, 164, 3, '2026-04-24 23:00:00+00:00'::timestamptz, 'parent', NULL, NULL),
(164, 165, 3, '2026-04-24 23:00:00+00:00'::timestamptz, 'parent', NULL, NULL),
(165, 166, 3, '2026-04-24 23:00:00+00:00'::timestamptz, 'parent', NULL, NULL),
(166, 168, 3, '2026-04-24 23:00:00+00:00'::timestamptz, 'parent', NULL, NULL),
(167, 169, 3, '2026-04-24 23:00:00+00:00'::timestamptz, 'parent', NULL, NULL),
(168, 170, 3, '2026-04-24 23:00:00+00:00'::timestamptz, 'parent', NULL, NULL),
(169, 171, 3, '2026-04-24 23:00:00+00:00'::timestamptz, 'parent', NULL, NULL),
(170, 172, 3, '2026-04-24 23:00:00+00:00'::timestamptz, 'parent', NULL, NULL),
(171, 173, 3, '2026-04-24 23:00:00+00:00'::timestamptz, 'parent', NULL, NULL),
(172, 174, 3, '2026-04-24 23:00:00+00:00'::timestamptz, 'parent', NULL, NULL),
(173, 175, 3, '2026-04-24 23:00:00+00:00'::timestamptz, 'parent', NULL, NULL),
(174, 177, 3, '2026-04-24 23:00:00+00:00'::timestamptz, 'parent', NULL, NULL),
(175, 178, 3, '2026-04-24 23:00:00+00:00'::timestamptz, 'parent', NULL, NULL),
(176, 179, 3, '2026-04-24 23:00:00+00:00'::timestamptz, 'parent', NULL, NULL),
(177, 180, 3, '2026-04-24 23:00:00+00:00'::timestamptz, 'parent', NULL, NULL),
(178, 181, 3, '2026-04-24 23:00:00+00:00'::timestamptz, 'parent', NULL, NULL),
(179, 182, 3, '2026-04-24 23:00:00+00:00'::timestamptz, 'parent', NULL, NULL),
(180, 184, 3, '2026-04-24 23:00:00+00:00'::timestamptz, 'parent', NULL, NULL),
(181, 185, 3, '2026-04-24 23:00:00+00:00'::timestamptz, 'parent', NULL, NULL),
(182, 186, 3, '2026-04-24 23:00:00+00:00'::timestamptz, 'parent', NULL, NULL),
(183, 187, 3, '2026-04-24 23:00:00+00:00'::timestamptz, 'parent', NULL, NULL),
(184, 188, 3, '2026-04-24 23:00:00+00:00'::timestamptz, 'parent', NULL, NULL),
(185, 189, 3, '2026-04-24 23:00:00+00:00'::timestamptz, 'parent', NULL, NULL),
(186, 190, 3, '2026-04-24 23:00:00+00:00'::timestamptz, 'parent', NULL, NULL),
(187, 191, 3, '2026-04-24 23:00:00+00:00'::timestamptz, 'parent', NULL, NULL),
(188, 192, 3, '2026-04-24 23:00:00+00:00'::timestamptz, 'parent', NULL, NULL),
(189, 193, 3, '2026-04-24 23:00:00+00:00'::timestamptz, 'parent', NULL, NULL),
(190, 194, 3, '2026-04-24 23:00:00+00:00'::timestamptz, 'parent', NULL, NULL),
(191, 195, 3, '2026-04-24 23:00:00+00:00'::timestamptz, 'parent', NULL, NULL),
(192, 196, 3, '2026-04-24 23:00:00+00:00'::timestamptz, 'parent', NULL, NULL),
(193, 197, 3, '2026-04-24 23:00:00+00:00'::timestamptz, 'parent', NULL, NULL),
(194, 198, 3, '2026-04-24 23:00:00+00:00'::timestamptz, 'parent', NULL, NULL),
(195, 199, 3, '2026-04-24 23:00:00+00:00'::timestamptz, 'parent', NULL, NULL),
(196, 200, 3, '2026-04-24 23:00:00+00:00'::timestamptz, 'parent', NULL, NULL),
(197, 201, 3, '2026-04-24 23:00:00+00:00'::timestamptz, 'parent', NULL, NULL),
(198, 202, 3, '2026-04-24 23:00:00+00:00'::timestamptz, 'parent', NULL, NULL),
(199, 203, 3, '2026-04-24 23:00:00+00:00'::timestamptz, 'parent', NULL, NULL),
(200, 204, 3, '2026-04-24 23:00:00+00:00'::timestamptz, 'parent', NULL, NULL);
INSERT INTO term_meal_preferences (id, enrolment_id, caterer_id, captured_at, captured_by, superseded_at, notes) VALUES
(201, 205, 3, '2026-04-24 23:00:00+00:00'::timestamptz, 'parent', NULL, NULL),
(202, 206, 3, '2026-04-24 23:00:00+00:00'::timestamptz, 'parent', NULL, NULL),
(203, 207, 3, '2026-04-24 23:00:00+00:00'::timestamptz, 'parent', NULL, NULL),
(204, 208, 3, '2026-04-24 23:00:00+00:00'::timestamptz, 'parent', NULL, NULL),
(205, 209, 3, '2026-04-24 23:00:00+00:00'::timestamptz, 'parent', NULL, NULL),
(206, 210, 4, '2026-04-24 23:00:00+00:00'::timestamptz, 'parent', NULL, NULL),
(207, 211, 4, '2026-04-24 23:00:00+00:00'::timestamptz, 'parent', NULL, NULL),
(208, 212, 4, '2026-04-24 23:00:00+00:00'::timestamptz, 'parent', NULL, NULL),
(209, 213, 4, '2026-04-24 23:00:00+00:00'::timestamptz, 'parent', NULL, NULL),
(210, 214, 4, '2026-04-24 23:00:00+00:00'::timestamptz, 'parent', NULL, NULL),
(211, 215, 4, '2026-04-24 23:00:00+00:00'::timestamptz, 'parent', NULL, NULL),
(212, 216, 4, '2026-04-24 23:00:00+00:00'::timestamptz, 'parent', NULL, NULL),
(213, 217, 4, '2026-04-24 23:00:00+00:00'::timestamptz, 'parent', NULL, NULL),
(214, 218, 4, '2026-04-24 23:00:00+00:00'::timestamptz, 'parent', NULL, NULL),
(215, 219, 4, '2026-04-24 23:00:00+00:00'::timestamptz, 'parent', NULL, NULL),
(216, 220, 4, '2026-04-24 23:00:00+00:00'::timestamptz, 'parent', NULL, NULL),
(217, 221, 4, '2026-04-24 23:00:00+00:00'::timestamptz, 'parent', NULL, NULL),
(218, 223, 4, '2026-04-24 23:00:00+00:00'::timestamptz, 'parent', NULL, NULL),
(219, 224, 4, '2026-04-24 23:00:00+00:00'::timestamptz, 'parent', NULL, NULL),
(220, 225, 4, '2026-04-24 23:00:00+00:00'::timestamptz, 'parent', NULL, NULL),
(221, 226, 4, '2026-04-24 23:00:00+00:00'::timestamptz, 'parent', NULL, NULL),
(222, 227, 4, '2026-04-24 23:00:00+00:00'::timestamptz, 'parent', NULL, NULL),
(223, 228, 4, '2026-04-24 23:00:00+00:00'::timestamptz, 'parent', NULL, NULL),
(224, 229, 4, '2026-04-24 23:00:00+00:00'::timestamptz, 'parent', NULL, NULL),
(225, 230, 4, '2026-04-24 23:00:00+00:00'::timestamptz, 'parent', NULL, NULL),
(226, 231, 4, '2026-04-24 23:00:00+00:00'::timestamptz, 'parent', NULL, NULL),
(227, 232, 4, '2026-04-24 23:00:00+00:00'::timestamptz, 'parent', NULL, NULL),
(228, 233, 4, '2026-04-24 23:00:00+00:00'::timestamptz, 'parent', NULL, NULL),
(229, 234, 4, '2026-04-24 23:00:00+00:00'::timestamptz, 'parent', NULL, NULL),
(230, 235, 4, '2026-04-24 23:00:00+00:00'::timestamptz, 'parent', NULL, NULL),
(231, 236, 4, '2026-04-24 23:00:00+00:00'::timestamptz, 'parent', NULL, NULL),
(232, 237, 4, '2026-04-24 23:00:00+00:00'::timestamptz, 'parent', NULL, NULL),
(233, 238, 4, '2026-04-24 23:00:00+00:00'::timestamptz, 'parent', NULL, NULL),
(234, 239, 4, '2026-04-24 23:00:00+00:00'::timestamptz, 'parent', NULL, NULL),
(235, 240, 4, '2026-04-24 23:00:00+00:00'::timestamptz, 'parent', NULL, NULL),
(236, 241, 4, '2026-04-24 23:00:00+00:00'::timestamptz, 'parent', NULL, NULL),
(237, 242, 4, '2026-04-24 23:00:00+00:00'::timestamptz, 'parent', NULL, NULL),
(238, 243, 4, '2026-04-24 23:00:00+00:00'::timestamptz, 'parent', NULL, NULL),
(239, 244, 4, '2026-04-24 23:00:00+00:00'::timestamptz, 'parent', NULL, NULL),
(240, 245, 4, '2026-04-24 23:00:00+00:00'::timestamptz, 'parent', NULL, NULL),
(241, 246, 4, '2026-04-24 23:00:00+00:00'::timestamptz, 'parent', NULL, NULL),
(242, 247, 4, '2026-04-24 23:00:00+00:00'::timestamptz, 'parent', NULL, NULL),
(243, 248, 4, '2026-04-24 23:00:00+00:00'::timestamptz, 'parent', NULL, NULL),
(244, 249, 4, '2026-04-24 23:00:00+00:00'::timestamptz, 'parent', NULL, NULL),
(245, 250, 4, '2026-04-24 23:00:00+00:00'::timestamptz, 'parent', NULL, NULL),
(246, 252, 4, '2026-04-24 23:00:00+00:00'::timestamptz, 'parent', NULL, NULL),
(247, 253, 4, '2026-04-24 23:00:00+00:00'::timestamptz, 'parent', NULL, NULL),
(248, 254, 4, '2026-04-24 23:00:00+00:00'::timestamptz, 'parent', NULL, NULL),
(249, 255, 4, '2026-04-24 23:00:00+00:00'::timestamptz, 'parent', NULL, NULL),
(250, 256, 4, '2026-04-24 23:00:00+00:00'::timestamptz, 'parent', NULL, NULL),
(251, 257, 4, '2026-04-24 23:00:00+00:00'::timestamptz, 'parent', NULL, NULL),
(252, 258, 4, '2026-04-24 23:00:00+00:00'::timestamptz, 'parent', NULL, NULL),
(253, 259, 4, '2026-04-24 23:00:00+00:00'::timestamptz, 'parent', NULL, NULL),
(254, 260, 4, '2026-04-24 23:00:00+00:00'::timestamptz, 'parent', NULL, NULL),
(255, 261, 4, '2026-04-24 23:00:00+00:00'::timestamptz, 'parent', NULL, NULL),
(256, 262, 4, '2026-04-24 23:00:00+00:00'::timestamptz, 'parent', NULL, NULL),
(257, 263, 4, '2026-04-24 23:00:00+00:00'::timestamptz, 'parent', NULL, NULL),
(258, 264, 4, '2026-04-24 23:00:00+00:00'::timestamptz, 'parent', NULL, NULL),
(259, 265, 4, '2026-04-24 23:00:00+00:00'::timestamptz, 'parent', NULL, NULL),
(260, 266, 4, '2026-04-24 23:00:00+00:00'::timestamptz, 'parent', NULL, NULL),
(261, 267, 4, '2026-04-24 23:00:00+00:00'::timestamptz, 'parent', NULL, NULL),
(262, 268, 4, '2026-04-24 23:00:00+00:00'::timestamptz, 'parent', NULL, NULL),
(263, 269, 4, '2026-04-24 23:00:00+00:00'::timestamptz, 'parent', NULL, NULL),
(264, 270, 4, '2026-04-24 23:00:00+00:00'::timestamptz, 'parent', NULL, NULL),
(265, 271, 4, '2026-04-24 23:00:00+00:00'::timestamptz, 'parent', NULL, NULL),
(266, 272, 4, '2026-04-24 23:00:00+00:00'::timestamptz, 'parent', NULL, NULL),
(267, 273, 4, '2026-04-24 23:00:00+00:00'::timestamptz, 'parent', NULL, NULL),
(268, 274, 4, '2026-04-24 23:00:00+00:00'::timestamptz, 'parent', NULL, NULL),
(269, 275, 4, '2026-04-24 23:00:00+00:00'::timestamptz, 'parent', NULL, NULL),
(270, 276, 4, '2026-04-24 23:00:00+00:00'::timestamptz, 'parent', NULL, NULL),
(271, 277, 4, '2026-04-24 23:00:00+00:00'::timestamptz, 'parent', NULL, NULL),
(272, 278, 4, '2026-04-24 23:00:00+00:00'::timestamptz, 'parent', NULL, NULL),
(273, 279, 4, '2026-04-24 23:00:00+00:00'::timestamptz, 'parent', NULL, NULL),
(274, 280, 4, '2026-04-24 23:00:00+00:00'::timestamptz, 'parent', NULL, NULL),
(275, 281, 4, '2026-04-24 23:00:00+00:00'::timestamptz, 'parent', NULL, NULL),
(276, 282, 4, '2026-04-24 23:00:00+00:00'::timestamptz, 'parent', NULL, NULL),
(277, 283, 4, '2026-04-24 23:00:00+00:00'::timestamptz, 'parent', NULL, NULL),
(278, 284, 4, '2026-04-24 23:00:00+00:00'::timestamptz, 'parent', NULL, NULL),
(279, 285, 4, '2026-04-24 23:00:00+00:00'::timestamptz, 'parent', NULL, NULL),
(280, 286, 4, '2026-04-24 23:00:00+00:00'::timestamptz, 'parent', NULL, NULL),
(281, 287, 4, '2026-04-24 23:00:00+00:00'::timestamptz, 'parent', NULL, NULL),
(282, 288, 4, '2026-04-24 23:00:00+00:00'::timestamptz, 'parent', NULL, NULL),
(283, 289, 4, '2026-04-24 23:00:00+00:00'::timestamptz, 'parent', NULL, NULL),
(284, 290, 4, '2026-04-24 23:00:00+00:00'::timestamptz, 'parent', NULL, NULL),
(285, 292, 4, '2026-04-24 23:00:00+00:00'::timestamptz, 'parent', NULL, NULL),
(286, 293, 4, '2026-04-24 23:00:00+00:00'::timestamptz, 'parent', NULL, NULL),
(287, 294, 4, '2026-04-24 23:00:00+00:00'::timestamptz, 'parent', NULL, NULL),
(288, 295, 4, '2026-04-24 23:00:00+00:00'::timestamptz, 'parent', NULL, NULL),
(289, 296, 4, '2026-04-24 23:00:00+00:00'::timestamptz, 'parent', NULL, NULL),
(290, 297, 4, '2026-04-24 23:00:00+00:00'::timestamptz, 'parent', NULL, NULL),
(291, 298, 4, '2026-04-24 23:00:00+00:00'::timestamptz, 'parent', NULL, NULL),
(292, 299, 4, '2026-04-24 23:00:00+00:00'::timestamptz, 'parent', NULL, NULL),
(293, 300, 4, '2026-04-24 23:00:00+00:00'::timestamptz, 'parent', NULL, NULL),
(294, 301, 4, '2026-04-24 23:00:00+00:00'::timestamptz, 'parent', NULL, NULL),
(295, 302, 4, '2026-04-24 23:00:00+00:00'::timestamptz, 'parent', NULL, NULL),
(296, 303, 4, '2026-04-24 23:00:00+00:00'::timestamptz, 'parent', NULL, NULL),
(297, 304, 4, '2026-04-24 23:00:00+00:00'::timestamptz, 'parent', NULL, NULL),
(298, 305, 4, '2026-04-24 23:00:00+00:00'::timestamptz, 'parent', NULL, NULL),
(299, 306, 4, '2026-04-24 23:00:00+00:00'::timestamptz, 'parent', NULL, NULL),
(300, 307, 4, '2026-04-24 23:00:00+00:00'::timestamptz, 'parent', NULL, NULL);
INSERT INTO term_meal_preferences (id, enrolment_id, caterer_id, captured_at, captured_by, superseded_at, notes) VALUES
(301, 308, 4, '2026-04-24 23:00:00+00:00'::timestamptz, 'parent', NULL, NULL),
(302, 309, 4, '2026-04-24 23:00:00+00:00'::timestamptz, 'parent', NULL, NULL),
(303, 310, 4, '2026-04-24 23:00:00+00:00'::timestamptz, 'parent', NULL, NULL),
(304, 311, 4, '2026-04-24 23:00:00+00:00'::timestamptz, 'parent', NULL, NULL),
(305, 312, 4, '2026-04-24 23:00:00+00:00'::timestamptz, 'parent', NULL, NULL),
(306, 313, 4, '2026-04-24 23:00:00+00:00'::timestamptz, 'parent', NULL, NULL),
(307, 314, 4, '2026-04-24 23:00:00+00:00'::timestamptz, 'parent', NULL, NULL),
(308, 315, 4, '2026-04-24 23:00:00+00:00'::timestamptz, 'parent', NULL, NULL),
(309, 316, 4, '2026-04-24 23:00:00+00:00'::timestamptz, 'parent', NULL, NULL),
(310, 317, 4, '2026-04-24 23:00:00+00:00'::timestamptz, 'parent', NULL, NULL),
(311, 318, 4, '2026-04-24 23:00:00+00:00'::timestamptz, 'parent', NULL, NULL),
(312, 319, 4, '2026-04-24 23:00:00+00:00'::timestamptz, 'parent', NULL, NULL),
(313, 320, 4, '2026-04-24 23:00:00+00:00'::timestamptz, 'parent', NULL, NULL);

-- term_meal_preference_items: 1539 row(s)
INSERT INTO term_meal_preference_items (preference_id, menu_item_id, rank) VALUES
(1, 3, 3),
(1, 6, 4),
(1, 7, 1),
(1, 10, 2),
(2, 1, 6),
(2, 2, 1),
(2, 4, 5),
(2, 5, 4),
(2, 9, 2),
(2, 10, 3),
(3, 2, 1),
(3, 4, 2),
(3, 5, 4),
(3, 9, 3),
(4, 2, 1),
(4, 3, 3),
(4, 5, 5),
(4, 6, 2),
(4, 9, 4),
(4, 10, 6),
(5, 1, 3),
(5, 2, 5),
(5, 5, 2),
(5, 7, 4),
(5, 10, 1),
(6, 2, 4),
(6, 3, 6),
(6, 5, 3),
(6, 6, 2),
(6, 7, 1),
(6, 10, 5),
(7, 2, 1),
(7, 3, 4),
(7, 7, 2),
(7, 10, 3),
(8, 1, 3),
(8, 4, 5),
(8, 5, 2),
(8, 6, 4),
(8, 10, 1),
(9, 2, 1),
(9, 3, 5),
(9, 5, 4),
(9, 7, 2),
(9, 9, 6),
(9, 10, 3),
(10, 1, 4),
(10, 2, 3),
(10, 4, 2),
(10, 6, 5),
(10, 10, 1),
(11, 2, 2),
(11, 4, 3),
(11, 5, 1),
(11, 7, 4),
(12, 4, 2),
(12, 5, 3),
(12, 9, 1),
(12, 10, 4),
(13, 4, 3),
(13, 6, 1),
(13, 9, 4),
(13, 10, 2),
(14, 2, 1),
(14, 3, 2),
(14, 4, 3),
(14, 8, 5),
(14, 10, 4),
(15, 3, 5),
(15, 6, 1),
(15, 7, 2),
(15, 9, 3),
(15, 10, 4),
(16, 1, 2),
(16, 3, 6),
(16, 4, 3),
(16, 6, 1),
(16, 7, 4),
(16, 9, 5),
(17, 2, 2),
(17, 4, 3),
(17, 5, 1),
(17, 6, 5),
(17, 10, 4),
(18, 14, 1),
(18, 16, 4),
(18, 17, 3),
(18, 18, 2),
(18, 20, 5),
(19, 13, 2),
(19, 14, 3),
(19, 15, 1),
(19, 16, 4),
(20, 13, 6),
(20, 14, 5),
(20, 15, 2),
(20, 17, 3),
(20, 19, 1),
(20, 20, 4),
(21, 11, 4);
INSERT INTO term_meal_preference_items (preference_id, menu_item_id, rank) VALUES
(21, 13, 1),
(21, 18, 3),
(21, 19, 2),
(22, 11, 1),
(22, 12, 2),
(22, 13, 4),
(22, 19, 3),
(23, 11, 1),
(23, 12, 2),
(23, 17, 3),
(23, 20, 4),
(24, 11, 3),
(24, 15, 1),
(24, 16, 4),
(24, 17, 5),
(24, 18, 6),
(24, 19, 2),
(25, 11, 4),
(25, 13, 5),
(25, 14, 6),
(25, 15, 2),
(25, 16, 3),
(25, 19, 1),
(26, 11, 2),
(26, 15, 3),
(26, 18, 1),
(26, 20, 4),
(27, 12, 2),
(27, 15, 3),
(27, 17, 4),
(27, 19, 1),
(28, 12, 5),
(28, 13, 3),
(28, 14, 2),
(28, 15, 6),
(28, 18, 4),
(28, 19, 1),
(29, 11, 1),
(29, 13, 6),
(29, 16, 2),
(29, 17, 5),
(29, 18, 3),
(29, 20, 4),
(30, 11, 2),
(30, 14, 1),
(30, 15, 4),
(30, 19, 5),
(30, 20, 3),
(31, 12, 2),
(31, 13, 3),
(31, 18, 1),
(31, 19, 4),
(32, 13, 3),
(32, 15, 5),
(32, 16, 6),
(32, 18, 1),
(32, 19, 2),
(32, 20, 4),
(33, 13, 5),
(33, 14, 1),
(33, 16, 4),
(33, 19, 2),
(33, 20, 3),
(34, 11, 4),
(34, 12, 5),
(34, 16, 1),
(34, 18, 2),
(34, 19, 3),
(35, 11, 3),
(35, 12, 1),
(35, 15, 4),
(35, 16, 2),
(36, 11, 2),
(36, 12, 1),
(36, 17, 3),
(36, 20, 4),
(37, 11, 1),
(37, 15, 3),
(37, 18, 4),
(37, 20, 2),
(38, 12, 4),
(38, 14, 1),
(38, 15, 2),
(38, 17, 6),
(38, 18, 3),
(38, 19, 5),
(39, 14, 3),
(39, 16, 6),
(39, 17, 4),
(39, 18, 2),
(39, 19, 5),
(39, 20, 1),
(40, 12, 1),
(40, 13, 4),
(40, 17, 3),
(40, 20, 2),
(41, 11, 3),
(41, 16, 4),
(41, 17, 1),
(41, 18, 2);
INSERT INTO term_meal_preference_items (preference_id, menu_item_id, rank) VALUES
(41, 20, 5),
(42, 11, 2),
(42, 12, 1),
(42, 13, 5),
(42, 16, 4),
(42, 17, 3),
(42, 19, 6),
(43, 12, 4),
(43, 14, 1),
(43, 18, 3),
(43, 20, 2),
(44, 11, 5),
(44, 12, 4),
(44, 13, 1),
(44, 15, 2),
(44, 18, 3),
(45, 11, 3),
(45, 12, 2),
(45, 15, 5),
(45, 16, 4),
(45, 19, 1),
(46, 12, 1),
(46, 13, 3),
(46, 14, 2),
(46, 19, 4),
(47, 11, 4),
(47, 12, 5),
(47, 14, 2),
(47, 17, 3),
(47, 18, 1),
(48, 11, 1),
(48, 12, 4),
(48, 13, 3),
(48, 17, 2),
(48, 19, 5),
(49, 12, 4),
(49, 13, 3),
(49, 18, 2),
(49, 19, 1),
(49, 20, 5),
(50, 11, 1),
(50, 16, 4),
(50, 19, 2),
(50, 20, 3),
(51, 11, 1),
(51, 15, 4),
(51, 17, 5),
(51, 18, 3),
(51, 20, 2),
(52, 11, 1),
(52, 12, 3),
(52, 17, 4),
(52, 19, 2),
(53, 12, 1),
(53, 14, 3),
(53, 18, 4),
(53, 20, 2),
(54, 11, 3),
(54, 14, 2),
(54, 15, 4),
(54, 20, 1),
(55, 13, 4),
(55, 16, 3),
(55, 17, 1),
(55, 19, 2),
(56, 12, 4),
(56, 15, 3),
(56, 18, 1),
(56, 20, 2),
(57, 12, 2),
(57, 13, 3),
(57, 17, 1),
(57, 19, 4),
(57, 20, 5),
(58, 11, 1),
(58, 12, 2),
(58, 17, 4),
(58, 20, 3),
(59, 11, 6),
(59, 12, 4),
(59, 13, 5),
(59, 14, 1),
(59, 15, 3),
(59, 19, 2),
(60, 13, 3),
(60, 14, 4),
(60, 15, 2),
(60, 16, 1),
(61, 11, 3),
(61, 13, 6),
(61, 15, 1),
(61, 16, 4),
(61, 19, 2),
(61, 20, 5),
(62, 11, 4),
(62, 12, 1),
(62, 13, 2),
(62, 15, 3),
(62, 17, 5),
(62, 18, 6);
INSERT INTO term_meal_preference_items (preference_id, menu_item_id, rank) VALUES
(63, 11, 3),
(63, 12, 2),
(63, 17, 1),
(63, 20, 4),
(64, 13, 4),
(64, 15, 1),
(64, 18, 3),
(64, 19, 2),
(65, 11, 4),
(65, 12, 1),
(65, 15, 3),
(65, 17, 2),
(66, 12, 2),
(66, 15, 1),
(66, 18, 4),
(66, 20, 3),
(67, 11, 4),
(67, 15, 6),
(67, 16, 1),
(67, 17, 2),
(67, 18, 5),
(67, 20, 3),
(68, 11, 3),
(68, 13, 1),
(68, 15, 6),
(68, 17, 4),
(68, 19, 2),
(68, 20, 5),
(69, 11, 4),
(69, 13, 1),
(69, 16, 6),
(69, 17, 2),
(69, 18, 5),
(69, 20, 3),
(70, 14, 2),
(70, 16, 1),
(70, 19, 3),
(70, 20, 4),
(71, 15, 4),
(71, 16, 1),
(71, 17, 3),
(71, 19, 2),
(72, 12, 5),
(72, 13, 1),
(72, 14, 2),
(72, 17, 4),
(72, 19, 6),
(72, 20, 3),
(73, 13, 1),
(73, 16, 2),
(73, 17, 3),
(73, 18, 4),
(74, 11, 6),
(74, 13, 3),
(74, 14, 1),
(74, 15, 2),
(74, 16, 5),
(74, 17, 4),
(75, 11, 1),
(75, 12, 4),
(75, 14, 3),
(75, 18, 2),
(75, 19, 5),
(76, 11, 2),
(76, 12, 4),
(76, 17, 1),
(76, 20, 3),
(77, 11, 5),
(77, 13, 4),
(77, 14, 1),
(77, 16, 3),
(77, 17, 2),
(77, 19, 6),
(78, 11, 4),
(78, 16, 3),
(78, 17, 2),
(78, 19, 1),
(78, 20, 5),
(79, 11, 3),
(79, 13, 1),
(79, 15, 2),
(79, 18, 4),
(79, 19, 5),
(80, 15, 1),
(80, 16, 4),
(80, 17, 5),
(80, 18, 2),
(80, 20, 3),
(81, 11, 5),
(81, 12, 1),
(81, 13, 4),
(81, 14, 3),
(81, 17, 2),
(81, 18, 6),
(82, 12, 3),
(82, 15, 4),
(82, 17, 1),
(82, 20, 2),
(83, 12, 1),
(83, 13, 4);
INSERT INTO term_meal_preference_items (preference_id, menu_item_id, rank) VALUES
(83, 14, 2),
(83, 15, 3),
(83, 17, 5),
(84, 13, 6),
(84, 14, 5),
(84, 15, 1),
(84, 16, 4),
(84, 19, 2),
(84, 20, 3),
(85, 11, 5),
(85, 12, 4),
(85, 15, 2),
(85, 17, 3),
(85, 18, 1),
(86, 12, 3),
(86, 15, 4),
(86, 16, 2),
(86, 17, 5),
(86, 18, 1),
(87, 11, 1),
(87, 12, 4),
(87, 14, 5),
(87, 15, 2),
(87, 18, 6),
(87, 19, 3),
(88, 11, 6),
(88, 12, 4),
(88, 13, 2),
(88, 17, 3),
(88, 19, 5),
(88, 20, 1),
(89, 22, 3),
(89, 23, 2),
(89, 25, 5),
(89, 26, 6),
(89, 28, 1),
(89, 29, 4),
(90, 26, 1),
(90, 29, 3),
(90, 30, 2),
(91, 21, 3),
(91, 23, 2),
(91, 24, 1),
(91, 28, 4),
(92, 22, 2),
(92, 24, 4),
(92, 28, 1),
(92, 30, 3),
(93, 22, 6),
(93, 24, 2),
(93, 27, 3),
(93, 28, 5),
(93, 29, 4),
(93, 30, 1),
(94, 21, 1),
(94, 24, 4),
(94, 29, 2),
(94, 30, 3),
(95, 21, 4),
(95, 23, 1),
(95, 28, 3),
(95, 29, 2),
(96, 22, 2),
(96, 24, 1),
(96, 25, 6),
(96, 28, 3),
(96, 29, 4),
(96, 30, 5),
(97, 25, 4),
(97, 26, 2),
(97, 27, 6),
(97, 28, 3),
(97, 29, 5),
(97, 30, 1),
(98, 23, 3),
(98, 24, 5),
(98, 26, 4),
(98, 28, 2),
(98, 29, 1),
(99, 24, 2),
(99, 25, 1),
(99, 27, 4),
(99, 28, 5),
(99, 30, 3),
(100, 24, 2),
(100, 27, 3),
(100, 29, 1),
(101, 22, 1),
(101, 23, 4),
(101, 24, 3),
(101, 25, 2),
(101, 27, 5),
(102, 22, 2),
(102, 23, 3),
(102, 27, 5),
(102, 29, 1),
(102, 30, 4),
(103, 22, 3),
(103, 23, 1),
(103, 24, 2);
INSERT INTO term_meal_preference_items (preference_id, menu_item_id, rank) VALUES
(103, 27, 5),
(103, 29, 4),
(104, 21, 4),
(104, 22, 5),
(104, 27, 3),
(104, 28, 2),
(104, 29, 1),
(105, 21, 2),
(105, 24, 4),
(105, 27, 1),
(105, 29, 5),
(105, 30, 3),
(106, 25, 1),
(106, 26, 5),
(106, 27, 2),
(106, 29, 3),
(106, 30, 4),
(107, 22, 4),
(107, 23, 5),
(107, 24, 2),
(107, 28, 3),
(107, 29, 1),
(107, 30, 6),
(108, 21, 1),
(108, 26, 3),
(108, 27, 2),
(108, 28, 4),
(108, 29, 5),
(109, 23, 1),
(109, 25, 4),
(109, 27, 5),
(109, 28, 2),
(109, 30, 3),
(110, 21, 2),
(110, 22, 3),
(110, 26, 4),
(110, 27, 1),
(111, 21, 4),
(111, 23, 1),
(111, 28, 2),
(111, 29, 5),
(111, 30, 3),
(112, 23, 4),
(112, 24, 2),
(112, 26, 1),
(112, 27, 5),
(112, 28, 3),
(113, 21, 5),
(113, 23, 4),
(113, 24, 3),
(113, 25, 1),
(113, 29, 2),
(114, 21, 1),
(114, 22, 5),
(114, 23, 4),
(114, 29, 2),
(114, 30, 3),
(115, 21, 2),
(115, 22, 1),
(115, 27, 5),
(115, 28, 6),
(115, 29, 3),
(115, 30, 4),
(116, 21, 6),
(116, 23, 1),
(116, 24, 2),
(116, 26, 5),
(116, 29, 4),
(116, 30, 3),
(117, 22, 6),
(117, 23, 5),
(117, 24, 1),
(117, 25, 3),
(117, 27, 4),
(117, 28, 2),
(118, 21, 5),
(118, 22, 2),
(118, 23, 3),
(118, 25, 6),
(118, 28, 4),
(118, 30, 1),
(119, 25, 1),
(119, 26, 4),
(119, 27, 2),
(119, 29, 3),
(120, 22, 1),
(120, 24, 2),
(120, 26, 4),
(120, 30, 3),
(121, 21, 3),
(121, 22, 2),
(121, 23, 4),
(121, 25, 5),
(121, 30, 1),
(122, 21, 4),
(122, 22, 2),
(122, 24, 5),
(122, 26, 1),
(122, 30, 3),
(123, 22, 1);
INSERT INTO term_meal_preference_items (preference_id, menu_item_id, rank) VALUES
(123, 24, 5),
(123, 26, 3),
(123, 27, 2),
(123, 28, 4),
(124, 23, 1),
(124, 25, 5),
(124, 26, 4),
(124, 27, 2),
(124, 28, 6),
(124, 30, 3),
(125, 24, 4),
(125, 25, 6),
(125, 26, 5),
(125, 28, 2),
(125, 29, 1),
(125, 30, 3),
(126, 22, 3),
(126, 23, 4),
(126, 24, 2),
(126, 26, 1),
(126, 29, 5),
(127, 21, 4),
(127, 26, 3),
(127, 27, 2),
(127, 28, 1),
(128, 22, 2),
(128, 23, 5),
(128, 24, 3),
(128, 26, 1),
(128, 29, 4),
(129, 21, 5),
(129, 25, 2),
(129, 26, 1),
(129, 28, 4),
(129, 29, 3),
(130, 22, 2),
(130, 24, 1),
(130, 26, 4),
(130, 27, 6),
(130, 28, 5),
(130, 30, 3),
(131, 21, 5),
(131, 24, 1),
(131, 26, 6),
(131, 28, 2),
(131, 29, 3),
(131, 30, 4),
(132, 23, 4),
(132, 24, 1),
(132, 26, 5),
(132, 27, 2),
(132, 30, 3),
(133, 24, 4),
(133, 25, 6),
(133, 26, 1),
(133, 28, 2),
(133, 29, 5),
(133, 30, 3),
(134, 23, 4),
(134, 25, 3),
(134, 26, 1),
(134, 27, 5),
(134, 28, 2),
(135, 24, 1),
(135, 27, 3),
(135, 29, 2),
(136, 22, 4),
(136, 23, 2),
(136, 24, 3),
(136, 29, 1),
(137, 21, 4),
(137, 22, 5),
(137, 23, 6),
(137, 25, 2),
(137, 28, 1),
(137, 29, 3),
(138, 21, 4),
(138, 23, 2),
(138, 25, 3),
(138, 26, 1),
(139, 21, 4),
(139, 23, 2),
(139, 25, 3),
(139, 27, 5),
(139, 28, 6),
(139, 29, 1),
(140, 21, 5),
(140, 22, 3),
(140, 23, 1),
(140, 27, 4),
(140, 28, 2),
(141, 22, 6),
(141, 23, 5),
(141, 24, 4),
(141, 25, 1),
(141, 28, 2),
(141, 29, 3),
(142, 22, 3),
(142, 25, 1),
(142, 27, 4);
INSERT INTO term_meal_preference_items (preference_id, menu_item_id, rank) VALUES
(142, 28, 2),
(143, 22, 3),
(143, 25, 4),
(143, 27, 1),
(143, 28, 2),
(144, 21, 1),
(144, 23, 2),
(144, 25, 5),
(144, 27, 4),
(144, 28, 6),
(144, 29, 3),
(145, 22, 2),
(145, 24, 1),
(145, 25, 4),
(145, 27, 3),
(146, 23, 6),
(146, 24, 2),
(146, 27, 3),
(146, 28, 5),
(146, 29, 4),
(146, 30, 1),
(147, 21, 3),
(147, 25, 2),
(147, 26, 5),
(147, 27, 1),
(147, 28, 6),
(147, 29, 4),
(148, 22, 4),
(148, 23, 2),
(148, 24, 3),
(148, 29, 1),
(149, 22, 3),
(149, 23, 2),
(149, 24, 1),
(149, 28, 4),
(150, 23, 4),
(150, 27, 1),
(150, 28, 2),
(150, 29, 3),
(151, 26, 1),
(151, 29, 2),
(151, 30, 3),
(152, 22, 2),
(152, 23, 4),
(152, 24, 3),
(152, 25, 6),
(152, 26, 5),
(152, 28, 1),
(153, 22, 3),
(153, 24, 1),
(153, 25, 4),
(153, 26, 6),
(153, 27, 2),
(153, 28, 5),
(154, 21, 3),
(154, 22, 2),
(154, 23, 1),
(154, 29, 4),
(154, 30, 5),
(155, 21, 4),
(155, 23, 6),
(155, 24, 5),
(155, 25, 2),
(155, 28, 3),
(155, 30, 1),
(156, 21, 5),
(156, 24, 4),
(156, 25, 2),
(156, 27, 1),
(156, 28, 3),
(156, 29, 6),
(157, 21, 4),
(157, 25, 3),
(157, 26, 2),
(157, 27, 1),
(158, 21, 2),
(158, 24, 1),
(158, 25, 3),
(158, 28, 4),
(159, 23, 1),
(159, 28, 2),
(159, 29, 3),
(159, 30, 4),
(160, 21, 4),
(160, 27, 2),
(160, 28, 3),
(160, 30, 1),
(161, 23, 4),
(161, 26, 1),
(161, 27, 2),
(161, 28, 5),
(161, 30, 3),
(162, 23, 1),
(162, 25, 3),
(162, 28, 4),
(162, 30, 2),
(163, 21, 3),
(163, 24, 4),
(163, 27, 1),
(163, 28, 5);
INSERT INTO term_meal_preference_items (preference_id, menu_item_id, rank) VALUES
(163, 29, 2),
(164, 22, 3),
(164, 24, 5),
(164, 25, 1),
(164, 26, 2),
(164, 27, 4),
(165, 21, 1),
(165, 22, 6),
(165, 24, 4),
(165, 28, 3),
(165, 29, 2),
(165, 30, 5),
(166, 21, 5),
(166, 22, 6),
(166, 26, 1),
(166, 27, 4),
(166, 28, 2),
(166, 29, 3),
(167, 23, 2),
(167, 24, 4),
(167, 25, 3),
(167, 26, 5),
(167, 29, 1),
(168, 21, 2),
(168, 22, 1),
(168, 24, 3),
(168, 26, 4),
(168, 30, 5),
(169, 21, 1),
(169, 22, 5),
(169, 24, 3),
(169, 25, 2),
(169, 30, 4),
(170, 22, 2),
(170, 23, 3),
(170, 24, 4),
(170, 28, 1),
(171, 24, 4),
(171, 25, 1),
(171, 26, 6),
(171, 27, 5),
(171, 29, 2),
(171, 30, 3),
(172, 23, 3),
(172, 24, 4),
(172, 28, 1),
(172, 29, 2),
(173, 23, 3),
(173, 27, 4),
(173, 29, 2),
(173, 30, 1),
(174, 25, 1),
(174, 26, 3),
(174, 27, 2),
(174, 29, 4),
(175, 21, 2),
(175, 23, 5),
(175, 25, 1),
(175, 26, 4),
(175, 28, 6),
(175, 30, 3),
(176, 23, 2),
(176, 24, 5),
(176, 25, 4),
(176, 28, 1),
(176, 29, 6),
(176, 30, 3),
(177, 23, 5),
(177, 24, 4),
(177, 27, 3),
(177, 29, 1),
(177, 30, 2),
(178, 24, 1),
(178, 27, 2),
(178, 29, 4),
(178, 30, 3),
(179, 21, 1),
(179, 24, 5),
(179, 26, 2),
(179, 28, 3),
(179, 29, 4),
(180, 21, 3),
(180, 22, 4),
(180, 23, 1),
(180, 25, 5),
(180, 28, 2),
(181, 26, 1),
(181, 29, 2),
(181, 30, 3),
(182, 21, 2),
(182, 22, 6),
(182, 23, 3),
(182, 24, 4),
(182, 26, 5),
(182, 28, 1),
(183, 25, 2),
(183, 26, 3),
(183, 28, 1),
(183, 29, 4),
(184, 22, 2);
INSERT INTO term_meal_preference_items (preference_id, menu_item_id, rank) VALUES
(184, 25, 6),
(184, 26, 3),
(184, 27, 1),
(184, 28, 5),
(184, 30, 4),
(185, 21, 3),
(185, 25, 4),
(185, 26, 1),
(185, 28, 2),
(185, 29, 5),
(186, 22, 3),
(186, 24, 2),
(186, 25, 1),
(186, 29, 4),
(187, 21, 1),
(187, 22, 4),
(187, 24, 2),
(187, 25, 3),
(188, 21, 1),
(188, 23, 4),
(188, 26, 2),
(188, 30, 3),
(189, 22, 4),
(189, 23, 3),
(189, 25, 5),
(189, 26, 1),
(189, 27, 2),
(190, 21, 5),
(190, 22, 4),
(190, 23, 2),
(190, 29, 3),
(190, 30, 1),
(191, 22, 5),
(191, 24, 2),
(191, 25, 4),
(191, 26, 6),
(191, 27, 1),
(191, 28, 3),
(192, 21, 5),
(192, 25, 1),
(192, 26, 4),
(192, 28, 2),
(192, 30, 3),
(193, 21, 4),
(193, 23, 3),
(193, 24, 5),
(193, 25, 1),
(193, 29, 2),
(194, 23, 5),
(194, 25, 2),
(194, 26, 4),
(194, 27, 3),
(194, 30, 1),
(195, 24, 2),
(195, 25, 1),
(195, 27, 3),
(195, 28, 4),
(195, 29, 5),
(196, 24, 1),
(196, 25, 4),
(196, 26, 3),
(196, 27, 2),
(197, 21, 2),
(197, 23, 4),
(197, 25, 1),
(197, 27, 3),
(197, 29, 5),
(198, 21, 1),
(198, 22, 5),
(198, 25, 3),
(198, 27, 4),
(198, 28, 2),
(198, 29, 6),
(199, 24, 1),
(199, 25, 3),
(199, 26, 4),
(199, 27, 5),
(199, 30, 2),
(200, 21, 3),
(200, 22, 2),
(200, 23, 1),
(200, 24, 5),
(200, 28, 6),
(200, 30, 4),
(201, 22, 3),
(201, 23, 2),
(201, 24, 6),
(201, 26, 1),
(201, 27, 5),
(201, 29, 4),
(202, 23, 2),
(202, 24, 1),
(202, 25, 4),
(202, 26, 3),
(203, 23, 2),
(203, 24, 5),
(203, 25, 1),
(203, 27, 4),
(203, 29, 6),
(203, 30, 3);
INSERT INTO term_meal_preference_items (preference_id, menu_item_id, rank) VALUES
(204, 21, 4),
(204, 22, 2),
(204, 26, 1),
(204, 28, 3),
(204, 29, 5),
(204, 30, 6),
(205, 21, 5),
(205, 22, 6),
(205, 23, 4),
(205, 27, 3),
(205, 29, 1),
(205, 30, 2),
(206, 34, 1),
(206, 38, 2),
(206, 39, 4),
(206, 40, 3),
(207, 31, 4),
(207, 35, 1),
(207, 36, 3),
(207, 37, 2),
(207, 38, 5),
(208, 31, 2),
(208, 35, 4),
(208, 36, 3),
(208, 38, 1),
(209, 32, 1),
(209, 35, 3),
(209, 36, 4),
(209, 38, 2),
(210, 31, 3),
(210, 32, 1),
(210, 33, 2),
(210, 38, 4),
(210, 39, 5),
(211, 32, 1),
(211, 34, 3),
(211, 35, 4),
(211, 39, 5),
(211, 40, 2),
(212, 35, 4),
(212, 36, 2),
(212, 37, 3),
(212, 38, 1),
(212, 39, 5),
(213, 32, 3),
(213, 33, 1),
(213, 34, 5),
(213, 35, 6),
(213, 37, 2),
(213, 39, 4),
(214, 31, 2),
(214, 32, 4),
(214, 34, 5),
(214, 35, 1),
(214, 36, 3),
(215, 32, 3),
(215, 33, 5),
(215, 34, 1),
(215, 36, 2),
(215, 39, 4),
(216, 31, 2),
(216, 32, 5),
(216, 33, 4),
(216, 36, 1),
(216, 37, 3),
(216, 39, 6),
(217, 31, 3),
(217, 32, 1),
(217, 33, 5),
(217, 34, 2),
(217, 38, 4),
(218, 32, 3),
(218, 33, 1),
(218, 34, 2),
(218, 37, 4),
(219, 32, 5),
(219, 33, 4),
(219, 34, 1),
(219, 35, 6),
(219, 39, 3),
(219, 40, 2),
(220, 33, 2),
(220, 35, 1),
(220, 39, 3),
(220, 40, 4),
(221, 31, 1),
(221, 32, 3),
(221, 35, 2),
(222, 31, 1),
(222, 34, 3),
(222, 35, 4),
(222, 36, 2),
(223, 31, 1),
(223, 32, 5),
(223, 33, 2),
(223, 35, 3),
(223, 40, 4),
(224, 31, 5),
(224, 32, 3),
(224, 34, 6);
INSERT INTO term_meal_preference_items (preference_id, menu_item_id, rank) VALUES
(224, 36, 4),
(224, 37, 1),
(224, 39, 2),
(225, 32, 3),
(225, 34, 4),
(225, 35, 5),
(225, 36, 1),
(225, 39, 2),
(226, 31, 2),
(226, 34, 4),
(226, 35, 3),
(226, 40, 1),
(227, 31, 1),
(227, 34, 5),
(227, 36, 6),
(227, 37, 4),
(227, 38, 3),
(227, 40, 2),
(228, 31, 4),
(228, 32, 1),
(228, 33, 6),
(228, 37, 5),
(228, 38, 2),
(228, 39, 3),
(229, 31, 1),
(229, 32, 3),
(229, 35, 2),
(230, 34, 4),
(230, 35, 5),
(230, 36, 3),
(230, 38, 6),
(230, 39, 2),
(230, 40, 1),
(231, 31, 4),
(231, 36, 5),
(231, 37, 3),
(231, 38, 1),
(231, 39, 2),
(232, 34, 2),
(232, 37, 3),
(232, 39, 1),
(232, 40, 4),
(233, 34, 4),
(233, 36, 2),
(233, 37, 1),
(233, 38, 3),
(234, 32, 1),
(234, 33, 4),
(234, 36, 2),
(234, 37, 3),
(234, 39, 5),
(235, 31, 4),
(235, 33, 2),
(235, 36, 1),
(235, 37, 5),
(235, 38, 3),
(236, 32, 1),
(236, 36, 4),
(236, 37, 2),
(236, 40, 3),
(237, 31, 3),
(237, 33, 2),
(237, 35, 4),
(237, 36, 1),
(237, 37, 5),
(237, 40, 6),
(238, 32, 1),
(238, 36, 3),
(238, 37, 2),
(238, 38, 5),
(238, 39, 4),
(239, 31, 1),
(239, 33, 4),
(239, 35, 2),
(239, 39, 3),
(239, 40, 5),
(240, 32, 6),
(240, 33, 3),
(240, 34, 2),
(240, 36, 4),
(240, 39, 1),
(240, 40, 5),
(241, 31, 4),
(241, 36, 1),
(241, 39, 2),
(241, 40, 3),
(242, 32, 1),
(242, 39, 2),
(243, 31, 3),
(243, 33, 6),
(243, 35, 4),
(243, 36, 5),
(243, 39, 2),
(243, 40, 1),
(244, 33, 1),
(244, 35, 2),
(244, 39, 3),
(244, 40, 4),
(245, 31, 1),
(245, 33, 2);
INSERT INTO term_meal_preference_items (preference_id, menu_item_id, rank) VALUES
(245, 35, 4),
(245, 36, 5),
(245, 39, 3),
(246, 32, 1),
(246, 35, 2),
(246, 36, 3),
(246, 37, 5),
(246, 39, 4),
(247, 33, 6),
(247, 34, 2),
(247, 37, 3),
(247, 38, 5),
(247, 39, 1),
(247, 40, 4),
(248, 35, 2),
(248, 36, 1),
(248, 37, 4),
(248, 40, 3),
(249, 31, 3),
(249, 32, 2),
(249, 35, 6),
(249, 37, 5),
(249, 39, 4),
(249, 40, 1),
(250, 32, 1),
(250, 35, 2),
(250, 36, 4),
(250, 38, 3),
(251, 32, 5),
(251, 33, 4),
(251, 37, 3),
(251, 38, 1),
(251, 40, 2),
(252, 31, 4),
(252, 32, 1),
(252, 33, 5),
(252, 35, 6),
(252, 36, 2),
(252, 37, 3),
(253, 31, 3),
(253, 32, 4),
(253, 34, 5),
(253, 35, 2),
(253, 39, 1),
(254, 31, 1),
(254, 32, 5),
(254, 33, 4),
(254, 34, 3),
(254, 36, 6),
(254, 40, 2),
(255, 31, 4),
(255, 32, 3),
(255, 34, 5),
(255, 35, 1),
(255, 36, 2),
(256, 32, 6),
(256, 33, 2),
(256, 34, 4),
(256, 35, 5),
(256, 37, 1),
(256, 39, 3),
(257, 31, 6),
(257, 32, 3),
(257, 34, 4),
(257, 36, 2),
(257, 39, 1),
(257, 40, 5),
(258, 31, 1),
(258, 32, 3),
(258, 33, 5),
(258, 37, 4),
(258, 38, 2),
(259, 31, 5),
(259, 33, 4),
(259, 34, 6),
(259, 37, 1),
(259, 39, 3),
(259, 40, 2),
(260, 33, 2),
(260, 34, 1),
(260, 36, 4),
(260, 37, 3),
(261, 31, 5),
(261, 32, 2),
(261, 36, 1),
(261, 37, 3),
(261, 38, 4),
(261, 39, 6),
(262, 32, 3),
(262, 33, 5),
(262, 34, 4),
(262, 37, 2),
(262, 40, 1),
(263, 31, 6),
(263, 32, 5),
(263, 34, 2),
(263, 36, 1),
(263, 37, 4),
(263, 40, 3),
(264, 31, 2);
INSERT INTO term_meal_preference_items (preference_id, menu_item_id, rank) VALUES
(264, 32, 3),
(264, 34, 5),
(264, 38, 4),
(264, 39, 6),
(264, 40, 1),
(265, 32, 1),
(265, 33, 2),
(265, 35, 3),
(265, 40, 4),
(266, 32, 3),
(266, 33, 2),
(266, 38, 4),
(266, 40, 1),
(267, 35, 5),
(267, 36, 4),
(267, 37, 6),
(267, 38, 1),
(267, 39, 3),
(267, 40, 2),
(268, 31, 4),
(268, 33, 2),
(268, 34, 5),
(268, 36, 1),
(268, 38, 3),
(269, 31, 3),
(269, 33, 4),
(269, 35, 1),
(269, 39, 5),
(269, 40, 2),
(270, 31, 4),
(270, 35, 1),
(270, 38, 2),
(270, 39, 3),
(271, 32, 3),
(271, 35, 2),
(271, 36, 1),
(271, 40, 4),
(272, 34, 4),
(272, 37, 3),
(272, 39, 2),
(272, 40, 1),
(273, 31, 2),
(273, 32, 6),
(273, 35, 5),
(273, 37, 4),
(273, 38, 3),
(273, 39, 1),
(274, 31, 4),
(274, 33, 5),
(274, 34, 3),
(274, 36, 2),
(274, 37, 1),
(275, 32, 1),
(275, 35, 4),
(275, 36, 2),
(275, 39, 5),
(275, 40, 3),
(276, 31, 1),
(276, 32, 3),
(276, 35, 2),
(277, 33, 3),
(277, 37, 5),
(277, 38, 4),
(277, 39, 1),
(277, 40, 2),
(278, 35, 5),
(278, 36, 3),
(278, 37, 1),
(278, 38, 4),
(278, 40, 2),
(279, 31, 4),
(279, 32, 2),
(279, 36, 1),
(279, 40, 3),
(280, 35, 2),
(280, 36, 4),
(280, 37, 1),
(280, 38, 6),
(280, 39, 3),
(280, 40, 5),
(281, 32, 2),
(281, 33, 3),
(281, 36, 1),
(281, 38, 4),
(282, 32, 3),
(282, 33, 2),
(282, 35, 5),
(282, 37, 1),
(282, 39, 4),
(283, 32, 3),
(283, 33, 2),
(283, 36, 1),
(283, 37, 5),
(283, 40, 4),
(284, 31, 3),
(284, 33, 4),
(284, 36, 2),
(284, 37, 5),
(284, 39, 1),
(285, 32, 4);
INSERT INTO term_meal_preference_items (preference_id, menu_item_id, rank) VALUES
(285, 34, 1),
(285, 36, 2),
(285, 38, 3),
(286, 32, 3),
(286, 33, 1),
(286, 39, 4),
(286, 40, 2),
(287, 31, 3),
(287, 36, 4),
(287, 39, 1),
(287, 40, 2),
(288, 32, 4),
(288, 33, 2),
(288, 37, 3),
(288, 38, 5),
(288, 40, 1),
(289, 31, 4),
(289, 33, 2),
(289, 38, 3),
(289, 40, 1),
(290, 33, 5),
(290, 34, 2),
(290, 35, 4),
(290, 36, 1),
(290, 38, 3),
(291, 32, 6),
(291, 33, 4),
(291, 34, 2),
(291, 38, 1),
(291, 39, 3),
(291, 40, 5),
(292, 33, 5),
(292, 37, 4),
(292, 38, 2),
(292, 39, 3),
(292, 40, 1),
(293, 32, 4),
(293, 37, 3),
(293, 38, 5),
(293, 39, 1),
(293, 40, 2),
(294, 31, 3),
(294, 33, 1),
(294, 34, 5),
(294, 35, 2),
(294, 36, 4),
(294, 40, 6),
(295, 31, 5),
(295, 32, 1),
(295, 33, 4),
(295, 38, 6),
(295, 39, 2),
(295, 40, 3),
(296, 31, 5),
(296, 32, 3),
(296, 38, 1),
(296, 39, 2),
(296, 40, 4),
(297, 31, 3),
(297, 34, 4),
(297, 36, 2),
(297, 38, 1),
(298, 32, 4),
(298, 36, 3),
(298, 37, 1),
(298, 39, 2),
(299, 31, 4),
(299, 32, 1),
(299, 33, 5),
(299, 34, 3),
(299, 36, 2),
(300, 31, 4),
(300, 33, 2),
(300, 36, 1),
(300, 39, 3),
(301, 33, 2),
(301, 34, 4),
(301, 35, 5),
(301, 38, 1),
(301, 40, 3),
(302, 31, 2),
(302, 32, 1),
(302, 35, 3),
(302, 40, 4),
(303, 31, 4),
(303, 37, 3),
(303, 39, 1),
(303, 40, 2),
(304, 31, 4),
(304, 32, 3),
(304, 34, 1),
(304, 35, 2),
(304, 38, 5),
(305, 31, 4),
(305, 32, 3),
(305, 34, 5),
(305, 38, 2),
(305, 40, 1),
(306, 31, 2),
(306, 32, 5);
INSERT INTO term_meal_preference_items (preference_id, menu_item_id, rank) VALUES
(306, 33, 6),
(306, 34, 3),
(306, 36, 4),
(306, 39, 1),
(307, 31, 1),
(307, 34, 3),
(307, 35, 4),
(307, 36, 2),
(307, 38, 5),
(308, 31, 4),
(308, 32, 1),
(308, 36, 3),
(308, 39, 2),
(309, 31, 3),
(309, 34, 4),
(309, 37, 5),
(309, 38, 6),
(309, 39, 1),
(309, 40, 2),
(310, 31, 2),
(310, 35, 1),
(311, 31, 1),
(311, 32, 3),
(311, 33, 4),
(311, 36, 2),
(311, 38, 5),
(311, 40, 6),
(312, 31, 3),
(312, 33, 2),
(312, 35, 5),
(312, 36, 1),
(312, 37, 6),
(312, 39, 4),
(313, 32, 5),
(313, 33, 1),
(313, 36, 4),
(313, 37, 6),
(313, 38, 2),
(313, 39, 3);

-- meal_requests: 0 row(s)

-- orders: 11 row(s)
INSERT INTO orders (id, session_slot_id, caterer_id, session_date, total_items, total_cost_cents, gst_rate_percent, composed_at, sent_at) VALUES
(1, 1, 1, '2026-06-09'::date, 17, 65450, 10.00, '2026-06-05 04:30:21.907218+00:00'::timestamptz, NULL),
(2, 2, 2, '2026-06-09'::date, 38, 88990, 10.00, '2026-06-05 04:30:32.973562+00:00'::timestamptz, NULL),
(3, 3, 2, '2026-06-10'::date, 38, 88990, 10.00, '2026-06-05 04:30:32.973562+00:00'::timestamptz, NULL),
(4, 4, 2, '2026-06-11'::date, 8, 21340, 10.00, '2026-06-05 04:30:32.973562+00:00'::timestamptz, NULL),
(5, 5, 3, '2026-06-08'::date, 47, 26850, 10.00, '2026-06-05 04:30:44.126683+00:00'::timestamptz, NULL),
(6, 6, 3, '2026-06-09'::date, 48, 27400, 10.00, '2026-06-05 04:30:44.126683+00:00'::timestamptz, NULL),
(7, 7, 3, '2026-06-11'::date, 46, 26300, 10.00, '2026-06-05 04:30:44.126683+00:00'::timestamptz, NULL),
(8, 8, 4, '2026-06-08'::date, 33, 54500, 10.00, '2026-06-05 04:30:55.341601+00:00'::timestamptz, NULL),
(9, 9, 4, '2026-06-09'::date, 33, 54500, 10.00, '2026-06-05 04:30:55.341601+00:00'::timestamptz, NULL),
(10, 10, 4, '2026-06-08'::date, 33, 54500, 10.00, '2026-06-05 04:30:55.341601+00:00'::timestamptz, NULL),
(11, 11, 4, '2026-06-10'::date, 32, 53000, 10.00, '2026-06-05 04:30:55.341601+00:00'::timestamptz, NULL);

-- order_lines: 373 row(s)
INSERT INTO order_lines (id, order_id, enrolment_id, menu_item_id, source) VALUES
(1, 1, 5, 10, 'rotation'),
(2, 1, 10, 10, 'rotation'),
(3, 1, 12, 9, 'rotation'),
(4, 1, 2, 2, 'rotation'),
(5, 1, 15, 9, 'rotation'),
(6, 1, 14, 2, 'rotation'),
(7, 1, 11, 5, 'rotation'),
(8, 1, 6, 5, 'rotation'),
(9, 1, 8, 10, 'rotation'),
(10, 1, 1, 10, 'rotation'),
(11, 1, 17, 5, 'rotation'),
(12, 1, 13, 9, 'rotation'),
(13, 1, 3, 2, 'rotation'),
(14, 1, 9, 2, 'rotation'),
(15, 1, 16, 9, 'rotation'),
(16, 1, 7, 2, 'rotation'),
(17, 1, 4, 2, 'rotation'),
(18, 2, 58, 11, 'rotation'),
(19, 2, 44, 15, 'rotation'),
(20, 2, 52, 11, 'rotation'),
(21, 2, 70, 17, 'rotation'),
(22, 2, 35, 12, 'rotation'),
(23, 2, 60, 15, 'rotation'),
(24, 2, 48, 11, 'rotation'),
(25, 2, 22, 11, 'rotation'),
(26, 2, 30, 11, 'rotation'),
(27, 2, 72, 19, 'rotation'),
(28, 2, 55, 17, 'rotation'),
(29, 2, 50, 11, 'rotation'),
(30, 2, 80, 15, 'rotation'),
(31, 2, 74, 17, 'rotation'),
(32, 2, 54, 11, 'rotation'),
(33, 2, 65, 12, 'rotation'),
(34, 2, 20, 19, 'rotation'),
(35, 2, 64, 15, 'rotation'),
(36, 2, 76, 11, 'rotation'),
(37, 2, 34, 18, 'rotation'),
(38, 2, 25, 19, 'rotation'),
(39, 2, 75, 15, 'rotation'),
(40, 2, 18, 18, 'rotation'),
(41, 2, 28, 19, 'rotation'),
(42, 2, 66, 15, 'rotation'),
(43, 2, 38, 15, 'rotation'),
(44, 2, 42, 12, 'rotation'),
(45, 2, 26, 18, 'rotation'),
(46, 2, 32, 18, 'rotation'),
(47, 2, 24, 15, 'rotation'),
(48, 2, 68, 19, 'rotation'),
(49, 2, 36, 12, 'rotation'),
(50, 2, 45, 19, 'rotation'),
(51, 2, 78, 17, 'rotation'),
(52, 2, 46, 12, 'rotation'),
(53, 2, 40, 12, 'rotation'),
(54, 2, 62, 12, 'rotation'),
(55, 2, 56, 18, 'rotation'),
(56, 3, 70, 11, 'rotation'),
(57, 3, 35, 11, 'rotation'),
(58, 3, 60, 15, 'rotation'),
(59, 3, 30, 15, 'rotation'),
(60, 3, 55, 19, 'rotation'),
(61, 3, 50, 19, 'rotation'),
(62, 3, 80, 11, 'rotation'),
(63, 3, 65, 17, 'rotation'),
(64, 3, 20, 15, 'rotation'),
(65, 3, 25, 15, 'rotation'),
(66, 3, 75, 17, 'rotation'),
(67, 3, 45, 12, 'rotation'),
(68, 3, 40, 17, 'rotation'),
(69, 3, 63, 17, 'rotation'),
(70, 3, 29, 11, 'rotation'),
(71, 3, 19, 15, 'rotation'),
(72, 3, 67, 17, 'rotation'),
(73, 3, 39, 18, 'rotation'),
(74, 3, 21, 19, 'rotation'),
(75, 3, 77, 17, 'rotation'),
(76, 3, 71, 19, 'rotation'),
(77, 3, 81, 15, 'rotation'),
(78, 3, 79, 19, 'rotation'),
(79, 3, 37, 11, 'rotation'),
(80, 3, 57, 17, 'rotation'),
(81, 3, 59, 19, 'rotation'),
(82, 3, 61, 15, 'rotation'),
(83, 3, 33, 19, 'rotation'),
(84, 3, 43, 18, 'rotation'),
(85, 3, 47, 18, 'rotation'),
(86, 3, 23, 12, 'rotation'),
(87, 3, 53, 12, 'rotation'),
(88, 3, 49, 19, 'rotation'),
(89, 3, 27, 19, 'rotation'),
(90, 3, 41, 17, 'rotation'),
(91, 3, 51, 11, 'rotation'),
(92, 3, 73, 17, 'rotation'),
(93, 3, 31, 18, 'rotation'),
(94, 4, 83, 17, 'rotation'),
(95, 4, 87, 18, 'rotation'),
(96, 4, 88, 11, 'rotation'),
(97, 4, 85, 15, 'rotation'),
(98, 4, 86, 18, 'rotation'),
(99, 4, 84, 12, 'rotation'),
(100, 4, 89, 17, 'rotation');
INSERT INTO order_lines (id, order_id, enrolment_id, menu_item_id, source) VALUES
(101, 4, 82, 12, 'rotation'),
(102, 5, 129, 26, 'rotation'),
(103, 5, 141, 23, 'rotation'),
(104, 5, 102, 25, 'rotation'),
(105, 5, 160, 23, 'rotation'),
(106, 5, 168, 26, 'rotation'),
(107, 5, 165, 25, 'rotation'),
(108, 5, 130, 26, 'rotation'),
(109, 5, 111, 26, 'rotation'),
(110, 5, 171, 25, 'rotation'),
(111, 5, 123, 26, 'rotation'),
(112, 5, 204, 23, 'rotation'),
(113, 5, 93, 28, 'rotation'),
(114, 5, 180, 29, 'rotation'),
(115, 5, 140, 29, 'rotation'),
(116, 5, 147, 24, 'rotation'),
(117, 5, 156, 25, 'rotation'),
(118, 5, 138, 28, 'rotation'),
(119, 5, 132, 24, 'rotation'),
(120, 5, 90, 28, 'rotation'),
(121, 5, 162, 26, 'rotation'),
(122, 5, 198, 25, 'rotation'),
(123, 5, 200, 24, 'rotation'),
(124, 5, 114, 25, 'rotation'),
(125, 5, 195, 24, 'rotation'),
(126, 5, 135, 26, 'rotation'),
(127, 5, 174, 28, 'rotation'),
(128, 5, 108, 29, 'rotation'),
(129, 5, 201, 25, 'rotation'),
(130, 5, 159, 24, 'rotation'),
(131, 5, 105, 29, 'rotation'),
(132, 5, 117, 23, 'rotation'),
(133, 5, 177, 25, 'rotation'),
(134, 5, 126, 29, 'rotation'),
(135, 5, 144, 28, 'rotation'),
(136, 5, 186, 28, 'rotation'),
(137, 5, 153, 28, 'rotation'),
(138, 5, 100, 25, 'rotation'),
(139, 5, 150, 24, 'rotation'),
(140, 5, 110, 23, 'rotation'),
(141, 5, 170, 24, 'rotation'),
(142, 5, 192, 26, 'rotation'),
(143, 5, 96, 23, 'rotation'),
(144, 5, 207, 25, 'rotation'),
(145, 5, 120, 25, 'rotation'),
(146, 5, 190, 25, 'rotation'),
(147, 5, 189, 26, 'rotation'),
(148, 5, 99, 29, 'rotation'),
(149, 6, 160, 28, 'rotation'),
(150, 6, 130, 25, 'rotation'),
(151, 6, 180, 24, 'rotation'),
(152, 6, 90, 23, 'rotation'),
(153, 6, 100, 24, 'rotation'),
(154, 6, 150, 23, 'rotation'),
(155, 6, 120, 29, 'rotation'),
(156, 6, 190, 24, 'rotation'),
(157, 6, 196, 25, 'rotation'),
(158, 6, 175, 29, 'rotation'),
(159, 6, 202, 28, 'rotation'),
(160, 6, 155, 23, 'rotation'),
(161, 6, 172, 28, 'rotation'),
(162, 6, 181, 24, 'rotation'),
(163, 6, 157, 25, 'rotation'),
(164, 6, 185, 26, 'rotation'),
(165, 6, 145, 23, 'rotation'),
(166, 6, 154, 24, 'rotation'),
(167, 6, 112, 23, 'rotation'),
(168, 6, 139, 26, 'rotation'),
(169, 6, 133, 24, 'rotation'),
(170, 6, 151, 28, 'rotation'),
(171, 6, 136, 24, 'rotation'),
(172, 6, 163, 23, 'rotation'),
(173, 6, 103, 29, 'rotation'),
(174, 6, 125, 23, 'rotation'),
(175, 6, 199, 25, 'rotation'),
(176, 6, 193, 26, 'rotation'),
(177, 6, 184, 23, 'rotation'),
(178, 6, 187, 28, 'rotation'),
(179, 6, 118, 24, 'rotation'),
(180, 6, 205, 26, 'rotation'),
(181, 6, 121, 24, 'rotation'),
(182, 6, 95, 29, 'rotation'),
(183, 6, 166, 29, 'rotation'),
(184, 6, 106, 24, 'rotation'),
(185, 6, 94, 24, 'rotation'),
(186, 6, 109, 26, 'rotation'),
(187, 6, 169, 29, 'rotation'),
(188, 6, 91, 26, 'rotation'),
(189, 6, 127, 26, 'rotation'),
(190, 6, 142, 25, 'rotation'),
(191, 6, 178, 25, 'rotation'),
(192, 6, 148, 25, 'rotation'),
(193, 6, 97, 24, 'rotation'),
(194, 6, 208, 26, 'rotation'),
(195, 6, 115, 29, 'rotation'),
(196, 6, 124, 26, 'rotation'),
(197, 7, 165, 26, 'rotation'),
(198, 7, 140, 23, 'rotation'),
(199, 7, 200, 26, 'rotation'),
(200, 7, 195, 28, 'rotation');
INSERT INTO order_lines (id, order_id, enrolment_id, menu_item_id, source) VALUES
(201, 7, 135, 28, 'rotation'),
(202, 7, 105, 28, 'rotation'),
(203, 7, 110, 28, 'rotation'),
(204, 7, 170, 26, 'rotation'),
(205, 7, 175, 23, 'rotation'),
(206, 7, 155, 29, 'rotation'),
(207, 7, 185, 29, 'rotation'),
(208, 7, 145, 29, 'rotation'),
(209, 7, 125, 26, 'rotation'),
(210, 7, 205, 23, 'rotation'),
(211, 7, 95, 24, 'rotation'),
(212, 7, 115, 23, 'rotation'),
(213, 7, 137, 29, 'rotation'),
(214, 7, 209, 29, 'rotation'),
(215, 7, 146, 24, 'rotation'),
(216, 7, 191, 24, 'rotation'),
(217, 7, 197, 25, 'rotation'),
(218, 7, 158, 26, 'rotation'),
(219, 7, 113, 26, 'rotation'),
(220, 7, 92, 24, 'rotation'),
(221, 7, 188, 26, 'rotation'),
(222, 7, 116, 29, 'rotation'),
(223, 7, 128, 28, 'rotation'),
(224, 7, 152, 26, 'rotation'),
(225, 7, 164, 29, 'rotation'),
(226, 7, 98, 26, 'rotation'),
(227, 7, 104, 23, 'rotation'),
(228, 7, 149, 29, 'rotation'),
(229, 7, 206, 24, 'rotation'),
(230, 7, 203, 24, 'rotation'),
(231, 7, 173, 25, 'rotation'),
(232, 7, 161, 28, 'rotation'),
(233, 7, 119, 23, 'rotation'),
(234, 7, 107, 25, 'rotation'),
(235, 7, 101, 29, 'rotation'),
(236, 7, 179, 28, 'rotation'),
(237, 7, 122, 23, 'rotation'),
(238, 7, 134, 26, 'rotation'),
(239, 7, 143, 25, 'rotation'),
(240, 7, 131, 24, 'rotation'),
(241, 7, 182, 26, 'rotation'),
(242, 7, 194, 23, 'rotation'),
(243, 8, 235, 40, 'rotation'),
(244, 8, 250, 31, 'rotation'),
(245, 8, 224, 40, 'rotation'),
(246, 8, 254, 36, 'rotation'),
(247, 8, 220, 36, 'rotation'),
(248, 8, 210, 40, 'rotation'),
(249, 8, 265, 40, 'rotation'),
(250, 8, 240, 36, 'rotation'),
(251, 8, 255, 40, 'rotation'),
(252, 8, 256, 32, 'rotation'),
(253, 8, 242, 36, 'rotation'),
(254, 8, 258, 32, 'rotation'),
(255, 8, 248, 40, 'rotation'),
(256, 8, 216, 36, 'rotation'),
(257, 8, 252, 32, 'rotation'),
(258, 8, 234, 31, 'rotation'),
(259, 8, 226, 31, 'rotation'),
(260, 8, 225, 33, 'rotation'),
(261, 8, 218, 31, 'rotation'),
(262, 8, 212, 31, 'rotation'),
(263, 8, 214, 32, 'rotation'),
(264, 8, 232, 31, 'rotation'),
(265, 8, 230, 36, 'rotation'),
(266, 8, 215, 32, 'rotation'),
(267, 8, 262, 33, 'rotation'),
(268, 8, 245, 39, 'rotation'),
(269, 8, 228, 31, 'rotation'),
(270, 8, 244, 31, 'rotation'),
(271, 8, 236, 39, 'rotation'),
(272, 8, 238, 36, 'rotation'),
(273, 8, 264, 31, 'rotation'),
(274, 8, 260, 31, 'rotation'),
(275, 8, 246, 36, 'rotation'),
(276, 9, 235, 39, 'rotation'),
(277, 9, 250, 33, 'rotation'),
(278, 9, 220, 31, 'rotation'),
(279, 9, 210, 39, 'rotation'),
(280, 9, 265, 39, 'rotation'),
(281, 9, 240, 33, 'rotation'),
(282, 9, 255, 32, 'rotation'),
(283, 9, 225, 39, 'rotation'),
(284, 9, 230, 39, 'rotation'),
(285, 9, 215, 40, 'rotation'),
(286, 9, 245, 33, 'rotation'),
(287, 9, 260, 40, 'rotation'),
(288, 9, 229, 39, 'rotation'),
(289, 9, 243, 32, 'rotation'),
(290, 9, 253, 39, 'rotation'),
(291, 9, 217, 33, 'rotation'),
(292, 9, 249, 33, 'rotation'),
(293, 9, 223, 33, 'rotation'),
(294, 9, 231, 40, 'rotation'),
(295, 9, 213, 32, 'rotation'),
(296, 9, 219, 36, 'rotation'),
(297, 9, 227, 31, 'rotation'),
(298, 9, 263, 39, 'rotation'),
(299, 9, 237, 39, 'rotation'),
(300, 9, 257, 40, 'rotation');
INSERT INTO order_lines (id, order_id, enrolment_id, menu_item_id, source) VALUES
(301, 9, 211, 36, 'rotation'),
(302, 9, 247, 32, 'rotation'),
(303, 9, 233, 32, 'rotation'),
(304, 9, 259, 39, 'rotation'),
(305, 9, 261, 36, 'rotation'),
(306, 9, 239, 32, 'rotation'),
(307, 9, 221, 32, 'rotation'),
(308, 9, 241, 32, 'rotation'),
(309, 10, 278, 40, 'rotation'),
(310, 10, 315, 32, 'rotation'),
(311, 10, 294, 39, 'rotation'),
(312, 10, 292, 36, 'rotation'),
(313, 10, 286, 39, 'rotation'),
(314, 10, 274, 36, 'rotation'),
(315, 10, 284, 40, 'rotation'),
(316, 10, 318, 31, 'rotation'),
(317, 10, 320, 33, 'rotation'),
(318, 10, 298, 39, 'rotation'),
(319, 10, 302, 32, 'rotation'),
(320, 10, 316, 39, 'rotation'),
(321, 10, 310, 39, 'rotation'),
(322, 10, 290, 39, 'rotation'),
(323, 10, 275, 40, 'rotation'),
(324, 10, 312, 40, 'rotation'),
(325, 10, 306, 32, 'rotation'),
(326, 10, 272, 40, 'rotation'),
(327, 10, 304, 36, 'rotation'),
(328, 10, 268, 40, 'rotation'),
(329, 10, 276, 39, 'rotation'),
(330, 10, 282, 31, 'rotation'),
(331, 10, 295, 40, 'rotation'),
(332, 10, 288, 33, 'rotation'),
(333, 10, 270, 40, 'rotation'),
(334, 10, 308, 33, 'rotation'),
(335, 10, 280, 36, 'rotation'),
(336, 10, 296, 40, 'rotation'),
(337, 10, 314, 31, 'rotation'),
(338, 10, 300, 39, 'rotation'),
(339, 10, 266, 33, 'rotation'),
(340, 10, 305, 39, 'rotation'),
(341, 10, 285, 36, 'rotation'),
(342, 11, 315, 39, 'rotation'),
(343, 11, 320, 39, 'rotation'),
(344, 11, 310, 40, 'rotation'),
(345, 11, 290, 36, 'rotation'),
(346, 11, 275, 31, 'rotation'),
(347, 11, 295, 33, 'rotation'),
(348, 11, 270, 31, 'rotation'),
(349, 11, 280, 31, 'rotation'),
(350, 11, 300, 40, 'rotation'),
(351, 11, 305, 36, 'rotation'),
(352, 11, 285, 32, 'rotation'),
(353, 11, 267, 36, 'rotation'),
(354, 11, 299, 40, 'rotation'),
(355, 11, 313, 39, 'rotation'),
(356, 11, 317, 31, 'rotation'),
(357, 11, 289, 36, 'rotation'),
(358, 11, 303, 39, 'rotation'),
(359, 11, 271, 32, 'rotation'),
(360, 11, 301, 33, 'rotation'),
(361, 11, 311, 32, 'rotation'),
(362, 11, 281, 32, 'rotation'),
(363, 11, 273, 40, 'rotation'),
(364, 11, 319, 36, 'rotation'),
(365, 11, 277, 36, 'rotation'),
(366, 11, 283, 39, 'rotation'),
(367, 11, 269, 36, 'rotation'),
(368, 11, 297, 36, 'rotation'),
(369, 11, 279, 39, 'rotation'),
(370, 11, 293, 33, 'rotation'),
(371, 11, 287, 36, 'rotation'),
(372, 11, 307, 36, 'rotation'),
(373, 11, 309, 32, 'rotation');

-- checklist_item: 5 row(s)
INSERT INTO checklist_item (id, code, prompt, applies_to, active, sort_order, created_at) VALUES
(1, 'food_on_time', 'Did the food arrive on time?', 'manager', true, 10, '2026-06-03 04:56:04.774576+00:00'::timestamptz),
(2, 'correct_count_received', 'Was the correct number of meals received?', 'manager', true, 20, '2026-06-03 04:56:04.774576+00:00'::timestamptz),
(3, 'correct_dietary_delivered', 'Were all dietary-specific meals correct?', 'manager', true, 30, '2026-06-03 04:56:04.774576+00:00'::timestamptz),
(4, 'food_temperature_ok', 'Was the food at an acceptable temperature?', 'manager', true, 40, '2026-06-03 04:56:04.774576+00:00'::timestamptz),
(5, 'visibly_wrong', 'Was anything visibly wrong with the order?', 'manager', true, 50, '2026-06-03 04:56:04.774576+00:00'::timestamptz);

-- feedback: 491 row(s)
INSERT INTO feedback (id, source, order_line_id, order_id, tutor_id, caterer_id, rating, comment, meals_left, kids_who_didnt_eat, submitted_at) VALUES
(1, 'manager', NULL, NULL, 1, 1, 5, NULL, NULL, NULL, '2026-04-21 10:00:00+00:00'::timestamptz),
(2, 'tutor', NULL, NULL, 1, 1, 5, NULL, NULL, NULL, '2026-04-21 10:00:00+00:00'::timestamptz),
(3, 'tutor', NULL, NULL, 1, 1, 4, NULL, NULL, NULL, '2026-04-21 10:00:00+00:00'::timestamptz),
(4, 'tutor', NULL, NULL, 1, 1, 5, NULL, NULL, NULL, '2026-04-21 10:00:00+00:00'::timestamptz),
(5, 'tutor', NULL, NULL, 1, 1, 5, NULL, NULL, NULL, '2026-04-21 10:00:00+00:00'::timestamptz),
(6, 'tutor', NULL, NULL, 1, 1, 4, NULL, NULL, NULL, '2026-04-21 10:00:00+00:00'::timestamptz),
(7, 'tutor', NULL, NULL, 1, 1, 5, NULL, NULL, NULL, '2026-04-21 10:00:00+00:00'::timestamptz),
(8, 'manager', NULL, NULL, 2, 2, 5, NULL, NULL, NULL, '2026-04-21 10:00:00+00:00'::timestamptz),
(9, 'tutor', NULL, NULL, 2, 2, 5, NULL, NULL, NULL, '2026-04-21 10:00:00+00:00'::timestamptz),
(10, 'tutor', NULL, NULL, 2, 2, 5, NULL, NULL, NULL, '2026-04-21 10:00:00+00:00'::timestamptz),
(11, 'tutor', NULL, NULL, 2, 2, 5, NULL, NULL, NULL, '2026-04-21 10:00:00+00:00'::timestamptz),
(12, 'tutor', NULL, NULL, 2, 2, 4, NULL, NULL, NULL, '2026-04-21 10:00:00+00:00'::timestamptz),
(13, 'tutor', NULL, NULL, 2, 2, 5, NULL, NULL, NULL, '2026-04-21 10:00:00+00:00'::timestamptz),
(14, 'tutor', NULL, NULL, 2, 2, 5, NULL, NULL, NULL, '2026-04-21 10:00:00+00:00'::timestamptz),
(15, 'manager', NULL, NULL, 3, 2, 5, NULL, NULL, NULL, '2026-04-22 10:00:00+00:00'::timestamptz),
(16, 'tutor', NULL, NULL, 3, 2, 5, NULL, NULL, NULL, '2026-04-22 10:00:00+00:00'::timestamptz),
(17, 'tutor', NULL, NULL, 3, 2, 5, NULL, NULL, NULL, '2026-04-22 10:00:00+00:00'::timestamptz),
(18, 'tutor', NULL, NULL, 3, 2, 5, NULL, NULL, NULL, '2026-04-22 10:00:00+00:00'::timestamptz),
(19, 'tutor', NULL, NULL, 3, 2, 4, NULL, NULL, NULL, '2026-04-22 10:00:00+00:00'::timestamptz),
(20, 'tutor', NULL, NULL, 3, 2, 5, NULL, NULL, NULL, '2026-04-22 10:00:00+00:00'::timestamptz),
(21, 'tutor', NULL, NULL, 3, 2, 5, NULL, NULL, NULL, '2026-04-22 10:00:00+00:00'::timestamptz),
(22, 'manager', NULL, NULL, 2, 2, 5, NULL, NULL, NULL, '2026-04-23 10:00:00+00:00'::timestamptz),
(23, 'tutor', NULL, NULL, 2, 2, 5, NULL, NULL, NULL, '2026-04-23 10:00:00+00:00'::timestamptz),
(24, 'tutor', NULL, NULL, 2, 2, 5, NULL, NULL, NULL, '2026-04-23 10:00:00+00:00'::timestamptz),
(25, 'tutor', NULL, NULL, 2, 2, 4, NULL, NULL, NULL, '2026-04-23 10:00:00+00:00'::timestamptz),
(26, 'tutor', NULL, NULL, 2, 2, 5, NULL, NULL, NULL, '2026-04-23 10:00:00+00:00'::timestamptz),
(27, 'tutor', NULL, NULL, 2, 2, 5, NULL, NULL, NULL, '2026-04-23 10:00:00+00:00'::timestamptz),
(28, 'tutor', NULL, NULL, 2, 2, 4, NULL, NULL, NULL, '2026-04-23 10:00:00+00:00'::timestamptz),
(29, 'manager', NULL, NULL, 4, 3, 4, NULL, NULL, NULL, '2026-04-20 10:00:00+00:00'::timestamptz),
(30, 'tutor', NULL, NULL, 4, 3, 4, NULL, NULL, NULL, '2026-04-20 10:00:00+00:00'::timestamptz),
(31, 'tutor', NULL, NULL, 4, 3, 4, NULL, NULL, NULL, '2026-04-20 10:00:00+00:00'::timestamptz),
(32, 'tutor', NULL, NULL, 4, 3, 4, NULL, NULL, NULL, '2026-04-20 10:00:00+00:00'::timestamptz),
(33, 'tutor', NULL, NULL, 4, 3, 5, NULL, NULL, NULL, '2026-04-20 10:00:00+00:00'::timestamptz),
(34, 'tutor', NULL, NULL, 4, 3, 4, NULL, NULL, NULL, '2026-04-20 10:00:00+00:00'::timestamptz),
(35, 'tutor', NULL, NULL, 4, 3, 3, NULL, NULL, NULL, '2026-04-20 10:00:00+00:00'::timestamptz),
(36, 'manager', NULL, NULL, 4, 3, 4, NULL, NULL, NULL, '2026-04-21 10:00:00+00:00'::timestamptz),
(37, 'tutor', NULL, NULL, 4, 3, 4, NULL, NULL, NULL, '2026-04-21 10:00:00+00:00'::timestamptz),
(38, 'tutor', NULL, NULL, 4, 3, 3, NULL, NULL, NULL, '2026-04-21 10:00:00+00:00'::timestamptz),
(39, 'tutor', NULL, NULL, 4, 3, 4, NULL, NULL, NULL, '2026-04-21 10:00:00+00:00'::timestamptz),
(40, 'tutor', NULL, NULL, 4, 3, 4, NULL, NULL, NULL, '2026-04-21 10:00:00+00:00'::timestamptz),
(41, 'tutor', NULL, NULL, 4, 3, 5, NULL, NULL, NULL, '2026-04-21 10:00:00+00:00'::timestamptz),
(42, 'tutor', NULL, NULL, 4, 3, 4, NULL, NULL, NULL, '2026-04-21 10:00:00+00:00'::timestamptz),
(43, 'manager', NULL, NULL, 5, 3, 4, NULL, NULL, NULL, '2026-04-23 10:00:00+00:00'::timestamptz),
(44, 'tutor', NULL, NULL, 5, 3, 5, NULL, NULL, NULL, '2026-04-23 10:00:00+00:00'::timestamptz),
(45, 'tutor', NULL, NULL, 5, 3, 4, NULL, NULL, NULL, '2026-04-23 10:00:00+00:00'::timestamptz),
(46, 'tutor', NULL, NULL, 5, 3, 4, NULL, NULL, NULL, '2026-04-23 10:00:00+00:00'::timestamptz),
(47, 'tutor', NULL, NULL, 5, 3, 4, NULL, NULL, NULL, '2026-04-23 10:00:00+00:00'::timestamptz),
(48, 'tutor', NULL, NULL, 5, 3, 4, NULL, NULL, NULL, '2026-04-23 10:00:00+00:00'::timestamptz),
(49, 'tutor', NULL, NULL, 5, 3, 4, NULL, NULL, NULL, '2026-04-23 10:00:00+00:00'::timestamptz),
(50, 'manager', NULL, NULL, 6, 4, 4, NULL, NULL, NULL, '2026-04-20 10:00:00+00:00'::timestamptz),
(51, 'tutor', NULL, NULL, 6, 4, 4, NULL, NULL, NULL, '2026-04-20 10:00:00+00:00'::timestamptz),
(52, 'tutor', NULL, NULL, 6, 4, 3, NULL, NULL, NULL, '2026-04-20 10:00:00+00:00'::timestamptz),
(53, 'tutor', NULL, NULL, 6, 4, 4, NULL, NULL, NULL, '2026-04-20 10:00:00+00:00'::timestamptz),
(54, 'tutor', NULL, NULL, 6, 4, 4, NULL, NULL, NULL, '2026-04-20 10:00:00+00:00'::timestamptz),
(55, 'tutor', NULL, NULL, 6, 4, 3, NULL, NULL, NULL, '2026-04-20 10:00:00+00:00'::timestamptz),
(56, 'tutor', NULL, NULL, 6, 4, 4, NULL, NULL, NULL, '2026-04-20 10:00:00+00:00'::timestamptz),
(57, 'manager', NULL, NULL, 6, 4, 4, NULL, NULL, NULL, '2026-04-21 10:00:00+00:00'::timestamptz),
(58, 'tutor', NULL, NULL, 6, 4, 4, NULL, NULL, NULL, '2026-04-21 10:00:00+00:00'::timestamptz),
(59, 'tutor', NULL, NULL, 6, 4, 4, NULL, NULL, NULL, '2026-04-21 10:00:00+00:00'::timestamptz),
(60, 'tutor', NULL, NULL, 6, 4, 3, NULL, NULL, NULL, '2026-04-21 10:00:00+00:00'::timestamptz),
(61, 'tutor', NULL, NULL, 6, 4, 4, NULL, NULL, NULL, '2026-04-21 10:00:00+00:00'::timestamptz),
(62, 'tutor', NULL, NULL, 6, 4, 4, NULL, NULL, NULL, '2026-04-21 10:00:00+00:00'::timestamptz),
(63, 'tutor', NULL, NULL, 6, 4, 3, NULL, NULL, NULL, '2026-04-21 10:00:00+00:00'::timestamptz),
(64, 'manager', NULL, NULL, 5, 4, 4, NULL, NULL, NULL, '2026-04-20 10:00:00+00:00'::timestamptz),
(65, 'tutor', NULL, NULL, 5, 4, 4, NULL, NULL, NULL, '2026-04-20 10:00:00+00:00'::timestamptz),
(66, 'tutor', NULL, NULL, 5, 4, 3, NULL, NULL, NULL, '2026-04-20 10:00:00+00:00'::timestamptz),
(67, 'tutor', NULL, NULL, 5, 4, 4, NULL, NULL, NULL, '2026-04-20 10:00:00+00:00'::timestamptz),
(68, 'tutor', NULL, NULL, 5, 4, 3, NULL, NULL, NULL, '2026-04-20 10:00:00+00:00'::timestamptz),
(69, 'tutor', NULL, NULL, 5, 4, 4, NULL, NULL, NULL, '2026-04-20 10:00:00+00:00'::timestamptz),
(70, 'tutor', NULL, NULL, 5, 4, 3, NULL, NULL, NULL, '2026-04-20 10:00:00+00:00'::timestamptz),
(71, 'manager', NULL, NULL, 7, 4, 4, NULL, NULL, NULL, '2026-04-22 10:00:00+00:00'::timestamptz),
(72, 'tutor', NULL, NULL, 7, 4, 3, NULL, NULL, NULL, '2026-04-22 10:00:00+00:00'::timestamptz),
(73, 'tutor', NULL, NULL, 7, 4, 4, NULL, NULL, NULL, '2026-04-22 10:00:00+00:00'::timestamptz),
(74, 'tutor', NULL, NULL, 7, 4, 4, NULL, NULL, NULL, '2026-04-22 10:00:00+00:00'::timestamptz),
(75, 'tutor', NULL, NULL, 7, 4, 3, NULL, NULL, NULL, '2026-04-22 10:00:00+00:00'::timestamptz),
(76, 'tutor', NULL, NULL, 7, 4, 4, NULL, NULL, NULL, '2026-04-22 10:00:00+00:00'::timestamptz),
(77, 'tutor', NULL, NULL, 7, 4, 3, NULL, NULL, NULL, '2026-04-22 10:00:00+00:00'::timestamptz),
(78, 'manager', NULL, NULL, 1, 1, 4, NULL, NULL, NULL, '2026-04-28 10:00:00+00:00'::timestamptz),
(79, 'tutor', NULL, NULL, 1, 1, 4, NULL, NULL, NULL, '2026-04-28 10:00:00+00:00'::timestamptz),
(80, 'tutor', NULL, NULL, 1, 1, 5, NULL, NULL, NULL, '2026-04-28 10:00:00+00:00'::timestamptz),
(81, 'tutor', NULL, NULL, 1, 1, 4, NULL, NULL, NULL, '2026-04-28 10:00:00+00:00'::timestamptz),
(82, 'tutor', NULL, NULL, 1, 1, 5, NULL, NULL, NULL, '2026-04-28 10:00:00+00:00'::timestamptz),
(83, 'tutor', NULL, NULL, 1, 1, 5, NULL, NULL, NULL, '2026-04-28 10:00:00+00:00'::timestamptz),
(84, 'tutor', NULL, NULL, 1, 1, 4, NULL, NULL, NULL, '2026-04-28 10:00:00+00:00'::timestamptz),
(85, 'manager', NULL, NULL, 2, 2, 5, 'Food was lukewarm on arrival, a few items missing.', NULL, NULL, '2026-04-28 10:00:00+00:00'::timestamptz),
(86, 'tutor', NULL, NULL, 2, 2, 5, NULL, NULL, NULL, '2026-04-28 10:00:00+00:00'::timestamptz),
(87, 'tutor', NULL, NULL, 2, 2, 5, NULL, NULL, NULL, '2026-04-28 10:00:00+00:00'::timestamptz),
(88, 'tutor', NULL, NULL, 2, 2, 5, NULL, NULL, NULL, '2026-04-28 10:00:00+00:00'::timestamptz),
(89, 'tutor', NULL, NULL, 2, 2, 5, NULL, NULL, NULL, '2026-04-28 10:00:00+00:00'::timestamptz),
(90, 'tutor', NULL, NULL, 2, 2, 4, NULL, NULL, NULL, '2026-04-28 10:00:00+00:00'::timestamptz),
(91, 'tutor', NULL, NULL, 2, 2, 5, NULL, NULL, NULL, '2026-04-28 10:00:00+00:00'::timestamptz),
(92, 'manager', NULL, NULL, 3, 2, 5, 'Food was lukewarm on arrival, a few items missing.', NULL, NULL, '2026-04-29 10:00:00+00:00'::timestamptz),
(93, 'tutor', NULL, NULL, 3, 2, 5, NULL, NULL, NULL, '2026-04-29 10:00:00+00:00'::timestamptz),
(94, 'tutor', NULL, NULL, 3, 2, 5, NULL, NULL, NULL, '2026-04-29 10:00:00+00:00'::timestamptz),
(95, 'tutor', NULL, NULL, 3, 2, 5, NULL, NULL, NULL, '2026-04-29 10:00:00+00:00'::timestamptz),
(96, 'tutor', NULL, NULL, 3, 2, 5, NULL, NULL, NULL, '2026-04-29 10:00:00+00:00'::timestamptz),
(97, 'tutor', NULL, NULL, 3, 2, 4, NULL, NULL, NULL, '2026-04-29 10:00:00+00:00'::timestamptz),
(98, 'tutor', NULL, NULL, 3, 2, 5, NULL, NULL, NULL, '2026-04-29 10:00:00+00:00'::timestamptz),
(99, 'manager', NULL, NULL, 2, 2, 4, NULL, NULL, NULL, '2026-04-30 10:00:00+00:00'::timestamptz),
(100, 'tutor', NULL, NULL, 2, 2, 4, NULL, NULL, NULL, '2026-04-30 10:00:00+00:00'::timestamptz);
INSERT INTO feedback (id, source, order_line_id, order_id, tutor_id, caterer_id, rating, comment, meals_left, kids_who_didnt_eat, submitted_at) VALUES
(101, 'tutor', NULL, NULL, 2, 2, 4, NULL, NULL, NULL, '2026-04-30 10:00:00+00:00'::timestamptz),
(102, 'tutor', NULL, NULL, 2, 2, 5, NULL, NULL, NULL, '2026-04-30 10:00:00+00:00'::timestamptz),
(103, 'tutor', NULL, NULL, 2, 2, 4, NULL, NULL, NULL, '2026-04-30 10:00:00+00:00'::timestamptz),
(104, 'tutor', NULL, NULL, 2, 2, 4, NULL, NULL, NULL, '2026-04-30 10:00:00+00:00'::timestamptz),
(105, 'tutor', NULL, NULL, 2, 2, 5, NULL, NULL, NULL, '2026-04-30 10:00:00+00:00'::timestamptz),
(106, 'manager', NULL, NULL, 4, 3, NULL, NULL, NULL, NULL, '2026-04-27 10:00:00+00:00'::timestamptz),
(107, 'tutor', NULL, NULL, 4, 3, 4, NULL, NULL, NULL, '2026-04-27 10:00:00+00:00'::timestamptz),
(108, 'tutor', NULL, NULL, 4, 3, 5, NULL, NULL, NULL, '2026-04-27 10:00:00+00:00'::timestamptz),
(109, 'tutor', NULL, NULL, 4, 3, 4, NULL, NULL, NULL, '2026-04-27 10:00:00+00:00'::timestamptz),
(110, 'tutor', NULL, NULL, 4, 3, 4, NULL, NULL, NULL, '2026-04-27 10:00:00+00:00'::timestamptz),
(111, 'tutor', NULL, NULL, 4, 3, 4, NULL, NULL, NULL, '2026-04-27 10:00:00+00:00'::timestamptz),
(112, 'tutor', NULL, NULL, 4, 3, 4, NULL, NULL, NULL, '2026-04-27 10:00:00+00:00'::timestamptz),
(113, 'manager', NULL, NULL, 4, 3, 4, NULL, NULL, NULL, '2026-04-28 10:00:00+00:00'::timestamptz),
(114, 'tutor', NULL, NULL, 4, 3, 4, NULL, NULL, NULL, '2026-04-28 10:00:00+00:00'::timestamptz),
(115, 'tutor', NULL, NULL, 4, 3, 4, NULL, NULL, NULL, '2026-04-28 10:00:00+00:00'::timestamptz),
(116, 'tutor', NULL, NULL, 4, 3, 5, NULL, NULL, NULL, '2026-04-28 10:00:00+00:00'::timestamptz),
(117, 'tutor', NULL, NULL, 4, 3, 4, NULL, NULL, NULL, '2026-04-28 10:00:00+00:00'::timestamptz),
(118, 'tutor', NULL, NULL, 4, 3, 4, NULL, NULL, NULL, '2026-04-28 10:00:00+00:00'::timestamptz),
(119, 'tutor', NULL, NULL, 4, 3, 4, NULL, NULL, NULL, '2026-04-28 10:00:00+00:00'::timestamptz),
(120, 'manager', NULL, NULL, 5, 3, 4, NULL, NULL, NULL, '2026-04-30 10:00:00+00:00'::timestamptz),
(121, 'tutor', NULL, NULL, 5, 3, 4, NULL, NULL, NULL, '2026-04-30 10:00:00+00:00'::timestamptz),
(122, 'tutor', NULL, NULL, 5, 3, 4, NULL, NULL, NULL, '2026-04-30 10:00:00+00:00'::timestamptz),
(123, 'tutor', NULL, NULL, 5, 3, 4, NULL, NULL, NULL, '2026-04-30 10:00:00+00:00'::timestamptz),
(124, 'tutor', NULL, NULL, 5, 3, 3, NULL, NULL, NULL, '2026-04-30 10:00:00+00:00'::timestamptz),
(125, 'tutor', NULL, NULL, 5, 3, 5, NULL, NULL, NULL, '2026-04-30 10:00:00+00:00'::timestamptz),
(126, 'tutor', NULL, NULL, 5, 3, 4, NULL, NULL, NULL, '2026-04-30 10:00:00+00:00'::timestamptz),
(127, 'manager', NULL, NULL, 6, 4, 3, NULL, NULL, NULL, '2026-04-27 10:00:00+00:00'::timestamptz),
(128, 'tutor', NULL, NULL, 6, 4, 3, NULL, NULL, NULL, '2026-04-27 10:00:00+00:00'::timestamptz),
(129, 'tutor', NULL, NULL, 6, 4, 4, NULL, NULL, NULL, '2026-04-27 10:00:00+00:00'::timestamptz),
(130, 'tutor', NULL, NULL, 6, 4, 3, NULL, NULL, NULL, '2026-04-27 10:00:00+00:00'::timestamptz),
(131, 'tutor', NULL, NULL, 6, 4, 4, NULL, NULL, NULL, '2026-04-27 10:00:00+00:00'::timestamptz),
(132, 'tutor', NULL, NULL, 6, 4, 4, NULL, NULL, NULL, '2026-04-27 10:00:00+00:00'::timestamptz),
(133, 'tutor', NULL, NULL, 6, 4, 3, NULL, NULL, NULL, '2026-04-27 10:00:00+00:00'::timestamptz),
(134, 'manager', NULL, NULL, 6, 4, 3, NULL, NULL, NULL, '2026-04-28 10:00:00+00:00'::timestamptz),
(135, 'tutor', NULL, NULL, 6, 4, 3, NULL, NULL, NULL, '2026-04-28 10:00:00+00:00'::timestamptz),
(136, 'tutor', NULL, NULL, 6, 4, 3, NULL, NULL, NULL, '2026-04-28 10:00:00+00:00'::timestamptz),
(137, 'tutor', NULL, NULL, 6, 4, 4, NULL, NULL, NULL, '2026-04-28 10:00:00+00:00'::timestamptz),
(138, 'tutor', NULL, NULL, 6, 4, 4, NULL, NULL, NULL, '2026-04-28 10:00:00+00:00'::timestamptz),
(139, 'tutor', NULL, NULL, 6, 4, 3, NULL, NULL, NULL, '2026-04-28 10:00:00+00:00'::timestamptz),
(140, 'tutor', NULL, NULL, 6, 4, 4, NULL, NULL, NULL, '2026-04-28 10:00:00+00:00'::timestamptz),
(141, 'manager', NULL, NULL, 5, 4, 3, NULL, NULL, NULL, '2026-04-27 10:00:00+00:00'::timestamptz),
(142, 'tutor', NULL, NULL, 5, 4, 3, NULL, NULL, NULL, '2026-04-27 10:00:00+00:00'::timestamptz),
(143, 'tutor', NULL, NULL, 5, 4, 4, NULL, NULL, NULL, '2026-04-27 10:00:00+00:00'::timestamptz),
(144, 'tutor', NULL, NULL, 5, 4, 3, NULL, NULL, NULL, '2026-04-27 10:00:00+00:00'::timestamptz),
(145, 'tutor', NULL, NULL, 5, 4, 4, NULL, NULL, NULL, '2026-04-27 10:00:00+00:00'::timestamptz),
(146, 'tutor', NULL, NULL, 5, 4, 3, NULL, NULL, NULL, '2026-04-27 10:00:00+00:00'::timestamptz),
(147, 'tutor', NULL, NULL, 5, 4, 4, NULL, NULL, NULL, '2026-04-27 10:00:00+00:00'::timestamptz),
(148, 'manager', NULL, NULL, 7, 4, 3, NULL, NULL, NULL, '2026-04-29 10:00:00+00:00'::timestamptz),
(149, 'tutor', NULL, NULL, 7, 4, 4, NULL, NULL, NULL, '2026-04-29 10:00:00+00:00'::timestamptz),
(150, 'tutor', NULL, NULL, 7, 4, 3, NULL, NULL, NULL, '2026-04-29 10:00:00+00:00'::timestamptz),
(151, 'tutor', NULL, NULL, 7, 4, 4, NULL, NULL, NULL, '2026-04-29 10:00:00+00:00'::timestamptz),
(152, 'tutor', NULL, NULL, 7, 4, 3, NULL, NULL, NULL, '2026-04-29 10:00:00+00:00'::timestamptz),
(153, 'tutor', NULL, NULL, 7, 4, 4, NULL, NULL, NULL, '2026-04-29 10:00:00+00:00'::timestamptz),
(154, 'tutor', NULL, NULL, 7, 4, 3, NULL, NULL, NULL, '2026-04-29 10:00:00+00:00'::timestamptz),
(155, 'manager', NULL, NULL, 1, 1, 5, NULL, NULL, NULL, '2026-05-05 10:00:00+00:00'::timestamptz),
(156, 'tutor', NULL, NULL, 1, 1, 5, NULL, NULL, NULL, '2026-05-05 10:00:00+00:00'::timestamptz),
(157, 'tutor', NULL, NULL, 1, 1, 5, NULL, NULL, NULL, '2026-05-05 10:00:00+00:00'::timestamptz),
(158, 'tutor', NULL, NULL, 1, 1, 4, NULL, NULL, NULL, '2026-05-05 10:00:00+00:00'::timestamptz),
(159, 'tutor', NULL, NULL, 1, 1, 4, NULL, NULL, NULL, '2026-05-05 10:00:00+00:00'::timestamptz),
(160, 'tutor', NULL, NULL, 1, 1, 5, NULL, NULL, NULL, '2026-05-05 10:00:00+00:00'::timestamptz),
(161, 'tutor', NULL, NULL, 1, 1, 5, NULL, NULL, NULL, '2026-05-05 10:00:00+00:00'::timestamptz),
(162, 'manager', NULL, NULL, 2, 2, 3, 'Multiple items wrong - two halal students received non-halal meals. Delivery 20 min late.', NULL, NULL, '2026-05-05 10:00:00+00:00'::timestamptz),
(163, 'tutor', NULL, NULL, 2, 2, 3, NULL, NULL, NULL, '2026-05-05 10:00:00+00:00'::timestamptz),
(164, 'tutor', NULL, NULL, 2, 2, 4, NULL, NULL, NULL, '2026-05-05 10:00:00+00:00'::timestamptz),
(165, 'tutor', NULL, NULL, 2, 2, 3, NULL, NULL, NULL, '2026-05-05 10:00:00+00:00'::timestamptz),
(166, 'tutor', NULL, NULL, 2, 2, 3, NULL, NULL, NULL, '2026-05-05 10:00:00+00:00'::timestamptz),
(167, 'tutor', NULL, NULL, 2, 2, 2, NULL, NULL, NULL, '2026-05-05 10:00:00+00:00'::timestamptz),
(168, 'tutor', NULL, NULL, 2, 2, 4, NULL, NULL, NULL, '2026-05-05 10:00:00+00:00'::timestamptz),
(169, 'manager', NULL, NULL, 3, 2, 3, 'Multiple items wrong - two halal students received non-halal meals. Delivery 20 min late.', NULL, NULL, '2026-05-06 10:00:00+00:00'::timestamptz),
(170, 'tutor', NULL, NULL, 3, 2, 3, NULL, NULL, NULL, '2026-05-06 10:00:00+00:00'::timestamptz),
(171, 'tutor', NULL, NULL, 3, 2, 4, NULL, NULL, NULL, '2026-05-06 10:00:00+00:00'::timestamptz),
(172, 'tutor', NULL, NULL, 3, 2, 3, NULL, NULL, NULL, '2026-05-06 10:00:00+00:00'::timestamptz),
(173, 'tutor', NULL, NULL, 3, 2, 3, NULL, NULL, NULL, '2026-05-06 10:00:00+00:00'::timestamptz),
(174, 'tutor', NULL, NULL, 3, 2, 2, NULL, NULL, NULL, '2026-05-06 10:00:00+00:00'::timestamptz),
(175, 'tutor', NULL, NULL, 3, 2, 4, NULL, NULL, NULL, '2026-05-06 10:00:00+00:00'::timestamptz),
(176, 'manager', NULL, NULL, 2, 2, 4, NULL, NULL, NULL, '2026-05-07 10:00:00+00:00'::timestamptz),
(177, 'tutor', NULL, NULL, 2, 2, 4, NULL, NULL, NULL, '2026-05-07 10:00:00+00:00'::timestamptz),
(178, 'tutor', NULL, NULL, 2, 2, 3, NULL, NULL, NULL, '2026-05-07 10:00:00+00:00'::timestamptz),
(179, 'tutor', NULL, NULL, 2, 2, 4, NULL, NULL, NULL, '2026-05-07 10:00:00+00:00'::timestamptz),
(180, 'tutor', NULL, NULL, 2, 2, 4, NULL, NULL, NULL, '2026-05-07 10:00:00+00:00'::timestamptz),
(181, 'tutor', NULL, NULL, 2, 2, 4, NULL, NULL, NULL, '2026-05-07 10:00:00+00:00'::timestamptz),
(182, 'tutor', NULL, NULL, 2, 2, 3, NULL, NULL, NULL, '2026-05-07 10:00:00+00:00'::timestamptz),
(183, 'manager', NULL, NULL, 4, 3, 4, NULL, NULL, NULL, '2026-05-04 10:00:00+00:00'::timestamptz),
(184, 'tutor', NULL, NULL, 4, 3, 4, NULL, NULL, NULL, '2026-05-04 10:00:00+00:00'::timestamptz),
(185, 'tutor', NULL, NULL, 4, 3, 4, NULL, NULL, NULL, '2026-05-04 10:00:00+00:00'::timestamptz),
(186, 'tutor', NULL, NULL, 4, 3, 3, NULL, NULL, NULL, '2026-05-04 10:00:00+00:00'::timestamptz),
(187, 'tutor', NULL, NULL, 4, 3, 4, NULL, NULL, NULL, '2026-05-04 10:00:00+00:00'::timestamptz),
(188, 'tutor', NULL, NULL, 4, 3, 5, NULL, NULL, NULL, '2026-05-04 10:00:00+00:00'::timestamptz),
(189, 'tutor', NULL, NULL, 4, 3, 4, NULL, NULL, NULL, '2026-05-04 10:00:00+00:00'::timestamptz),
(190, 'manager', NULL, NULL, 4, 3, 4, NULL, NULL, NULL, '2026-05-05 10:00:00+00:00'::timestamptz),
(191, 'tutor', NULL, NULL, 4, 3, 4, NULL, NULL, NULL, '2026-05-05 10:00:00+00:00'::timestamptz),
(192, 'tutor', NULL, NULL, 4, 3, 5, NULL, NULL, NULL, '2026-05-05 10:00:00+00:00'::timestamptz),
(193, 'tutor', NULL, NULL, 4, 3, 4, NULL, NULL, NULL, '2026-05-05 10:00:00+00:00'::timestamptz),
(194, 'tutor', NULL, NULL, 4, 3, 4, NULL, NULL, NULL, '2026-05-05 10:00:00+00:00'::timestamptz),
(195, 'tutor', NULL, NULL, 4, 3, 3, NULL, NULL, NULL, '2026-05-05 10:00:00+00:00'::timestamptz),
(196, 'tutor', NULL, NULL, 4, 3, 4, NULL, NULL, NULL, '2026-05-05 10:00:00+00:00'::timestamptz),
(197, 'manager', NULL, NULL, 5, 3, 4, NULL, NULL, NULL, '2026-05-07 10:00:00+00:00'::timestamptz),
(198, 'tutor', NULL, NULL, 5, 3, 4, NULL, NULL, NULL, '2026-05-07 10:00:00+00:00'::timestamptz),
(199, 'tutor', NULL, NULL, 5, 3, 4, NULL, NULL, NULL, '2026-05-07 10:00:00+00:00'::timestamptz),
(200, 'tutor', NULL, NULL, 5, 3, 5, NULL, NULL, NULL, '2026-05-07 10:00:00+00:00'::timestamptz);
INSERT INTO feedback (id, source, order_line_id, order_id, tutor_id, caterer_id, rating, comment, meals_left, kids_who_didnt_eat, submitted_at) VALUES
(201, 'tutor', NULL, NULL, 5, 3, 4, NULL, NULL, NULL, '2026-05-07 10:00:00+00:00'::timestamptz),
(202, 'tutor', NULL, NULL, 5, 3, 4, NULL, NULL, NULL, '2026-05-07 10:00:00+00:00'::timestamptz),
(203, 'tutor', NULL, NULL, 5, 3, 4, NULL, NULL, NULL, '2026-05-07 10:00:00+00:00'::timestamptz),
(204, 'manager', NULL, NULL, 6, 4, 4, NULL, NULL, NULL, '2026-05-04 10:00:00+00:00'::timestamptz),
(205, 'tutor', NULL, NULL, 6, 4, 4, NULL, NULL, NULL, '2026-05-04 10:00:00+00:00'::timestamptz),
(206, 'tutor', NULL, NULL, 6, 4, 4, NULL, NULL, NULL, '2026-05-04 10:00:00+00:00'::timestamptz),
(207, 'tutor', NULL, NULL, 6, 4, 3, NULL, NULL, NULL, '2026-05-04 10:00:00+00:00'::timestamptz),
(208, 'tutor', NULL, NULL, 6, 4, 4, NULL, NULL, NULL, '2026-05-04 10:00:00+00:00'::timestamptz),
(209, 'tutor', NULL, NULL, 6, 4, 3, NULL, NULL, NULL, '2026-05-04 10:00:00+00:00'::timestamptz),
(210, 'tutor', NULL, NULL, 6, 4, 4, NULL, NULL, NULL, '2026-05-04 10:00:00+00:00'::timestamptz),
(211, 'manager', NULL, NULL, 6, 4, 4, NULL, NULL, NULL, '2026-05-05 10:00:00+00:00'::timestamptz),
(212, 'tutor', NULL, NULL, 6, 4, 4, NULL, NULL, NULL, '2026-05-05 10:00:00+00:00'::timestamptz),
(213, 'tutor', NULL, NULL, 6, 4, 3, NULL, NULL, NULL, '2026-05-05 10:00:00+00:00'::timestamptz),
(214, 'tutor', NULL, NULL, 6, 4, 4, NULL, NULL, NULL, '2026-05-05 10:00:00+00:00'::timestamptz),
(215, 'tutor', NULL, NULL, 6, 4, 4, NULL, NULL, NULL, '2026-05-05 10:00:00+00:00'::timestamptz),
(216, 'tutor', NULL, NULL, 6, 4, 4, NULL, NULL, NULL, '2026-05-05 10:00:00+00:00'::timestamptz),
(217, 'tutor', NULL, NULL, 6, 4, 3, NULL, NULL, NULL, '2026-05-05 10:00:00+00:00'::timestamptz),
(218, 'manager', NULL, NULL, 5, 4, 4, NULL, NULL, NULL, '2026-05-04 10:00:00+00:00'::timestamptz),
(219, 'tutor', NULL, NULL, 5, 4, 4, NULL, NULL, NULL, '2026-05-04 10:00:00+00:00'::timestamptz),
(220, 'tutor', NULL, NULL, 5, 4, 3, NULL, NULL, NULL, '2026-05-04 10:00:00+00:00'::timestamptz),
(221, 'tutor', NULL, NULL, 5, 4, 3, NULL, NULL, NULL, '2026-05-04 10:00:00+00:00'::timestamptz),
(222, 'tutor', NULL, NULL, 5, 4, 4, NULL, NULL, NULL, '2026-05-04 10:00:00+00:00'::timestamptz),
(223, 'tutor', NULL, NULL, 5, 4, 4, NULL, NULL, NULL, '2026-05-04 10:00:00+00:00'::timestamptz),
(224, 'tutor', NULL, NULL, 5, 4, 3, NULL, NULL, NULL, '2026-05-04 10:00:00+00:00'::timestamptz),
(225, 'manager', NULL, NULL, 7, 4, 4, NULL, NULL, NULL, '2026-05-06 10:00:00+00:00'::timestamptz),
(226, 'tutor', NULL, NULL, 7, 4, 3, NULL, NULL, NULL, '2026-05-06 10:00:00+00:00'::timestamptz),
(227, 'tutor', NULL, NULL, 7, 4, 4, NULL, NULL, NULL, '2026-05-06 10:00:00+00:00'::timestamptz),
(228, 'tutor', NULL, NULL, 7, 4, 3, NULL, NULL, NULL, '2026-05-06 10:00:00+00:00'::timestamptz),
(229, 'tutor', NULL, NULL, 7, 4, 4, NULL, NULL, NULL, '2026-05-06 10:00:00+00:00'::timestamptz),
(230, 'tutor', NULL, NULL, 7, 4, 3, NULL, NULL, NULL, '2026-05-06 10:00:00+00:00'::timestamptz),
(231, 'tutor', NULL, NULL, 7, 4, 4, NULL, NULL, NULL, '2026-05-06 10:00:00+00:00'::timestamptz),
(232, 'manager', NULL, NULL, 1, 1, 4, NULL, NULL, NULL, '2026-05-12 10:00:00+00:00'::timestamptz),
(233, 'tutor', NULL, NULL, 1, 1, 5, NULL, NULL, NULL, '2026-05-12 10:00:00+00:00'::timestamptz),
(234, 'tutor', NULL, NULL, 1, 1, 4, NULL, NULL, NULL, '2026-05-12 10:00:00+00:00'::timestamptz),
(235, 'tutor', NULL, NULL, 1, 1, 5, NULL, NULL, NULL, '2026-05-12 10:00:00+00:00'::timestamptz),
(236, 'tutor', NULL, NULL, 1, 1, 4, NULL, NULL, NULL, '2026-05-12 10:00:00+00:00'::timestamptz),
(237, 'tutor', NULL, NULL, 1, 1, 5, NULL, NULL, NULL, '2026-05-12 10:00:00+00:00'::timestamptz),
(238, 'tutor', NULL, NULL, 1, 1, 4, NULL, NULL, NULL, '2026-05-12 10:00:00+00:00'::timestamptz),
(239, 'manager', NULL, NULL, 2, 2, 2, 'Worst week yet. Three wrong orders, two students couldn''t eat. Packaging damaged.', NULL, NULL, '2026-05-12 10:00:00+00:00'::timestamptz),
(240, 'tutor', NULL, NULL, 2, 2, 1, NULL, NULL, NULL, '2026-05-12 10:00:00+00:00'::timestamptz),
(241, 'tutor', NULL, NULL, 2, 2, 2, NULL, NULL, NULL, '2026-05-12 10:00:00+00:00'::timestamptz),
(242, 'tutor', NULL, NULL, 2, 2, 2, NULL, NULL, NULL, '2026-05-12 10:00:00+00:00'::timestamptz),
(243, 'tutor', NULL, NULL, 2, 2, 3, NULL, NULL, NULL, '2026-05-12 10:00:00+00:00'::timestamptz),
(244, 'tutor', NULL, NULL, 2, 2, 2, NULL, NULL, NULL, '2026-05-12 10:00:00+00:00'::timestamptz),
(245, 'tutor', NULL, NULL, 2, 2, 2, NULL, NULL, NULL, '2026-05-12 10:00:00+00:00'::timestamptz),
(246, 'manager', NULL, NULL, 3, 2, 2, 'Worst week yet. Three wrong orders, two students couldn''t eat. Packaging damaged.', NULL, NULL, '2026-05-13 10:00:00+00:00'::timestamptz),
(247, 'tutor', NULL, NULL, 3, 2, 1, NULL, NULL, NULL, '2026-05-13 10:00:00+00:00'::timestamptz),
(248, 'tutor', NULL, NULL, 3, 2, 2, NULL, NULL, NULL, '2026-05-13 10:00:00+00:00'::timestamptz),
(249, 'tutor', NULL, NULL, 3, 2, 2, NULL, NULL, NULL, '2026-05-13 10:00:00+00:00'::timestamptz),
(250, 'tutor', NULL, NULL, 3, 2, 3, NULL, NULL, NULL, '2026-05-13 10:00:00+00:00'::timestamptz),
(251, 'tutor', NULL, NULL, 3, 2, 2, NULL, NULL, NULL, '2026-05-13 10:00:00+00:00'::timestamptz),
(252, 'tutor', NULL, NULL, 3, 2, 2, NULL, NULL, NULL, '2026-05-13 10:00:00+00:00'::timestamptz),
(253, 'manager', NULL, NULL, 2, 2, 4, NULL, NULL, NULL, '2026-05-14 10:00:00+00:00'::timestamptz),
(254, 'tutor', NULL, NULL, 2, 2, 4, NULL, NULL, NULL, '2026-05-14 10:00:00+00:00'::timestamptz),
(255, 'tutor', NULL, NULL, 2, 2, 4, NULL, NULL, NULL, '2026-05-14 10:00:00+00:00'::timestamptz),
(256, 'tutor', NULL, NULL, 2, 2, 3, NULL, NULL, NULL, '2026-05-14 10:00:00+00:00'::timestamptz),
(257, 'tutor', NULL, NULL, 2, 2, 4, NULL, NULL, NULL, '2026-05-14 10:00:00+00:00'::timestamptz),
(258, 'tutor', NULL, NULL, 2, 2, 4, NULL, NULL, NULL, '2026-05-14 10:00:00+00:00'::timestamptz),
(259, 'tutor', NULL, NULL, 2, 2, 4, NULL, NULL, NULL, '2026-05-14 10:00:00+00:00'::timestamptz),
(260, 'manager', NULL, NULL, 4, 3, 4, NULL, NULL, NULL, '2026-05-11 10:00:00+00:00'::timestamptz),
(261, 'tutor', NULL, NULL, 4, 3, 5, NULL, NULL, NULL, '2026-05-11 10:00:00+00:00'::timestamptz),
(262, 'tutor', NULL, NULL, 4, 3, 4, NULL, NULL, NULL, '2026-05-11 10:00:00+00:00'::timestamptz),
(263, 'tutor', NULL, NULL, 4, 3, 4, NULL, NULL, NULL, '2026-05-11 10:00:00+00:00'::timestamptz),
(264, 'tutor', NULL, NULL, 4, 3, 4, NULL, NULL, NULL, '2026-05-11 10:00:00+00:00'::timestamptz),
(265, 'tutor', NULL, NULL, 4, 3, 4, NULL, NULL, NULL, '2026-05-11 10:00:00+00:00'::timestamptz),
(266, 'tutor', NULL, NULL, 4, 3, 4, NULL, NULL, NULL, '2026-05-11 10:00:00+00:00'::timestamptz),
(267, 'manager', NULL, NULL, 4, 3, 4, NULL, NULL, NULL, '2026-05-12 10:00:00+00:00'::timestamptz),
(268, 'tutor', NULL, NULL, 4, 3, 4, NULL, NULL, NULL, '2026-05-12 10:00:00+00:00'::timestamptz),
(269, 'tutor', NULL, NULL, 4, 3, 4, NULL, NULL, NULL, '2026-05-12 10:00:00+00:00'::timestamptz),
(270, 'tutor', NULL, NULL, 4, 3, 4, NULL, NULL, NULL, '2026-05-12 10:00:00+00:00'::timestamptz),
(271, 'tutor', NULL, NULL, 4, 3, 5, NULL, NULL, NULL, '2026-05-12 10:00:00+00:00'::timestamptz),
(272, 'tutor', NULL, NULL, 4, 3, 4, NULL, NULL, NULL, '2026-05-12 10:00:00+00:00'::timestamptz),
(273, 'tutor', NULL, NULL, 4, 3, 4, NULL, NULL, NULL, '2026-05-12 10:00:00+00:00'::timestamptz),
(274, 'manager', NULL, NULL, 5, 3, 4, NULL, NULL, NULL, '2026-05-14 10:00:00+00:00'::timestamptz),
(275, 'tutor', NULL, NULL, 5, 3, 4, NULL, NULL, NULL, '2026-05-14 10:00:00+00:00'::timestamptz),
(276, 'tutor', NULL, NULL, 5, 3, 3, NULL, NULL, NULL, '2026-05-14 10:00:00+00:00'::timestamptz),
(277, 'tutor', NULL, NULL, 5, 3, 4, NULL, NULL, NULL, '2026-05-14 10:00:00+00:00'::timestamptz),
(278, 'tutor', NULL, NULL, 5, 3, 4, NULL, NULL, NULL, '2026-05-14 10:00:00+00:00'::timestamptz),
(279, 'tutor', NULL, NULL, 5, 3, 4, NULL, NULL, NULL, '2026-05-14 10:00:00+00:00'::timestamptz),
(280, 'tutor', NULL, NULL, 5, 3, 5, NULL, NULL, NULL, '2026-05-14 10:00:00+00:00'::timestamptz),
(281, 'manager', NULL, NULL, 6, 4, NULL, NULL, NULL, NULL, '2026-05-11 10:00:00+00:00'::timestamptz),
(282, 'tutor', NULL, NULL, 6, 4, 4, NULL, NULL, NULL, '2026-05-11 10:00:00+00:00'::timestamptz),
(283, 'tutor', NULL, NULL, 6, 4, 3, NULL, NULL, NULL, '2026-05-11 10:00:00+00:00'::timestamptz),
(284, 'tutor', NULL, NULL, 6, 4, 4, NULL, NULL, NULL, '2026-05-11 10:00:00+00:00'::timestamptz),
(285, 'tutor', NULL, NULL, 6, 4, 3, NULL, NULL, NULL, '2026-05-11 10:00:00+00:00'::timestamptz),
(286, 'tutor', NULL, NULL, 6, 4, 4, NULL, NULL, NULL, '2026-05-11 10:00:00+00:00'::timestamptz),
(287, 'tutor', NULL, NULL, 6, 4, 4, NULL, NULL, NULL, '2026-05-11 10:00:00+00:00'::timestamptz),
(288, 'manager', NULL, NULL, 6, 4, 3, NULL, NULL, NULL, '2026-05-12 10:00:00+00:00'::timestamptz),
(289, 'tutor', NULL, NULL, 6, 4, 3, NULL, NULL, NULL, '2026-05-12 10:00:00+00:00'::timestamptz),
(290, 'tutor', NULL, NULL, 6, 4, 4, NULL, NULL, NULL, '2026-05-12 10:00:00+00:00'::timestamptz),
(291, 'tutor', NULL, NULL, 6, 4, 3, NULL, NULL, NULL, '2026-05-12 10:00:00+00:00'::timestamptz),
(292, 'tutor', NULL, NULL, 6, 4, 4, NULL, NULL, NULL, '2026-05-12 10:00:00+00:00'::timestamptz),
(293, 'tutor', NULL, NULL, 6, 4, 4, NULL, NULL, NULL, '2026-05-12 10:00:00+00:00'::timestamptz),
(294, 'tutor', NULL, NULL, 6, 4, 4, NULL, NULL, NULL, '2026-05-12 10:00:00+00:00'::timestamptz),
(295, 'manager', NULL, NULL, 5, 4, 3, NULL, NULL, NULL, '2026-05-11 10:00:00+00:00'::timestamptz),
(296, 'tutor', NULL, NULL, 5, 4, 3, NULL, NULL, NULL, '2026-05-11 10:00:00+00:00'::timestamptz),
(297, 'tutor', NULL, NULL, 5, 4, 4, NULL, NULL, NULL, '2026-05-11 10:00:00+00:00'::timestamptz),
(298, 'tutor', NULL, NULL, 5, 4, 4, NULL, NULL, NULL, '2026-05-11 10:00:00+00:00'::timestamptz),
(299, 'tutor', NULL, NULL, 5, 4, 3, NULL, NULL, NULL, '2026-05-11 10:00:00+00:00'::timestamptz),
(300, 'tutor', NULL, NULL, 5, 4, 3, NULL, NULL, NULL, '2026-05-11 10:00:00+00:00'::timestamptz);
INSERT INTO feedback (id, source, order_line_id, order_id, tutor_id, caterer_id, rating, comment, meals_left, kids_who_didnt_eat, submitted_at) VALUES
(301, 'tutor', NULL, NULL, 5, 4, 4, NULL, NULL, NULL, '2026-05-11 10:00:00+00:00'::timestamptz),
(302, 'manager', NULL, NULL, 7, 4, 3, NULL, NULL, NULL, '2026-05-13 10:00:00+00:00'::timestamptz),
(303, 'tutor', NULL, NULL, 7, 4, 4, NULL, NULL, NULL, '2026-05-13 10:00:00+00:00'::timestamptz),
(304, 'tutor', NULL, NULL, 7, 4, 3, NULL, NULL, NULL, '2026-05-13 10:00:00+00:00'::timestamptz),
(305, 'tutor', NULL, NULL, 7, 4, 3, NULL, NULL, NULL, '2026-05-13 10:00:00+00:00'::timestamptz),
(306, 'tutor', NULL, NULL, 7, 4, 4, NULL, NULL, NULL, '2026-05-13 10:00:00+00:00'::timestamptz),
(307, 'tutor', NULL, NULL, 7, 4, 4, NULL, NULL, NULL, '2026-05-13 10:00:00+00:00'::timestamptz),
(308, 'tutor', NULL, NULL, 7, 4, 3, NULL, NULL, NULL, '2026-05-13 10:00:00+00:00'::timestamptz),
(309, 'manager', NULL, NULL, 1, 1, 5, NULL, NULL, NULL, '2026-05-19 10:00:00+00:00'::timestamptz),
(310, 'tutor', NULL, NULL, 1, 1, 4, NULL, NULL, NULL, '2026-05-19 10:00:00+00:00'::timestamptz),
(311, 'tutor', NULL, NULL, 1, 1, 5, NULL, NULL, NULL, '2026-05-19 10:00:00+00:00'::timestamptz),
(312, 'tutor', NULL, NULL, 1, 1, 5, NULL, NULL, NULL, '2026-05-19 10:00:00+00:00'::timestamptz),
(313, 'tutor', NULL, NULL, 1, 1, 4, NULL, NULL, NULL, '2026-05-19 10:00:00+00:00'::timestamptz),
(314, 'tutor', NULL, NULL, 1, 1, 5, NULL, NULL, NULL, '2026-05-19 10:00:00+00:00'::timestamptz),
(315, 'tutor', NULL, NULL, 1, 1, 5, NULL, NULL, NULL, '2026-05-19 10:00:00+00:00'::timestamptz),
(316, 'manager', NULL, NULL, 2, 2, 1, NULL, NULL, NULL, '2026-05-19 10:00:00+00:00'::timestamptz),
(317, 'tutor', NULL, NULL, 2, 2, 1, NULL, NULL, NULL, '2026-05-19 10:00:00+00:00'::timestamptz),
(318, 'tutor', NULL, NULL, 2, 2, 1, NULL, NULL, NULL, '2026-05-19 10:00:00+00:00'::timestamptz),
(319, 'tutor', NULL, NULL, 2, 2, 2, NULL, NULL, NULL, '2026-05-19 10:00:00+00:00'::timestamptz),
(320, 'tutor', NULL, NULL, 2, 2, 1, NULL, NULL, NULL, '2026-05-19 10:00:00+00:00'::timestamptz),
(321, 'tutor', NULL, NULL, 2, 2, 1, NULL, NULL, NULL, '2026-05-19 10:00:00+00:00'::timestamptz),
(322, 'tutor', NULL, NULL, 2, 2, 1, NULL, NULL, NULL, '2026-05-19 10:00:00+00:00'::timestamptz),
(323, 'manager', NULL, NULL, 3, 2, 1, NULL, NULL, NULL, '2026-05-20 10:00:00+00:00'::timestamptz),
(324, 'tutor', NULL, NULL, 3, 2, 1, NULL, NULL, NULL, '2026-05-20 10:00:00+00:00'::timestamptz),
(325, 'tutor', NULL, NULL, 3, 2, 1, NULL, NULL, NULL, '2026-05-20 10:00:00+00:00'::timestamptz),
(326, 'tutor', NULL, NULL, 3, 2, 2, NULL, NULL, NULL, '2026-05-20 10:00:00+00:00'::timestamptz),
(327, 'tutor', NULL, NULL, 3, 2, 1, NULL, NULL, NULL, '2026-05-20 10:00:00+00:00'::timestamptz),
(328, 'tutor', NULL, NULL, 3, 2, 1, NULL, NULL, NULL, '2026-05-20 10:00:00+00:00'::timestamptz),
(329, 'tutor', NULL, NULL, 3, 2, 1, NULL, NULL, NULL, '2026-05-20 10:00:00+00:00'::timestamptz),
(330, 'manager', NULL, NULL, 2, 2, 3, NULL, NULL, NULL, '2026-05-21 10:00:00+00:00'::timestamptz),
(331, 'tutor', NULL, NULL, 2, 2, 3, NULL, NULL, NULL, '2026-05-21 10:00:00+00:00'::timestamptz),
(332, 'tutor', NULL, NULL, 2, 2, 4, NULL, NULL, NULL, '2026-05-21 10:00:00+00:00'::timestamptz),
(333, 'tutor', NULL, NULL, 2, 2, 3, NULL, NULL, NULL, '2026-05-21 10:00:00+00:00'::timestamptz),
(334, 'tutor', NULL, NULL, 2, 2, 3, NULL, NULL, NULL, '2026-05-21 10:00:00+00:00'::timestamptz),
(335, 'tutor', NULL, NULL, 2, 2, 3, NULL, NULL, NULL, '2026-05-21 10:00:00+00:00'::timestamptz),
(336, 'tutor', NULL, NULL, 2, 2, 3, NULL, NULL, NULL, '2026-05-21 10:00:00+00:00'::timestamptz),
(337, 'manager', NULL, NULL, 4, 3, 4, NULL, NULL, NULL, '2026-05-18 10:00:00+00:00'::timestamptz),
(338, 'tutor', NULL, NULL, 4, 3, 4, NULL, NULL, NULL, '2026-05-18 10:00:00+00:00'::timestamptz),
(339, 'tutor', NULL, NULL, 4, 3, 4, NULL, NULL, NULL, '2026-05-18 10:00:00+00:00'::timestamptz),
(340, 'tutor', NULL, NULL, 4, 3, 4, NULL, NULL, NULL, '2026-05-18 10:00:00+00:00'::timestamptz),
(341, 'tutor', NULL, NULL, 4, 3, 5, NULL, NULL, NULL, '2026-05-18 10:00:00+00:00'::timestamptz),
(342, 'tutor', NULL, NULL, 4, 3, 4, NULL, NULL, NULL, '2026-05-18 10:00:00+00:00'::timestamptz),
(343, 'tutor', NULL, NULL, 4, 3, 4, NULL, NULL, NULL, '2026-05-18 10:00:00+00:00'::timestamptz),
(344, 'manager', NULL, NULL, 5, 3, 4, NULL, NULL, NULL, '2026-05-21 10:00:00+00:00'::timestamptz),
(345, 'tutor', NULL, NULL, 5, 3, 4, NULL, NULL, NULL, '2026-05-21 10:00:00+00:00'::timestamptz),
(346, 'tutor', NULL, NULL, 5, 3, 5, NULL, NULL, NULL, '2026-05-21 10:00:00+00:00'::timestamptz),
(347, 'tutor', NULL, NULL, 5, 3, 4, NULL, NULL, NULL, '2026-05-21 10:00:00+00:00'::timestamptz),
(348, 'tutor', NULL, NULL, 5, 3, 4, NULL, NULL, NULL, '2026-05-21 10:00:00+00:00'::timestamptz),
(349, 'tutor', NULL, NULL, 5, 3, 4, NULL, NULL, NULL, '2026-05-21 10:00:00+00:00'::timestamptz),
(350, 'tutor', NULL, NULL, 5, 3, 4, NULL, NULL, NULL, '2026-05-21 10:00:00+00:00'::timestamptz),
(351, 'manager', NULL, NULL, 6, 4, 3, NULL, NULL, NULL, '2026-05-18 10:00:00+00:00'::timestamptz),
(352, 'tutor', NULL, NULL, 6, 4, 3, NULL, NULL, NULL, '2026-05-18 10:00:00+00:00'::timestamptz),
(353, 'tutor', NULL, NULL, 6, 4, 4, NULL, NULL, NULL, '2026-05-18 10:00:00+00:00'::timestamptz),
(354, 'tutor', NULL, NULL, 6, 4, 4, NULL, NULL, NULL, '2026-05-18 10:00:00+00:00'::timestamptz),
(355, 'tutor', NULL, NULL, 6, 4, 3, NULL, NULL, NULL, '2026-05-18 10:00:00+00:00'::timestamptz),
(356, 'tutor', NULL, NULL, 6, 4, 4, NULL, NULL, NULL, '2026-05-18 10:00:00+00:00'::timestamptz),
(357, 'tutor', NULL, NULL, 6, 4, 3, NULL, NULL, NULL, '2026-05-18 10:00:00+00:00'::timestamptz),
(358, 'manager', NULL, NULL, 6, 4, 3, NULL, NULL, NULL, '2026-05-19 10:00:00+00:00'::timestamptz),
(359, 'tutor', NULL, NULL, 6, 4, 4, NULL, NULL, NULL, '2026-05-19 10:00:00+00:00'::timestamptz),
(360, 'tutor', NULL, NULL, 6, 4, 3, NULL, NULL, NULL, '2026-05-19 10:00:00+00:00'::timestamptz),
(361, 'tutor', NULL, NULL, 6, 4, 4, NULL, NULL, NULL, '2026-05-19 10:00:00+00:00'::timestamptz),
(362, 'tutor', NULL, NULL, 6, 4, 3, NULL, NULL, NULL, '2026-05-19 10:00:00+00:00'::timestamptz),
(363, 'tutor', NULL, NULL, 6, 4, 3, NULL, NULL, NULL, '2026-05-19 10:00:00+00:00'::timestamptz),
(364, 'tutor', NULL, NULL, 6, 4, 4, NULL, NULL, NULL, '2026-05-19 10:00:00+00:00'::timestamptz),
(365, 'manager', NULL, NULL, 5, 4, 3, NULL, NULL, NULL, '2026-05-18 10:00:00+00:00'::timestamptz),
(366, 'tutor', NULL, NULL, 5, 4, 4, NULL, NULL, NULL, '2026-05-18 10:00:00+00:00'::timestamptz),
(367, 'tutor', NULL, NULL, 5, 4, 3, NULL, NULL, NULL, '2026-05-18 10:00:00+00:00'::timestamptz),
(368, 'tutor', NULL, NULL, 5, 4, 3, NULL, NULL, NULL, '2026-05-18 10:00:00+00:00'::timestamptz),
(369, 'tutor', NULL, NULL, 5, 4, 4, NULL, NULL, NULL, '2026-05-18 10:00:00+00:00'::timestamptz),
(370, 'tutor', NULL, NULL, 5, 4, 3, NULL, NULL, NULL, '2026-05-18 10:00:00+00:00'::timestamptz),
(371, 'tutor', NULL, NULL, 5, 4, 3, NULL, NULL, NULL, '2026-05-18 10:00:00+00:00'::timestamptz),
(372, 'manager', NULL, NULL, 7, 4, NULL, NULL, NULL, NULL, '2026-05-20 10:00:00+00:00'::timestamptz),
(373, 'tutor', NULL, NULL, 7, 4, 3, NULL, NULL, NULL, '2026-05-20 10:00:00+00:00'::timestamptz),
(374, 'tutor', NULL, NULL, 7, 4, 3, NULL, NULL, NULL, '2026-05-20 10:00:00+00:00'::timestamptz),
(375, 'tutor', NULL, NULL, 7, 4, 4, NULL, NULL, NULL, '2026-05-20 10:00:00+00:00'::timestamptz),
(376, 'tutor', NULL, NULL, 7, 4, 3, NULL, NULL, NULL, '2026-05-20 10:00:00+00:00'::timestamptz),
(377, 'tutor', NULL, NULL, 7, 4, 4, NULL, NULL, NULL, '2026-05-20 10:00:00+00:00'::timestamptz),
(378, 'tutor', NULL, NULL, 7, 4, 3, NULL, NULL, NULL, '2026-05-20 10:00:00+00:00'::timestamptz),
(380, 'student', 1, 1, NULL, 1, 5, 'A bit more sauce would be perfect', NULL, NULL, '2026-05-18 12:00:00+00:00'::timestamptz),
(381, 'student', 2, 1, NULL, 1, 5, 'A bit more sauce would be perfect', NULL, NULL, '2026-05-19 13:00:00+00:00'::timestamptz),
(382, 'student', 3, 1, NULL, 1, 5, 'A bit more sauce would be perfect', NULL, NULL, '2026-05-20 14:00:00+00:00'::timestamptz),
(383, 'student', 4, 1, NULL, 1, 4, 'A bit more sauce would be perfect', NULL, NULL, '2026-05-21 15:00:00+00:00'::timestamptz),
(384, 'student', 5, 1, NULL, 1, 4, '🔥🔥', NULL, NULL, '2026-05-22 16:00:00+00:00'::timestamptz),
(385, 'student', 6, 1, NULL, 1, 4, 'idk', NULL, NULL, '2026-05-23 12:00:00+00:00'::timestamptz),
(386, 'student', 7, 1, NULL, 1, 4, 'where''s the dessert', NULL, NULL, '2026-05-24 13:00:00+00:00'::timestamptz),
(387, 'student', 8, 1, NULL, 1, 4, NULL, NULL, NULL, '2026-05-25 14:00:00+00:00'::timestamptz),
(388, 'student', 9, 1, NULL, 1, 4, NULL, NULL, NULL, '2026-05-26 15:00:00+00:00'::timestamptz),
(389, 'student', 10, 1, NULL, 1, 4, NULL, NULL, NULL, '2026-05-27 16:00:00+00:00'::timestamptz),
(390, 'student', 11, 1, NULL, 1, 4, NULL, NULL, NULL, '2026-05-28 12:00:00+00:00'::timestamptz),
(391, 'student', 12, 1, NULL, 1, 4, NULL, NULL, NULL, '2026-05-29 13:00:00+00:00'::timestamptz),
(392, 'student', 13, 1, NULL, 1, 4, NULL, NULL, NULL, '2026-05-30 14:00:00+00:00'::timestamptz),
(393, 'student', 14, 1, NULL, 1, 4, NULL, NULL, NULL, '2026-05-31 15:00:00+00:00'::timestamptz),
(394, 'student', 15, 1, NULL, 1, 4, NULL, NULL, NULL, '2026-06-01 16:00:00+00:00'::timestamptz),
(395, 'student', 16, 1, NULL, 1, 4, NULL, NULL, NULL, '2026-06-02 12:00:00+00:00'::timestamptz),
(396, 'student', 17, 1, NULL, 1, 4, NULL, NULL, NULL, '2026-05-18 13:00:00+00:00'::timestamptz),
(397, 'student', 18, 2, NULL, 2, 4, 'Portions felt a little small', NULL, NULL, '2026-05-18 12:00:00+00:00'::timestamptz),
(398, 'student', 19, 2, NULL, 2, 4, 'Portions felt a little small', NULL, NULL, '2026-05-19 13:00:00+00:00'::timestamptz),
(399, 'student', 20, 2, NULL, 2, 4, 'Portions felt a little small', NULL, NULL, '2026-05-20 14:00:00+00:00'::timestamptz),
(400, 'student', 21, 2, NULL, 2, 4, 'Portions felt a little small', NULL, NULL, '2026-05-21 15:00:00+00:00'::timestamptz),
(401, 'student', 22, 2, NULL, 2, 4, 'extra cheese??', NULL, NULL, '2026-05-22 16:00:00+00:00'::timestamptz);
INSERT INTO feedback (id, source, order_line_id, order_id, tutor_id, caterer_id, rating, comment, meals_left, kids_who_didnt_eat, submitted_at) VALUES
(402, 'student', 23, 2, NULL, 2, 4, 'can i get a bigger fork', NULL, NULL, '2026-05-23 12:00:00+00:00'::timestamptz),
(403, 'student', 24, 2, NULL, 2, 4, 'play music next time', NULL, NULL, '2026-05-24 13:00:00+00:00'::timestamptz),
(404, 'student', 25, 2, NULL, 2, 4, NULL, NULL, NULL, '2026-05-25 14:00:00+00:00'::timestamptz),
(405, 'student', 26, 2, NULL, 2, 4, NULL, NULL, NULL, '2026-05-26 15:00:00+00:00'::timestamptz),
(406, 'student', 27, 2, NULL, 2, 4, NULL, NULL, NULL, '2026-05-27 16:00:00+00:00'::timestamptz),
(407, 'student', 28, 2, NULL, 2, 4, NULL, NULL, NULL, '2026-05-28 12:00:00+00:00'::timestamptz),
(408, 'student', 29, 2, NULL, 2, 4, NULL, NULL, NULL, '2026-05-29 13:00:00+00:00'::timestamptz),
(409, 'student', 30, 2, NULL, 2, 4, NULL, NULL, NULL, '2026-05-30 14:00:00+00:00'::timestamptz),
(410, 'student', 31, 2, NULL, 2, 4, NULL, NULL, NULL, '2026-05-31 15:00:00+00:00'::timestamptz),
(411, 'student', 32, 2, NULL, 2, 4, NULL, NULL, NULL, '2026-06-01 16:00:00+00:00'::timestamptz),
(412, 'student', 33, 2, NULL, 2, 4, NULL, NULL, NULL, '2026-06-02 12:00:00+00:00'::timestamptz),
(413, 'student', 34, 2, NULL, 2, 4, NULL, NULL, NULL, '2026-05-18 13:00:00+00:00'::timestamptz),
(414, 'student', 35, 2, NULL, 2, 4, NULL, NULL, NULL, '2026-05-19 14:00:00+00:00'::timestamptz),
(415, 'student', 36, 2, NULL, 2, 4, NULL, NULL, NULL, '2026-05-20 15:00:00+00:00'::timestamptz),
(416, 'student', 37, 2, NULL, 2, 4, NULL, NULL, NULL, '2026-05-21 16:00:00+00:00'::timestamptz),
(417, 'student', 38, 2, NULL, 2, 4, NULL, NULL, NULL, '2026-05-22 12:00:00+00:00'::timestamptz),
(418, 'student', 39, 2, NULL, 2, 4, NULL, NULL, NULL, '2026-05-23 13:00:00+00:00'::timestamptz),
(419, 'student', 94, 4, NULL, 2, 4, 'The curry was a bit mild', NULL, NULL, '2026-05-18 12:00:00+00:00'::timestamptz),
(420, 'student', 95, 4, NULL, 2, 4, 'The curry was a bit mild', NULL, NULL, '2026-05-19 13:00:00+00:00'::timestamptz),
(421, 'student', 96, 4, NULL, 2, 4, 'The curry was a bit mild', NULL, NULL, '2026-05-20 14:00:00+00:00'::timestamptz),
(422, 'student', 97, 4, NULL, 2, 4, 'The curry was a bit mild', NULL, NULL, '2026-05-21 15:00:00+00:00'::timestamptz),
(423, 'student', 98, 4, NULL, 2, 4, 'fortnite', NULL, NULL, '2026-05-22 16:00:00+00:00'::timestamptz),
(424, 'student', 99, 4, NULL, 2, 4, 'more more more', NULL, NULL, '2026-05-23 12:00:00+00:00'::timestamptz),
(425, 'student', 100, 4, NULL, 2, 4, 'meh', NULL, NULL, '2026-05-24 13:00:00+00:00'::timestamptz),
(426, 'student', 101, 4, NULL, 2, 3, NULL, NULL, NULL, '2026-05-25 14:00:00+00:00'::timestamptz),
(427, 'student', 102, 5, NULL, 3, 5, 'The sushi rolls were excellent', NULL, NULL, '2026-05-18 12:00:00+00:00'::timestamptz),
(428, 'student', 103, 5, NULL, 3, 5, 'The sushi rolls were excellent', NULL, NULL, '2026-05-19 13:00:00+00:00'::timestamptz),
(429, 'student', 104, 5, NULL, 3, 5, 'The sushi rolls were excellent', NULL, NULL, '2026-05-20 14:00:00+00:00'::timestamptz),
(430, 'student', 105, 5, NULL, 3, 5, 'The sushi rolls were excellent', NULL, NULL, '2026-05-21 15:00:00+00:00'::timestamptz),
(431, 'student', 106, 5, NULL, 3, 5, 'soft drinks pls', NULL, NULL, '2026-05-22 16:00:00+00:00'::timestamptz),
(432, 'student', 107, 5, NULL, 3, 5, 'can we get fanta', NULL, NULL, '2026-05-23 12:00:00+00:00'::timestamptz),
(433, 'student', 108, 5, NULL, 3, 5, 'more chips please', NULL, NULL, '2026-05-24 13:00:00+00:00'::timestamptz),
(434, 'student', 109, 5, NULL, 3, 5, NULL, NULL, NULL, '2026-05-25 14:00:00+00:00'::timestamptz),
(435, 'student', 110, 5, NULL, 3, 5, NULL, NULL, NULL, '2026-05-26 15:00:00+00:00'::timestamptz),
(436, 'student', 111, 5, NULL, 3, 5, NULL, NULL, NULL, '2026-05-27 16:00:00+00:00'::timestamptz),
(437, 'student', 112, 5, NULL, 3, 5, NULL, NULL, NULL, '2026-05-28 12:00:00+00:00'::timestamptz),
(438, 'student', 113, 5, NULL, 3, 5, NULL, NULL, NULL, '2026-05-29 13:00:00+00:00'::timestamptz),
(439, 'student', 114, 5, NULL, 3, 5, NULL, NULL, NULL, '2026-05-30 14:00:00+00:00'::timestamptz),
(440, 'student', 115, 5, NULL, 3, 4, NULL, NULL, NULL, '2026-05-31 15:00:00+00:00'::timestamptz),
(441, 'student', 116, 5, NULL, 3, 4, NULL, NULL, NULL, '2026-06-01 16:00:00+00:00'::timestamptz),
(442, 'student', 117, 5, NULL, 3, 4, NULL, NULL, NULL, '2026-06-02 12:00:00+00:00'::timestamptz),
(443, 'student', 118, 5, NULL, 3, 4, NULL, NULL, NULL, '2026-05-18 13:00:00+00:00'::timestamptz),
(444, 'student', 119, 5, NULL, 3, 4, NULL, NULL, NULL, '2026-05-19 14:00:00+00:00'::timestamptz),
(445, 'student', 120, 5, NULL, 3, 4, NULL, NULL, NULL, '2026-05-20 15:00:00+00:00'::timestamptz),
(446, 'student', 121, 5, NULL, 3, 4, NULL, NULL, NULL, '2026-05-21 16:00:00+00:00'::timestamptz),
(447, 'student', 122, 5, NULL, 3, 4, NULL, NULL, NULL, '2026-05-22 12:00:00+00:00'::timestamptz),
(448, 'student', 123, 5, NULL, 3, 4, NULL, NULL, NULL, '2026-05-23 13:00:00+00:00'::timestamptz),
(449, 'student', 243, 8, NULL, 4, 5, 'The burritos are amazing', NULL, NULL, '2026-05-18 12:00:00+00:00'::timestamptz),
(450, 'student', 244, 8, NULL, 4, 5, 'The burritos are amazing', NULL, NULL, '2026-05-19 13:00:00+00:00'::timestamptz),
(451, 'student', 245, 8, NULL, 4, 5, 'The burritos are amazing', NULL, NULL, '2026-05-20 14:00:00+00:00'::timestamptz),
(452, 'student', 246, 8, NULL, 4, 5, 'The burritos are amazing', NULL, NULL, '2026-05-21 15:00:00+00:00'::timestamptz),
(453, 'student', 247, 8, NULL, 4, 5, '🔥🔥', NULL, NULL, '2026-05-22 16:00:00+00:00'::timestamptz),
(454, 'student', 248, 8, NULL, 4, 5, 'idk', NULL, NULL, '2026-05-23 12:00:00+00:00'::timestamptz),
(455, 'student', 249, 8, NULL, 4, 5, 'where''s the dessert', NULL, NULL, '2026-05-24 13:00:00+00:00'::timestamptz),
(456, 'student', 250, 8, NULL, 4, 5, NULL, NULL, NULL, '2026-05-25 14:00:00+00:00'::timestamptz),
(457, 'student', 251, 8, NULL, 4, 5, NULL, NULL, NULL, '2026-05-26 15:00:00+00:00'::timestamptz),
(458, 'student', 252, 8, NULL, 4, 5, NULL, NULL, NULL, '2026-05-27 16:00:00+00:00'::timestamptz),
(459, 'student', 253, 8, NULL, 4, 5, NULL, NULL, NULL, '2026-05-28 12:00:00+00:00'::timestamptz),
(460, 'student', 254, 8, NULL, 4, 5, NULL, NULL, NULL, '2026-05-29 13:00:00+00:00'::timestamptz),
(461, 'student', 255, 8, NULL, 4, 5, NULL, NULL, NULL, '2026-05-30 14:00:00+00:00'::timestamptz),
(462, 'student', 256, 8, NULL, 4, 5, NULL, NULL, NULL, '2026-05-31 15:00:00+00:00'::timestamptz),
(463, 'student', 257, 8, NULL, 4, 5, NULL, NULL, NULL, '2026-06-01 16:00:00+00:00'::timestamptz),
(464, 'student', 258, 8, NULL, 4, 5, NULL, NULL, NULL, '2026-06-02 12:00:00+00:00'::timestamptz),
(465, 'student', 259, 8, NULL, 4, 5, NULL, NULL, NULL, '2026-05-18 13:00:00+00:00'::timestamptz),
(466, 'student', 260, 8, NULL, 4, 5, NULL, NULL, NULL, '2026-05-19 14:00:00+00:00'::timestamptz),
(467, 'student', 261, 8, NULL, 4, 4, NULL, NULL, NULL, '2026-05-20 15:00:00+00:00'::timestamptz),
(468, 'student', 262, 8, NULL, 4, 4, NULL, NULL, NULL, '2026-05-21 16:00:00+00:00'::timestamptz),
(469, 'student', 263, 8, NULL, 4, 4, NULL, NULL, NULL, '2026-05-22 12:00:00+00:00'::timestamptz),
(470, 'student', 264, 8, NULL, 4, 4, NULL, NULL, NULL, '2026-05-23 13:00:00+00:00'::timestamptz),
(471, 'student', 309, 10, NULL, 4, 5, 'Best guac around', NULL, NULL, '2026-05-18 12:00:00+00:00'::timestamptz),
(472, 'student', 310, 10, NULL, 4, 5, 'Best guac around', NULL, NULL, '2026-05-19 13:00:00+00:00'::timestamptz),
(473, 'student', 311, 10, NULL, 4, 5, 'Best guac around', NULL, NULL, '2026-05-20 14:00:00+00:00'::timestamptz),
(474, 'student', 312, 10, NULL, 4, 5, 'Best guac around', NULL, NULL, '2026-05-21 15:00:00+00:00'::timestamptz),
(475, 'student', 313, 10, NULL, 4, 5, 'extra cheese??', NULL, NULL, '2026-05-22 16:00:00+00:00'::timestamptz),
(476, 'student', 314, 10, NULL, 4, 5, 'can i get a bigger fork', NULL, NULL, '2026-05-23 12:00:00+00:00'::timestamptz),
(477, 'student', 315, 10, NULL, 4, 5, 'play music next time', NULL, NULL, '2026-05-24 13:00:00+00:00'::timestamptz),
(478, 'student', 316, 10, NULL, 4, 5, NULL, NULL, NULL, '2026-05-25 14:00:00+00:00'::timestamptz),
(479, 'student', 317, 10, NULL, 4, 5, NULL, NULL, NULL, '2026-05-26 15:00:00+00:00'::timestamptz),
(480, 'student', 318, 10, NULL, 4, 5, NULL, NULL, NULL, '2026-05-27 16:00:00+00:00'::timestamptz),
(481, 'student', 319, 10, NULL, 4, 5, NULL, NULL, NULL, '2026-05-28 12:00:00+00:00'::timestamptz),
(482, 'student', 320, 10, NULL, 4, 4, NULL, NULL, NULL, '2026-05-29 13:00:00+00:00'::timestamptz),
(483, 'student', 321, 10, NULL, 4, 4, NULL, NULL, NULL, '2026-05-30 14:00:00+00:00'::timestamptz),
(484, 'student', 322, 10, NULL, 4, 4, NULL, NULL, NULL, '2026-05-31 15:00:00+00:00'::timestamptz),
(485, 'student', 323, 10, NULL, 4, 4, NULL, NULL, NULL, '2026-06-01 16:00:00+00:00'::timestamptz),
(486, 'student', 324, 10, NULL, 4, 4, NULL, NULL, NULL, '2026-06-02 12:00:00+00:00'::timestamptz),
(487, 'student', 325, 10, NULL, 4, 4, NULL, NULL, NULL, '2026-05-18 13:00:00+00:00'::timestamptz),
(488, 'student', 326, 10, NULL, 4, 4, NULL, NULL, NULL, '2026-05-19 14:00:00+00:00'::timestamptz),
(489, 'student', 327, 10, NULL, 4, 4, NULL, NULL, NULL, '2026-05-20 15:00:00+00:00'::timestamptz),
(490, 'student', 328, 10, NULL, 4, 4, NULL, NULL, NULL, '2026-05-21 16:00:00+00:00'::timestamptz),
(491, 'student', 329, 10, NULL, 4, 4, NULL, NULL, NULL, '2026-05-22 12:00:00+00:00'::timestamptz),
(492, 'student', 330, 10, NULL, 4, 4, NULL, NULL, NULL, '2026-05-23 13:00:00+00:00'::timestamptz);

-- feedback_checklist_response: 255 row(s)
INSERT INTO feedback_checklist_response (feedback_id, checklist_item_id, value_bool, value_text) VALUES
(1, 1, true, NULL),
(1, 2, true, NULL),
(1, 3, true, NULL),
(1, 4, true, NULL),
(1, 5, false, NULL),
(8, 1, true, NULL),
(8, 2, true, NULL),
(8, 3, true, NULL),
(8, 4, true, NULL),
(8, 5, false, NULL),
(15, 1, true, NULL),
(15, 2, true, NULL),
(15, 3, true, NULL),
(15, 4, true, NULL),
(15, 5, false, NULL),
(22, 1, true, NULL),
(22, 2, true, NULL),
(22, 3, true, NULL),
(22, 4, true, NULL),
(22, 5, false, NULL),
(29, 1, true, NULL),
(29, 2, true, NULL),
(29, 3, true, NULL),
(29, 4, true, NULL),
(29, 5, false, NULL),
(36, 1, true, NULL),
(36, 2, true, NULL),
(36, 3, true, NULL),
(36, 4, true, NULL),
(36, 5, false, NULL),
(43, 1, true, NULL),
(43, 2, true, NULL),
(43, 3, true, NULL),
(43, 4, true, NULL),
(43, 5, false, NULL),
(50, 1, true, NULL),
(50, 2, true, NULL),
(50, 3, true, NULL),
(50, 4, true, NULL),
(50, 5, false, NULL),
(57, 1, true, NULL),
(57, 2, true, NULL),
(57, 3, true, NULL),
(57, 4, true, NULL),
(57, 5, false, NULL),
(64, 1, true, NULL),
(64, 2, true, NULL),
(64, 3, true, NULL),
(64, 4, true, NULL),
(64, 5, false, NULL),
(71, 1, true, NULL),
(71, 2, true, NULL),
(71, 3, true, NULL),
(71, 4, true, NULL),
(71, 5, false, NULL),
(78, 1, true, NULL),
(78, 2, true, NULL),
(78, 3, true, NULL),
(78, 4, true, NULL),
(78, 5, false, NULL),
(85, 1, true, NULL),
(85, 2, true, NULL),
(85, 3, true, NULL),
(85, 4, true, NULL),
(85, 5, false, NULL),
(92, 1, true, NULL),
(92, 2, true, NULL),
(92, 3, true, NULL),
(92, 4, true, NULL),
(92, 5, false, NULL),
(99, 1, true, NULL),
(99, 2, true, NULL),
(99, 3, true, NULL),
(99, 4, true, NULL),
(99, 5, false, NULL),
(113, 1, true, NULL),
(113, 2, true, NULL),
(113, 3, true, NULL),
(113, 4, true, NULL),
(113, 5, false, NULL),
(120, 1, true, NULL),
(120, 2, true, NULL),
(120, 3, true, NULL),
(120, 4, true, NULL),
(120, 5, false, NULL),
(127, 1, true, NULL),
(127, 2, true, NULL),
(127, 3, false, NULL),
(127, 4, true, NULL),
(127, 5, false, NULL),
(134, 1, true, NULL),
(134, 2, true, NULL),
(134, 3, false, NULL),
(134, 4, true, NULL),
(134, 5, false, NULL),
(141, 1, true, NULL),
(141, 2, true, NULL),
(141, 3, false, NULL),
(141, 4, true, NULL),
(141, 5, false, NULL);
INSERT INTO feedback_checklist_response (feedback_id, checklist_item_id, value_bool, value_text) VALUES
(148, 1, true, NULL),
(148, 2, true, NULL),
(148, 3, false, NULL),
(148, 4, true, NULL),
(148, 5, false, NULL),
(155, 1, true, NULL),
(155, 2, true, NULL),
(155, 3, true, NULL),
(155, 4, true, NULL),
(155, 5, false, NULL),
(162, 1, true, NULL),
(162, 2, true, NULL),
(162, 3, false, NULL),
(162, 4, true, NULL),
(162, 5, false, NULL),
(169, 1, true, NULL),
(169, 2, true, NULL),
(169, 3, false, NULL),
(169, 4, true, NULL),
(169, 5, false, NULL),
(176, 1, true, NULL),
(176, 2, true, NULL),
(176, 3, true, NULL),
(176, 4, true, NULL),
(176, 5, false, NULL),
(183, 1, true, NULL),
(183, 2, true, NULL),
(183, 3, true, NULL),
(183, 4, true, NULL),
(183, 5, false, NULL),
(190, 1, true, NULL),
(190, 2, true, NULL),
(190, 3, true, NULL),
(190, 4, true, NULL),
(190, 5, false, NULL),
(197, 1, true, NULL),
(197, 2, true, NULL),
(197, 3, true, NULL),
(197, 4, true, NULL),
(197, 5, false, NULL),
(204, 1, true, NULL),
(204, 2, true, NULL),
(204, 3, true, NULL),
(204, 4, true, NULL),
(204, 5, false, NULL),
(211, 1, true, NULL),
(211, 2, true, NULL),
(211, 3, true, NULL),
(211, 4, true, NULL),
(211, 5, false, NULL),
(218, 1, true, NULL),
(218, 2, true, NULL),
(218, 3, true, NULL),
(218, 4, true, NULL),
(218, 5, false, NULL),
(225, 1, true, NULL),
(225, 2, true, NULL),
(225, 3, true, NULL),
(225, 4, true, NULL),
(225, 5, false, NULL),
(232, 1, true, NULL),
(232, 2, true, NULL),
(232, 3, true, NULL),
(232, 4, true, NULL),
(232, 5, false, NULL),
(239, 1, false, NULL),
(239, 2, false, NULL),
(239, 3, false, NULL),
(239, 4, false, NULL),
(239, 5, true, NULL),
(246, 1, false, NULL),
(246, 2, false, NULL),
(246, 3, false, NULL),
(246, 4, false, NULL),
(246, 5, true, NULL),
(253, 1, true, NULL),
(253, 2, true, NULL),
(253, 3, true, NULL),
(253, 4, true, NULL),
(253, 5, false, NULL),
(260, 1, true, NULL),
(260, 2, true, NULL),
(260, 3, true, NULL),
(260, 4, true, NULL),
(260, 5, false, NULL),
(267, 1, true, NULL),
(267, 2, true, NULL),
(267, 3, true, NULL),
(267, 4, true, NULL),
(267, 5, false, NULL),
(274, 1, true, NULL),
(274, 2, true, NULL),
(274, 3, true, NULL),
(274, 4, true, NULL),
(274, 5, false, NULL),
(288, 1, true, NULL),
(288, 2, true, NULL),
(288, 3, false, NULL),
(288, 4, true, NULL),
(288, 5, false, NULL);
INSERT INTO feedback_checklist_response (feedback_id, checklist_item_id, value_bool, value_text) VALUES
(295, 1, true, NULL),
(295, 2, true, NULL),
(295, 3, false, NULL),
(295, 4, true, NULL),
(295, 5, false, NULL),
(302, 1, true, NULL),
(302, 2, true, NULL),
(302, 3, false, NULL),
(302, 4, true, NULL),
(302, 5, false, NULL),
(309, 1, true, NULL),
(309, 2, true, NULL),
(309, 3, true, NULL),
(309, 4, true, NULL),
(309, 5, false, NULL),
(316, 1, false, NULL),
(316, 2, false, NULL),
(316, 3, false, NULL),
(316, 4, false, NULL),
(316, 5, true, NULL),
(323, 1, false, NULL),
(323, 2, false, NULL),
(323, 3, false, NULL),
(323, 4, false, NULL),
(323, 5, true, NULL),
(330, 1, true, NULL),
(330, 2, true, NULL),
(330, 3, false, NULL),
(330, 4, true, NULL),
(330, 5, false, NULL),
(337, 1, true, NULL),
(337, 2, true, NULL),
(337, 3, true, NULL),
(337, 4, true, NULL),
(337, 5, false, NULL),
(344, 1, true, NULL),
(344, 2, true, NULL),
(344, 3, true, NULL),
(344, 4, true, NULL),
(344, 5, false, NULL),
(351, 1, true, NULL),
(351, 2, true, NULL),
(351, 3, false, NULL),
(351, 4, true, NULL),
(351, 5, false, NULL),
(358, 1, true, NULL),
(358, 2, true, NULL),
(358, 3, false, NULL),
(358, 4, true, NULL),
(358, 5, false, NULL),
(365, 1, true, NULL),
(365, 2, true, NULL),
(365, 3, false, NULL),
(365, 4, true, NULL),
(365, 5, false, NULL);

-- student_eligible_meals: 3087 row(s)
INSERT INTO student_eligible_meals (enrolment_id, menu_item_id, eligible, needs_tweak, rationale, computed_at) VALUES
(1, 1, true, false, 'no dietary restrictions', '2026-06-03 10:10:59.691843+00:00'::timestamptz),
(1, 2, true, false, 'no dietary restrictions', '2026-06-03 10:10:59.691843+00:00'::timestamptz),
(1, 3, true, false, 'no dietary restrictions', '2026-06-03 10:10:59.691843+00:00'::timestamptz),
(1, 4, true, false, 'no dietary restrictions', '2026-06-03 10:10:59.691843+00:00'::timestamptz),
(1, 5, true, false, 'no dietary restrictions', '2026-06-03 10:10:59.691843+00:00'::timestamptz),
(1, 6, true, false, 'no dietary restrictions', '2026-06-03 10:10:59.691843+00:00'::timestamptz),
(1, 7, true, false, 'no dietary restrictions', '2026-06-03 10:10:59.691843+00:00'::timestamptz),
(1, 8, true, false, 'no dietary restrictions', '2026-06-03 10:10:59.691843+00:00'::timestamptz),
(1, 9, true, false, 'no dietary restrictions', '2026-06-03 10:10:59.691843+00:00'::timestamptz),
(1, 10, true, false, 'no dietary restrictions', '2026-06-03 10:10:59.691843+00:00'::timestamptz),
(2, 1, true, false, 'no dietary restrictions', '2026-06-03 10:10:56.631986+00:00'::timestamptz),
(2, 2, true, false, 'no dietary restrictions', '2026-06-03 10:10:56.631986+00:00'::timestamptz),
(2, 3, true, false, 'no dietary restrictions', '2026-06-03 10:10:56.631986+00:00'::timestamptz),
(2, 4, true, false, 'no dietary restrictions', '2026-06-03 10:10:56.631986+00:00'::timestamptz),
(2, 5, true, false, 'no dietary restrictions', '2026-06-03 10:10:56.631986+00:00'::timestamptz),
(2, 6, true, false, 'no dietary restrictions', '2026-06-03 10:10:56.631986+00:00'::timestamptz),
(2, 7, true, false, 'no dietary restrictions', '2026-06-03 10:10:56.631986+00:00'::timestamptz),
(2, 8, true, false, 'no dietary restrictions', '2026-06-03 10:10:56.631986+00:00'::timestamptz),
(2, 9, true, false, 'no dietary restrictions', '2026-06-03 10:10:56.631986+00:00'::timestamptz),
(2, 10, true, false, 'no dietary restrictions', '2026-06-03 10:10:56.631986+00:00'::timestamptz),
(3, 1, true, false, 'no dietary restrictions', '2026-06-03 10:10:59.692152+00:00'::timestamptz),
(3, 2, true, false, 'no dietary restrictions', '2026-06-03 10:10:59.692152+00:00'::timestamptz),
(3, 3, true, false, 'no dietary restrictions', '2026-06-03 10:10:59.692152+00:00'::timestamptz),
(3, 4, true, false, 'no dietary restrictions', '2026-06-03 10:10:59.692152+00:00'::timestamptz),
(3, 5, true, false, 'no dietary restrictions', '2026-06-03 10:10:59.692152+00:00'::timestamptz),
(3, 6, true, false, 'no dietary restrictions', '2026-06-03 10:10:59.692152+00:00'::timestamptz),
(3, 7, true, false, 'no dietary restrictions', '2026-06-03 10:10:59.692152+00:00'::timestamptz),
(3, 8, true, false, 'no dietary restrictions', '2026-06-03 10:10:59.692152+00:00'::timestamptz),
(3, 9, true, false, 'no dietary restrictions', '2026-06-03 10:10:59.692152+00:00'::timestamptz),
(3, 10, true, false, 'no dietary restrictions', '2026-06-03 10:10:59.692152+00:00'::timestamptz),
(4, 1, true, true, 'Contains shrimp (shellfish), violating no_seafood. However, the stated tweak ''Vegetarian option available on request (shrimp omitted)'' explicitly removes the shrimp, making it seafood-free.', '2026-06-03 10:11:11.684874+00:00'::timestamptz),
(4, 2, true, false, 'Item is certified seafood-free and contents confirm no fish or shellfish. Satisfies no_seafood requirement.', '2026-06-03 10:11:11.684874+00:00'::timestamptz),
(4, 3, true, false, 'Item is certified seafood-free and contents confirm no fish or shellfish. Satisfies no_seafood requirement.', '2026-06-03 10:11:11.684874+00:00'::timestamptz),
(4, 4, true, false, 'Item is certified seafood-free and contents confirm no fish or shellfish. Satisfies no_seafood requirement.', '2026-06-03 10:11:11.684874+00:00'::timestamptz),
(4, 5, true, false, 'Item is certified seafood-free and contents confirm no fish or shellfish. Satisfies no_seafood requirement.', '2026-06-03 10:11:11.684874+00:00'::timestamptz),
(4, 6, true, false, 'Item is certified seafood-free and contents confirm no fish or shellfish. Satisfies no_seafood requirement.', '2026-06-03 10:11:11.684874+00:00'::timestamptz),
(4, 7, true, false, 'Item is certified seafood-free and contents confirm no fish or shellfish. Satisfies no_seafood requirement.', '2026-06-03 10:11:11.684874+00:00'::timestamptz),
(4, 8, false, false, 'Contents explicitly list fish (seafood), directly violating the no_seafood requirement. No tweak removes it.', '2026-06-03 10:11:11.684874+00:00'::timestamptz),
(4, 9, true, false, 'Item is certified seafood-free and contents confirm no fish or shellfish. Satisfies no_seafood requirement.', '2026-06-03 10:11:11.684874+00:00'::timestamptz),
(4, 10, true, false, 'Item is certified seafood-free and contents confirm no fish or shellfish. Satisfies no_seafood requirement.', '2026-06-03 10:11:11.684874+00:00'::timestamptz),
(5, 1, true, false, 'no dietary restrictions', '2026-06-03 10:10:56.633262+00:00'::timestamptz),
(5, 2, true, false, 'no dietary restrictions', '2026-06-03 10:10:56.633262+00:00'::timestamptz),
(5, 3, true, false, 'no dietary restrictions', '2026-06-03 10:10:56.633262+00:00'::timestamptz),
(5, 4, true, false, 'no dietary restrictions', '2026-06-03 10:10:56.633262+00:00'::timestamptz),
(5, 5, true, false, 'no dietary restrictions', '2026-06-03 10:10:56.633262+00:00'::timestamptz),
(5, 6, true, false, 'no dietary restrictions', '2026-06-03 10:10:56.633262+00:00'::timestamptz),
(5, 7, true, false, 'no dietary restrictions', '2026-06-03 10:10:56.633262+00:00'::timestamptz),
(5, 8, true, false, 'no dietary restrictions', '2026-06-03 10:10:56.633262+00:00'::timestamptz),
(5, 9, true, false, 'no dietary restrictions', '2026-06-03 10:10:56.633262+00:00'::timestamptz),
(5, 10, true, false, 'no dietary restrictions', '2026-06-03 10:10:56.633262+00:00'::timestamptz),
(6, 1, true, false, 'no dietary restrictions', '2026-06-03 10:10:56.631939+00:00'::timestamptz),
(6, 2, true, false, 'no dietary restrictions', '2026-06-03 10:10:56.631939+00:00'::timestamptz),
(6, 3, true, false, 'no dietary restrictions', '2026-06-03 10:10:56.631939+00:00'::timestamptz),
(6, 4, true, false, 'no dietary restrictions', '2026-06-03 10:10:56.631939+00:00'::timestamptz),
(6, 5, true, false, 'no dietary restrictions', '2026-06-03 10:10:56.631939+00:00'::timestamptz),
(6, 6, true, false, 'no dietary restrictions', '2026-06-03 10:10:56.631939+00:00'::timestamptz),
(6, 7, true, false, 'no dietary restrictions', '2026-06-03 10:10:56.631939+00:00'::timestamptz),
(6, 8, true, false, 'no dietary restrictions', '2026-06-03 10:10:56.631939+00:00'::timestamptz),
(6, 9, true, false, 'no dietary restrictions', '2026-06-03 10:10:56.631939+00:00'::timestamptz),
(6, 10, true, false, 'no dietary restrictions', '2026-06-03 10:10:56.631939+00:00'::timestamptz),
(7, 1, true, false, 'no dietary restrictions', '2026-06-03 10:11:02.732335+00:00'::timestamptz),
(7, 2, true, false, 'no dietary restrictions', '2026-06-03 10:11:02.732335+00:00'::timestamptz),
(7, 3, true, false, 'no dietary restrictions', '2026-06-03 10:11:02.732335+00:00'::timestamptz),
(7, 4, true, false, 'no dietary restrictions', '2026-06-03 10:11:02.732335+00:00'::timestamptz),
(7, 5, true, false, 'no dietary restrictions', '2026-06-03 10:11:02.732335+00:00'::timestamptz),
(7, 6, true, false, 'no dietary restrictions', '2026-06-03 10:11:02.732335+00:00'::timestamptz),
(7, 7, true, false, 'no dietary restrictions', '2026-06-03 10:11:02.732335+00:00'::timestamptz),
(7, 8, true, false, 'no dietary restrictions', '2026-06-03 10:11:02.732335+00:00'::timestamptz),
(7, 9, true, false, 'no dietary restrictions', '2026-06-03 10:11:02.732335+00:00'::timestamptz),
(7, 10, true, false, 'no dietary restrictions', '2026-06-03 10:11:02.732335+00:00'::timestamptz),
(8, 1, true, false, 'no dietary restrictions', '2026-06-03 10:10:59.692811+00:00'::timestamptz),
(8, 2, true, false, 'no dietary restrictions', '2026-06-03 10:10:59.692811+00:00'::timestamptz),
(8, 3, true, false, 'no dietary restrictions', '2026-06-03 10:10:59.692811+00:00'::timestamptz),
(8, 4, true, false, 'no dietary restrictions', '2026-06-03 10:10:59.692811+00:00'::timestamptz),
(8, 5, true, false, 'no dietary restrictions', '2026-06-03 10:10:59.692811+00:00'::timestamptz),
(8, 6, true, false, 'no dietary restrictions', '2026-06-03 10:10:59.692811+00:00'::timestamptz),
(8, 7, true, false, 'no dietary restrictions', '2026-06-03 10:10:59.692811+00:00'::timestamptz),
(8, 8, true, false, 'no dietary restrictions', '2026-06-03 10:10:59.692811+00:00'::timestamptz),
(8, 9, true, false, 'no dietary restrictions', '2026-06-03 10:10:59.692811+00:00'::timestamptz),
(8, 10, true, false, 'no dietary restrictions', '2026-06-03 10:10:59.692811+00:00'::timestamptz),
(9, 1, true, false, 'no dietary restrictions', '2026-06-03 10:10:59.691685+00:00'::timestamptz),
(9, 2, true, false, 'no dietary restrictions', '2026-06-03 10:10:59.691685+00:00'::timestamptz),
(9, 3, true, false, 'no dietary restrictions', '2026-06-03 10:10:59.691685+00:00'::timestamptz),
(9, 4, true, false, 'no dietary restrictions', '2026-06-03 10:10:59.691685+00:00'::timestamptz),
(9, 5, true, false, 'no dietary restrictions', '2026-06-03 10:10:59.691685+00:00'::timestamptz),
(9, 6, true, false, 'no dietary restrictions', '2026-06-03 10:10:59.691685+00:00'::timestamptz),
(9, 7, true, false, 'no dietary restrictions', '2026-06-03 10:10:59.691685+00:00'::timestamptz),
(9, 8, true, false, 'no dietary restrictions', '2026-06-03 10:10:59.691685+00:00'::timestamptz),
(9, 9, true, false, 'no dietary restrictions', '2026-06-03 10:10:59.691685+00:00'::timestamptz),
(9, 10, true, false, 'no dietary restrictions', '2026-06-03 10:10:59.691685+00:00'::timestamptz),
(10, 1, true, false, 'no dietary restrictions', '2026-06-03 10:10:56.631832+00:00'::timestamptz),
(10, 2, true, false, 'no dietary restrictions', '2026-06-03 10:10:56.631832+00:00'::timestamptz),
(10, 3, true, false, 'no dietary restrictions', '2026-06-03 10:10:56.631832+00:00'::timestamptz),
(10, 4, true, false, 'no dietary restrictions', '2026-06-03 10:10:56.631832+00:00'::timestamptz),
(10, 5, true, false, 'no dietary restrictions', '2026-06-03 10:10:56.631832+00:00'::timestamptz),
(10, 6, true, false, 'no dietary restrictions', '2026-06-03 10:10:56.631832+00:00'::timestamptz),
(10, 7, true, false, 'no dietary restrictions', '2026-06-03 10:10:56.631832+00:00'::timestamptz),
(10, 8, true, false, 'no dietary restrictions', '2026-06-03 10:10:56.631832+00:00'::timestamptz),
(10, 9, true, false, 'no dietary restrictions', '2026-06-03 10:10:56.631832+00:00'::timestamptz),
(10, 10, true, false, 'no dietary restrictions', '2026-06-03 10:10:56.631832+00:00'::timestamptz);
INSERT INTO student_eligible_meals (enrolment_id, menu_item_id, eligible, needs_tweak, rationale, computed_at) VALUES
(11, 1, true, false, 'no dietary restrictions', '2026-06-03 10:10:56.632808+00:00'::timestamptz),
(11, 2, true, false, 'no dietary restrictions', '2026-06-03 10:10:56.632808+00:00'::timestamptz),
(11, 3, true, false, 'no dietary restrictions', '2026-06-03 10:10:56.632808+00:00'::timestamptz),
(11, 4, true, false, 'no dietary restrictions', '2026-06-03 10:10:56.632808+00:00'::timestamptz),
(11, 5, true, false, 'no dietary restrictions', '2026-06-03 10:10:56.632808+00:00'::timestamptz),
(11, 6, true, false, 'no dietary restrictions', '2026-06-03 10:10:56.632808+00:00'::timestamptz),
(11, 7, true, false, 'no dietary restrictions', '2026-06-03 10:10:56.632808+00:00'::timestamptz),
(11, 8, true, false, 'no dietary restrictions', '2026-06-03 10:10:56.632808+00:00'::timestamptz),
(11, 9, true, false, 'no dietary restrictions', '2026-06-03 10:10:56.632808+00:00'::timestamptz),
(11, 10, true, false, 'no dietary restrictions', '2026-06-03 10:10:56.632808+00:00'::timestamptz),
(12, 2, true, false, 'Contents explicitly state nut-free and the item is certified no_nuts. No nut risk present.', '2026-06-03 10:11:08.538863+00:00'::timestamptz),
(12, 3, true, false, 'Contents explicitly state nut-free and the item is certified no_nuts. No nut risk present.', '2026-06-03 10:11:08.538863+00:00'::timestamptz),
(12, 4, true, false, 'Contents explicitly state nut-free and the item is certified no_nuts. No nut risk present.', '2026-06-03 10:11:08.538863+00:00'::timestamptz),
(12, 5, true, false, 'Contents explicitly state nut-free and the item is certified no_nuts. No nut risk present.', '2026-06-03 10:11:08.538863+00:00'::timestamptz),
(12, 7, true, false, 'Contents explicitly state nut-free and the item is certified no_nuts. No nut risk present.', '2026-06-03 10:11:08.538863+00:00'::timestamptz),
(12, 8, true, false, 'Contents explicitly state nut-free and the item is certified no_nuts. No nut risk present.', '2026-06-03 10:11:08.538863+00:00'::timestamptz),
(12, 9, true, false, 'Contents explicitly state nut-free and the item is certified no_nuts. No nut risk present.', '2026-06-03 10:11:08.538863+00:00'::timestamptz),
(12, 10, true, false, 'Contents explicitly state nut-free and the item is certified no_nuts. No nut risk present.', '2026-06-03 10:11:08.538863+00:00'::timestamptz),
(13, 1, true, false, 'Certified gluten-free. Contents (shrimp, egg, rice, soy) are listed as gluten-free and dairy-free. The ''may contain nuts'' note is not relevant here as the student has no nut restriction. Satisfies the gluten-free requirement.', '2026-06-03 14:38:23.618512+00:00'::timestamptz),
(13, 2, false, false, 'Contains wheat pasta and garlic bread, both explicitly containing gluten. No tweaks available.', '2026-06-03 14:38:23.618512+00:00'::timestamptz),
(13, 3, true, false, 'Certified gluten-free. Contents (chicken, capsicum, pineapple, rice) are listed as gluten-free, dairy-free, nut-free, and seafood-free. Fully satisfies the gluten-free requirement.', '2026-06-03 14:38:23.618512+00:00'::timestamptz),
(13, 4, false, false, 'Contains wheat pasta which explicitly contains gluten. No tweaks available to make it gluten-free.', '2026-06-03 14:38:23.618512+00:00'::timestamptz),
(13, 5, false, false, 'Potato gnocchi explicitly contains gluten. No tweak available to make it gluten-free (only vegan option offered).', '2026-06-03 14:38:23.618512+00:00'::timestamptz),
(13, 6, false, false, 'Contains a wheat wrap which contains gluten. No tweak is available to remove the wrap, so this item is not safe for a gluten-free student.', '2026-06-03 14:38:23.618512+00:00'::timestamptz),
(13, 7, false, false, 'Contains a wheat bun which explicitly contains gluten. No tweaks available to remove it.', '2026-06-03 14:38:23.618512+00:00'::timestamptz),
(13, 9, true, false, 'Certified gluten-free. Contents (beef, rice, sesame, soy) are listed as gluten-free, dairy-free, nut-free, and seafood-free. Satisfies the gluten-free requirement.', '2026-06-03 14:38:23.618512+00:00'::timestamptz),
(13, 10, false, false, 'Curry sauce explicitly contains gluten. No tweak available to make it gluten-free.', '2026-06-03 14:38:23.618512+00:00'::timestamptz),
(14, 1, true, false, 'no dietary restrictions', '2026-06-03 10:10:56.633293+00:00'::timestamptz),
(14, 2, true, false, 'no dietary restrictions', '2026-06-03 10:10:56.633293+00:00'::timestamptz),
(14, 3, true, false, 'no dietary restrictions', '2026-06-03 10:10:56.633293+00:00'::timestamptz),
(14, 4, true, false, 'no dietary restrictions', '2026-06-03 10:10:56.633293+00:00'::timestamptz),
(14, 5, true, false, 'no dietary restrictions', '2026-06-03 10:10:56.633293+00:00'::timestamptz),
(14, 6, true, false, 'no dietary restrictions', '2026-06-03 10:10:56.633293+00:00'::timestamptz),
(14, 7, true, false, 'no dietary restrictions', '2026-06-03 10:10:56.633293+00:00'::timestamptz),
(14, 8, true, false, 'no dietary restrictions', '2026-06-03 10:10:56.633293+00:00'::timestamptz),
(14, 9, true, false, 'no dietary restrictions', '2026-06-03 10:10:56.633293+00:00'::timestamptz),
(14, 10, true, false, 'no dietary restrictions', '2026-06-03 10:10:56.633293+00:00'::timestamptz),
(15, 1, true, true, 'Contents list shrimp (shellfish), which violates no_seafood. However, the stated tweak ''Vegetarian option available on request (shrimp omitted)'' explicitly removes the shrimp, making it seafood-free.', '2026-06-03 10:11:07.700570+00:00'::timestamptz),
(15, 2, true, false, 'Item is certified seafood-free and contents confirm no fish or shellfish. Satisfies no_seafood requirement.', '2026-06-03 10:11:07.700570+00:00'::timestamptz),
(15, 3, true, false, 'Item is certified seafood-free and contents confirm no fish or shellfish. Satisfies no_seafood requirement.', '2026-06-03 10:11:07.700570+00:00'::timestamptz),
(15, 4, true, false, 'Item is certified seafood-free and contents confirm no fish or shellfish. Satisfies no_seafood requirement.', '2026-06-03 10:11:07.700570+00:00'::timestamptz),
(15, 5, true, false, 'Item is certified seafood-free and contents confirm no fish or shellfish. Satisfies no_seafood requirement.', '2026-06-03 10:11:07.700570+00:00'::timestamptz),
(15, 6, true, false, 'Item is certified seafood-free and contents confirm no fish or shellfish. Satisfies no_seafood requirement.', '2026-06-03 10:11:07.700570+00:00'::timestamptz),
(15, 7, true, false, 'Item is certified seafood-free and contents confirm no fish or shellfish. Satisfies no_seafood requirement.', '2026-06-03 10:11:07.700570+00:00'::timestamptz),
(15, 8, false, false, 'Contents explicitly list fish (seafood), which directly violates the no_seafood requirement. No tweak removes the fish.', '2026-06-03 10:11:07.700570+00:00'::timestamptz),
(15, 9, true, false, 'Item is certified seafood-free and contents confirm no fish or shellfish. Satisfies no_seafood requirement.', '2026-06-03 10:11:07.700570+00:00'::timestamptz),
(15, 10, true, false, 'Item is certified seafood-free and contents confirm no fish or shellfish. Satisfies no_seafood requirement.', '2026-06-03 10:11:07.700570+00:00'::timestamptz),
(16, 1, true, false, 'no dietary restrictions', '2026-06-03 10:11:02.732376+00:00'::timestamptz),
(16, 2, true, false, 'no dietary restrictions', '2026-06-03 10:11:02.732376+00:00'::timestamptz),
(16, 3, true, false, 'no dietary restrictions', '2026-06-03 10:11:02.732376+00:00'::timestamptz),
(16, 4, true, false, 'no dietary restrictions', '2026-06-03 10:11:02.732376+00:00'::timestamptz),
(16, 5, true, false, 'no dietary restrictions', '2026-06-03 10:11:02.732376+00:00'::timestamptz),
(16, 6, true, false, 'no dietary restrictions', '2026-06-03 10:11:02.732376+00:00'::timestamptz),
(16, 7, true, false, 'no dietary restrictions', '2026-06-03 10:11:02.732376+00:00'::timestamptz),
(16, 8, true, false, 'no dietary restrictions', '2026-06-03 10:11:02.732376+00:00'::timestamptz),
(16, 9, true, false, 'no dietary restrictions', '2026-06-03 10:11:02.732376+00:00'::timestamptz),
(16, 10, true, false, 'no dietary restrictions', '2026-06-03 10:11:02.732376+00:00'::timestamptz),
(17, 1, true, false, 'no dietary restrictions', '2026-06-03 10:10:59.693307+00:00'::timestamptz),
(17, 2, true, false, 'no dietary restrictions', '2026-06-03 10:10:59.693307+00:00'::timestamptz),
(17, 3, true, false, 'no dietary restrictions', '2026-06-03 10:10:59.693307+00:00'::timestamptz),
(17, 4, true, false, 'no dietary restrictions', '2026-06-03 10:10:59.693307+00:00'::timestamptz),
(17, 5, true, false, 'no dietary restrictions', '2026-06-03 10:10:59.693307+00:00'::timestamptz),
(17, 6, true, false, 'no dietary restrictions', '2026-06-03 10:10:59.693307+00:00'::timestamptz),
(17, 7, true, false, 'no dietary restrictions', '2026-06-03 10:10:59.693307+00:00'::timestamptz),
(17, 8, true, false, 'no dietary restrictions', '2026-06-03 10:10:59.693307+00:00'::timestamptz),
(17, 9, true, false, 'no dietary restrictions', '2026-06-03 10:10:59.693307+00:00'::timestamptz),
(17, 10, true, false, 'no dietary restrictions', '2026-06-03 10:10:59.693307+00:00'::timestamptz),
(18, 11, true, false, 'no dietary restrictions', '2026-06-03 10:11:40.461927+00:00'::timestamptz),
(18, 12, true, false, 'no dietary restrictions', '2026-06-03 10:11:40.461927+00:00'::timestamptz),
(18, 13, true, false, 'no dietary restrictions', '2026-06-03 10:11:40.461927+00:00'::timestamptz),
(18, 14, true, false, 'no dietary restrictions', '2026-06-03 10:11:40.461927+00:00'::timestamptz),
(18, 15, true, false, 'no dietary restrictions', '2026-06-03 10:11:40.461927+00:00'::timestamptz),
(18, 16, true, false, 'no dietary restrictions', '2026-06-03 10:11:40.461927+00:00'::timestamptz),
(18, 17, true, false, 'no dietary restrictions', '2026-06-03 10:11:40.461927+00:00'::timestamptz),
(18, 18, true, false, 'no dietary restrictions', '2026-06-03 10:11:40.461927+00:00'::timestamptz),
(18, 19, true, false, 'no dietary restrictions', '2026-06-03 10:11:40.461927+00:00'::timestamptz),
(18, 20, true, false, 'no dietary restrictions', '2026-06-03 10:11:40.461927+00:00'::timestamptz),
(19, 11, true, false, 'no dietary restrictions', '2026-06-03 10:11:22.751032+00:00'::timestamptz),
(19, 12, true, false, 'no dietary restrictions', '2026-06-03 10:11:22.751032+00:00'::timestamptz),
(19, 13, true, false, 'no dietary restrictions', '2026-06-03 10:11:22.751032+00:00'::timestamptz),
(19, 14, true, false, 'no dietary restrictions', '2026-06-03 10:11:22.751032+00:00'::timestamptz),
(19, 15, true, false, 'no dietary restrictions', '2026-06-03 10:11:22.751032+00:00'::timestamptz),
(19, 16, true, false, 'no dietary restrictions', '2026-06-03 10:11:22.751032+00:00'::timestamptz),
(19, 17, true, false, 'no dietary restrictions', '2026-06-03 10:11:22.751032+00:00'::timestamptz),
(19, 18, true, false, 'no dietary restrictions', '2026-06-03 10:11:22.751032+00:00'::timestamptz),
(19, 19, true, false, 'no dietary restrictions', '2026-06-03 10:11:22.751032+00:00'::timestamptz),
(19, 20, true, false, 'no dietary restrictions', '2026-06-03 10:11:22.751032+00:00'::timestamptz),
(20, 11, true, false, 'no dietary restrictions', '2026-06-03 10:11:37.314529+00:00'::timestamptz),
(20, 12, true, false, 'no dietary restrictions', '2026-06-03 10:11:37.314529+00:00'::timestamptz),
(20, 13, true, false, 'no dietary restrictions', '2026-06-03 10:11:37.314529+00:00'::timestamptz),
(20, 14, true, false, 'no dietary restrictions', '2026-06-03 10:11:37.314529+00:00'::timestamptz),
(20, 15, true, false, 'no dietary restrictions', '2026-06-03 10:11:37.314529+00:00'::timestamptz),
(20, 16, true, false, 'no dietary restrictions', '2026-06-03 10:11:37.314529+00:00'::timestamptz),
(20, 17, true, false, 'no dietary restrictions', '2026-06-03 10:11:37.314529+00:00'::timestamptz),
(20, 18, true, false, 'no dietary restrictions', '2026-06-03 10:11:37.314529+00:00'::timestamptz),
(20, 19, true, false, 'no dietary restrictions', '2026-06-03 10:11:37.314529+00:00'::timestamptz),
(20, 20, true, false, 'no dietary restrictions', '2026-06-03 10:11:37.314529+00:00'::timestamptz),
(21, 11, true, false, 'no dietary restrictions', '2026-06-03 10:11:25.715382+00:00'::timestamptz),
(21, 12, true, false, 'no dietary restrictions', '2026-06-03 10:11:25.715382+00:00'::timestamptz),
(21, 13, true, false, 'no dietary restrictions', '2026-06-03 10:11:25.715382+00:00'::timestamptz);
INSERT INTO student_eligible_meals (enrolment_id, menu_item_id, eligible, needs_tweak, rationale, computed_at) VALUES
(21, 14, true, false, 'no dietary restrictions', '2026-06-03 10:11:25.715382+00:00'::timestamptz),
(21, 15, true, false, 'no dietary restrictions', '2026-06-03 10:11:25.715382+00:00'::timestamptz),
(21, 16, true, false, 'no dietary restrictions', '2026-06-03 10:11:25.715382+00:00'::timestamptz),
(21, 17, true, false, 'no dietary restrictions', '2026-06-03 10:11:25.715382+00:00'::timestamptz),
(21, 18, true, false, 'no dietary restrictions', '2026-06-03 10:11:25.715382+00:00'::timestamptz),
(21, 19, true, false, 'no dietary restrictions', '2026-06-03 10:11:25.715382+00:00'::timestamptz),
(21, 20, true, false, 'no dietary restrictions', '2026-06-03 10:11:25.715382+00:00'::timestamptz),
(22, 11, true, false, 'Item is certified no_beef. Contents are udon noodles, miso broth, and no beef ingredients. Satisfies no_beef.', '2026-06-03 10:11:35.828779+00:00'::timestamptz),
(22, 12, true, false, 'Item is certified no_beef. Contents are chicken, rice noodles, vegetables, and soy — no beef present. Satisfies no_beef.', '2026-06-03 10:11:35.828779+00:00'::timestamptz),
(22, 13, true, false, 'Item is certified no_beef. Contents are pork, rice vermicelli, salad and herbs — no beef present. Satisfies no_beef.', '2026-06-03 10:11:35.828779+00:00'::timestamptz),
(22, 15, false, false, 'Beef is explicitly listed as a primary ingredient. Violates the no_beef restriction, and no tweak is available to remove it.', '2026-06-03 10:11:35.828779+00:00'::timestamptz),
(22, 16, false, false, 'Beef is a primary stated ingredient and no tweak exists to remove it. Violates the no_beef restriction.', '2026-06-03 10:11:35.828779+00:00'::timestamptz),
(22, 17, true, false, 'Item is certified no_beef. Contents are rice noodles, vegetables, soy, and egg — no beef present. Satisfies no_beef.', '2026-06-03 10:11:35.828779+00:00'::timestamptz),
(22, 18, false, false, 'Beef is listed as a primary ingredient. This directly violates the no_beef restriction, and no tweak is available to remove it.', '2026-06-03 10:11:35.828779+00:00'::timestamptz),
(22, 19, true, false, 'Item is certified no_beef and contains no beef ingredients (pork-based bacon, pasta, egg, cream, parmesan). Satisfies the sole restriction of no_beef.', '2026-06-03 10:11:35.828779+00:00'::timestamptz),
(22, 20, true, false, 'Item is certified no_beef. Contents list wheat noodles, honey soy sauce, and vegetables — no beef present. Satisfies no_beef.', '2026-06-03 10:11:35.828779+00:00'::timestamptz),
(23, 11, false, false, 'Miso broth may contain fish/seafood, violating the vegetarian requirement. Although a ''vegetarian option'' tweak is stated, the item is not certified to satisfy no_seafood, and the miso broth''s seafood content is inherent to the base dish. The vegetarian tweak is ambiguous as to whether it removes the seafood from the broth — this is insufficient assurance for a child''s safety.', '2026-06-03 10:11:58.461157+00:00'::timestamptz),
(23, 12, true, true, 'Item is certified halal. Contains chicken, which violates the vegetarian requirement, but a ''vegetarian option available on request'' tweak is explicitly stated to remove the meat. With the vegetarian tweak applied, both halal and vegetarian requirements are satisfied.', '2026-06-03 10:11:58.461157+00:00'::timestamptz),
(23, 13, false, false, 'Contains pork, which violates both the halal and vegetarian requirements. No tweaks available.', '2026-06-03 10:11:58.461157+00:00'::timestamptz),
(23, 14, false, false, 'Meatballs with unspecified meat type — explicitly flagged as unsafe for halal/pork/beef. Also contains meat, violating the vegetarian requirement. No tweaks available.', '2026-06-03 10:11:58.461157+00:00'::timestamptz),
(23, 15, false, false, 'Contains beef, which violates the vegetarian requirement. No tweak removes the beef.', '2026-06-03 10:11:58.461157+00:00'::timestamptz),
(23, 16, false, false, 'Contains beef, which violates the vegetarian requirement. No tweak removes the beef.', '2026-06-03 10:11:58.461157+00:00'::timestamptz),
(23, 17, true, true, 'Item is certified halal, and a ''vegetarian option available on request'' tweak is stated. The base item contains egg but no meat; requesting the vegetarian option ensures full vegetarian compliance. Both halal and vegetarian requirements are met with the tweak.', '2026-06-03 10:11:58.461157+00:00'::timestamptz),
(23, 18, false, false, 'Contains beef and dried shrimp (seafood), violating both the vegetarian and halal-meat-type requirements. Omitting peanuts does not address these issues.', '2026-06-03 10:11:58.461157+00:00'::timestamptz),
(23, 19, false, false, 'Contains bacon (pork), which is neither halal nor vegetarian. No tweaks available to remove it.', '2026-06-03 10:11:58.461157+00:00'::timestamptz),
(23, 20, true, true, 'Item is certified halal. The standard version contains no explicit meat, but a ''vegetarian option available on request'' tweak is stated, ensuring it is fully vegetarian-safe. Requesting the vegetarian option satisfies both halal and vegetarian requirements.', '2026-06-03 10:11:58.461157+00:00'::timestamptz),
(24, 11, true, false, 'no dietary restrictions', '2026-06-03 10:11:43.814367+00:00'::timestamptz),
(24, 12, true, false, 'no dietary restrictions', '2026-06-03 10:11:43.814367+00:00'::timestamptz),
(24, 13, true, false, 'no dietary restrictions', '2026-06-03 10:11:43.814367+00:00'::timestamptz),
(24, 14, true, false, 'no dietary restrictions', '2026-06-03 10:11:43.814367+00:00'::timestamptz),
(24, 15, true, false, 'no dietary restrictions', '2026-06-03 10:11:43.814367+00:00'::timestamptz),
(24, 16, true, false, 'no dietary restrictions', '2026-06-03 10:11:43.814367+00:00'::timestamptz),
(24, 17, true, false, 'no dietary restrictions', '2026-06-03 10:11:43.814367+00:00'::timestamptz),
(24, 18, true, false, 'no dietary restrictions', '2026-06-03 10:11:43.814367+00:00'::timestamptz),
(24, 19, true, false, 'no dietary restrictions', '2026-06-03 10:11:43.814367+00:00'::timestamptz),
(24, 20, true, false, 'no dietary restrictions', '2026-06-03 10:11:43.814367+00:00'::timestamptz),
(25, 11, true, false, 'no dietary restrictions', '2026-06-03 10:11:39.352551+00:00'::timestamptz),
(25, 12, true, false, 'no dietary restrictions', '2026-06-03 10:11:39.352551+00:00'::timestamptz),
(25, 13, true, false, 'no dietary restrictions', '2026-06-03 10:11:39.352551+00:00'::timestamptz),
(25, 14, true, false, 'no dietary restrictions', '2026-06-03 10:11:39.352551+00:00'::timestamptz),
(25, 15, true, false, 'no dietary restrictions', '2026-06-03 10:11:39.352551+00:00'::timestamptz),
(25, 16, true, false, 'no dietary restrictions', '2026-06-03 10:11:39.352551+00:00'::timestamptz),
(25, 17, true, false, 'no dietary restrictions', '2026-06-03 10:11:39.352551+00:00'::timestamptz),
(25, 18, true, false, 'no dietary restrictions', '2026-06-03 10:11:39.352551+00:00'::timestamptz),
(25, 19, true, false, 'no dietary restrictions', '2026-06-03 10:11:39.352551+00:00'::timestamptz),
(25, 20, true, false, 'no dietary restrictions', '2026-06-03 10:11:39.352551+00:00'::timestamptz),
(26, 11, true, false, 'no dietary restrictions', '2026-06-03 10:11:42.989960+00:00'::timestamptz),
(26, 12, true, false, 'no dietary restrictions', '2026-06-03 10:11:42.989960+00:00'::timestamptz),
(26, 13, true, false, 'no dietary restrictions', '2026-06-03 10:11:42.989960+00:00'::timestamptz),
(26, 14, true, false, 'no dietary restrictions', '2026-06-03 10:11:42.989960+00:00'::timestamptz),
(26, 15, true, false, 'no dietary restrictions', '2026-06-03 10:11:42.989960+00:00'::timestamptz),
(26, 16, true, false, 'no dietary restrictions', '2026-06-03 10:11:42.989960+00:00'::timestamptz),
(26, 17, true, false, 'no dietary restrictions', '2026-06-03 10:11:42.989960+00:00'::timestamptz),
(26, 18, true, false, 'no dietary restrictions', '2026-06-03 10:11:42.989960+00:00'::timestamptz),
(26, 19, true, false, 'no dietary restrictions', '2026-06-03 10:11:42.989960+00:00'::timestamptz),
(26, 20, true, false, 'no dietary restrictions', '2026-06-03 10:11:42.989960+00:00'::timestamptz),
(27, 11, true, false, 'no dietary restrictions', '2026-06-03 10:11:45.869018+00:00'::timestamptz),
(27, 12, true, false, 'no dietary restrictions', '2026-06-03 10:11:45.869018+00:00'::timestamptz),
(27, 13, true, false, 'no dietary restrictions', '2026-06-03 10:11:45.869018+00:00'::timestamptz),
(27, 14, true, false, 'no dietary restrictions', '2026-06-03 10:11:45.869018+00:00'::timestamptz),
(27, 15, true, false, 'no dietary restrictions', '2026-06-03 10:11:45.869018+00:00'::timestamptz),
(27, 16, true, false, 'no dietary restrictions', '2026-06-03 10:11:45.869018+00:00'::timestamptz),
(27, 17, true, false, 'no dietary restrictions', '2026-06-03 10:11:45.869018+00:00'::timestamptz),
(27, 18, true, false, 'no dietary restrictions', '2026-06-03 10:11:45.869018+00:00'::timestamptz),
(27, 19, true, false, 'no dietary restrictions', '2026-06-03 10:11:45.869018+00:00'::timestamptz),
(27, 20, true, false, 'no dietary restrictions', '2026-06-03 10:11:45.869018+00:00'::timestamptz),
(28, 11, true, false, 'no dietary restrictions', '2026-06-03 10:11:41.098400+00:00'::timestamptz),
(28, 12, true, false, 'no dietary restrictions', '2026-06-03 10:11:41.098400+00:00'::timestamptz),
(28, 13, true, false, 'no dietary restrictions', '2026-06-03 10:11:41.098400+00:00'::timestamptz),
(28, 14, true, false, 'no dietary restrictions', '2026-06-03 10:11:41.098400+00:00'::timestamptz),
(28, 15, true, false, 'no dietary restrictions', '2026-06-03 10:11:41.098400+00:00'::timestamptz),
(28, 16, true, false, 'no dietary restrictions', '2026-06-03 10:11:41.098400+00:00'::timestamptz),
(28, 17, true, false, 'no dietary restrictions', '2026-06-03 10:11:41.098400+00:00'::timestamptz),
(28, 18, true, false, 'no dietary restrictions', '2026-06-03 10:11:41.098400+00:00'::timestamptz),
(28, 19, true, false, 'no dietary restrictions', '2026-06-03 10:11:41.098400+00:00'::timestamptz),
(28, 20, true, false, 'no dietary restrictions', '2026-06-03 10:11:41.098400+00:00'::timestamptz),
(29, 11, true, false, 'no dietary restrictions', '2026-06-03 10:11:22.752315+00:00'::timestamptz),
(29, 12, true, false, 'no dietary restrictions', '2026-06-03 10:11:22.752315+00:00'::timestamptz),
(29, 13, true, false, 'no dietary restrictions', '2026-06-03 10:11:22.752315+00:00'::timestamptz),
(29, 14, true, false, 'no dietary restrictions', '2026-06-03 10:11:22.752315+00:00'::timestamptz),
(29, 15, true, false, 'no dietary restrictions', '2026-06-03 10:11:22.752315+00:00'::timestamptz),
(29, 16, true, false, 'no dietary restrictions', '2026-06-03 10:11:22.752315+00:00'::timestamptz),
(29, 17, true, false, 'no dietary restrictions', '2026-06-03 10:11:22.752315+00:00'::timestamptz),
(29, 18, true, false, 'no dietary restrictions', '2026-06-03 10:11:22.752315+00:00'::timestamptz),
(29, 19, true, false, 'no dietary restrictions', '2026-06-03 10:11:22.752315+00:00'::timestamptz),
(29, 20, true, false, 'no dietary restrictions', '2026-06-03 10:11:22.752315+00:00'::timestamptz),
(30, 11, true, false, 'no dietary restrictions', '2026-06-03 10:11:28.872493+00:00'::timestamptz),
(30, 12, true, false, 'no dietary restrictions', '2026-06-03 10:11:28.872493+00:00'::timestamptz),
(30, 13, true, false, 'no dietary restrictions', '2026-06-03 10:11:28.872493+00:00'::timestamptz),
(30, 14, true, false, 'no dietary restrictions', '2026-06-03 10:11:28.872493+00:00'::timestamptz),
(30, 15, true, false, 'no dietary restrictions', '2026-06-03 10:11:28.872493+00:00'::timestamptz),
(30, 16, true, false, 'no dietary restrictions', '2026-06-03 10:11:28.872493+00:00'::timestamptz),
(30, 17, true, false, 'no dietary restrictions', '2026-06-03 10:11:28.872493+00:00'::timestamptz),
(30, 18, true, false, 'no dietary restrictions', '2026-06-03 10:11:28.872493+00:00'::timestamptz),
(30, 19, true, false, 'no dietary restrictions', '2026-06-03 10:11:28.872493+00:00'::timestamptz),
(30, 20, true, false, 'no dietary restrictions', '2026-06-03 10:11:28.872493+00:00'::timestamptz),
(31, 11, true, false, 'no dietary restrictions', '2026-06-03 10:11:48.299040+00:00'::timestamptz),
(31, 12, true, false, 'no dietary restrictions', '2026-06-03 10:11:48.299040+00:00'::timestamptz),
(31, 13, true, false, 'no dietary restrictions', '2026-06-03 10:11:48.299040+00:00'::timestamptz),
(31, 14, true, false, 'no dietary restrictions', '2026-06-03 10:11:48.299040+00:00'::timestamptz);
INSERT INTO student_eligible_meals (enrolment_id, menu_item_id, eligible, needs_tweak, rationale, computed_at) VALUES
(31, 15, true, false, 'no dietary restrictions', '2026-06-03 10:11:48.299040+00:00'::timestamptz),
(31, 16, true, false, 'no dietary restrictions', '2026-06-03 10:11:48.299040+00:00'::timestamptz),
(31, 17, true, false, 'no dietary restrictions', '2026-06-03 10:11:48.299040+00:00'::timestamptz),
(31, 18, true, false, 'no dietary restrictions', '2026-06-03 10:11:48.299040+00:00'::timestamptz),
(31, 19, true, false, 'no dietary restrictions', '2026-06-03 10:11:48.299040+00:00'::timestamptz),
(31, 20, true, false, 'no dietary restrictions', '2026-06-03 10:11:48.299040+00:00'::timestamptz),
(32, 11, true, false, 'no dietary restrictions', '2026-06-03 10:11:43.392684+00:00'::timestamptz),
(32, 12, true, false, 'no dietary restrictions', '2026-06-03 10:11:43.392684+00:00'::timestamptz),
(32, 13, true, false, 'no dietary restrictions', '2026-06-03 10:11:43.392684+00:00'::timestamptz),
(32, 14, true, false, 'no dietary restrictions', '2026-06-03 10:11:43.392684+00:00'::timestamptz),
(32, 15, true, false, 'no dietary restrictions', '2026-06-03 10:11:43.392684+00:00'::timestamptz),
(32, 16, true, false, 'no dietary restrictions', '2026-06-03 10:11:43.392684+00:00'::timestamptz),
(32, 17, true, false, 'no dietary restrictions', '2026-06-03 10:11:43.392684+00:00'::timestamptz),
(32, 18, true, false, 'no dietary restrictions', '2026-06-03 10:11:43.392684+00:00'::timestamptz),
(32, 19, true, false, 'no dietary restrictions', '2026-06-03 10:11:43.392684+00:00'::timestamptz),
(32, 20, true, false, 'no dietary restrictions', '2026-06-03 10:11:43.392684+00:00'::timestamptz),
(33, 11, true, false, 'no dietary restrictions', '2026-06-03 10:11:39.096793+00:00'::timestamptz),
(33, 12, true, false, 'no dietary restrictions', '2026-06-03 10:11:39.096793+00:00'::timestamptz),
(33, 13, true, false, 'no dietary restrictions', '2026-06-03 10:11:39.096793+00:00'::timestamptz),
(33, 14, true, false, 'no dietary restrictions', '2026-06-03 10:11:39.096793+00:00'::timestamptz),
(33, 15, true, false, 'no dietary restrictions', '2026-06-03 10:11:39.096793+00:00'::timestamptz),
(33, 16, true, false, 'no dietary restrictions', '2026-06-03 10:11:39.096793+00:00'::timestamptz),
(33, 17, true, false, 'no dietary restrictions', '2026-06-03 10:11:39.096793+00:00'::timestamptz),
(33, 18, true, false, 'no dietary restrictions', '2026-06-03 10:11:39.096793+00:00'::timestamptz),
(33, 19, true, false, 'no dietary restrictions', '2026-06-03 10:11:39.096793+00:00'::timestamptz),
(33, 20, true, false, 'no dietary restrictions', '2026-06-03 10:11:39.096793+00:00'::timestamptz),
(34, 11, true, false, 'no dietary restrictions', '2026-06-03 10:11:39.312314+00:00'::timestamptz),
(34, 12, true, false, 'no dietary restrictions', '2026-06-03 10:11:39.312314+00:00'::timestamptz),
(34, 13, true, false, 'no dietary restrictions', '2026-06-03 10:11:39.312314+00:00'::timestamptz),
(34, 14, true, false, 'no dietary restrictions', '2026-06-03 10:11:39.312314+00:00'::timestamptz),
(34, 15, true, false, 'no dietary restrictions', '2026-06-03 10:11:39.312314+00:00'::timestamptz),
(34, 16, true, false, 'no dietary restrictions', '2026-06-03 10:11:39.312314+00:00'::timestamptz),
(34, 17, true, false, 'no dietary restrictions', '2026-06-03 10:11:39.312314+00:00'::timestamptz),
(34, 18, true, false, 'no dietary restrictions', '2026-06-03 10:11:39.312314+00:00'::timestamptz),
(34, 19, true, false, 'no dietary restrictions', '2026-06-03 10:11:39.312314+00:00'::timestamptz),
(34, 20, true, false, 'no dietary restrictions', '2026-06-03 10:11:39.312314+00:00'::timestamptz),
(35, 11, true, false, 'no dietary restrictions', '2026-06-03 10:11:22.752405+00:00'::timestamptz),
(35, 12, true, false, 'no dietary restrictions', '2026-06-03 10:11:22.752405+00:00'::timestamptz),
(35, 13, true, false, 'no dietary restrictions', '2026-06-03 10:11:22.752405+00:00'::timestamptz),
(35, 14, true, false, 'no dietary restrictions', '2026-06-03 10:11:22.752405+00:00'::timestamptz),
(35, 15, true, false, 'no dietary restrictions', '2026-06-03 10:11:22.752405+00:00'::timestamptz),
(35, 16, true, false, 'no dietary restrictions', '2026-06-03 10:11:22.752405+00:00'::timestamptz),
(35, 17, true, false, 'no dietary restrictions', '2026-06-03 10:11:22.752405+00:00'::timestamptz),
(35, 18, true, false, 'no dietary restrictions', '2026-06-03 10:11:22.752405+00:00'::timestamptz),
(35, 19, true, false, 'no dietary restrictions', '2026-06-03 10:11:22.752405+00:00'::timestamptz),
(35, 20, true, false, 'no dietary restrictions', '2026-06-03 10:11:22.752405+00:00'::timestamptz),
(36, 11, true, true, 'Base contents note miso broth may contain fish/seafood, which would violate vegetarian. The stated ''Vegetarian option available on request'' tweak specifically addresses this, making it safe only with that tweak.', '2026-06-03 10:11:44.017651+00:00'::timestamptz),
(36, 12, true, true, 'Contains chicken (meat) in the standard version. The stated ''Vegetarian option available on request'' tweak removes the chicken, making it safe for a vegetarian student.', '2026-06-03 10:11:44.017651+00:00'::timestamptz),
(36, 13, false, false, 'Contains pork (meat). No tweak removes it. Violates vegetarian requirement.', '2026-06-03 10:11:44.017651+00:00'::timestamptz),
(36, 14, false, false, 'Contains meatballs (meat type unspecified but clearly meat). No tweak removes them. Violates vegetarian requirement.', '2026-06-03 10:11:44.017651+00:00'::timestamptz),
(36, 15, false, false, 'Contains beef (meat). No tweak removes it. Violates vegetarian requirement.', '2026-06-03 10:11:44.017651+00:00'::timestamptz),
(36, 16, false, false, 'Contains beef (meat). No tweak removes it. Violates vegetarian requirement.', '2026-06-03 10:11:44.017651+00:00'::timestamptz),
(36, 17, true, true, 'Base contents include egg but no meat/seafood is listed; however tweaks_text explicitly offers a ''Vegetarian option available on request'', confirming a fully vegetarian version is available.', '2026-06-03 10:11:44.017651+00:00'::timestamptz),
(36, 18, false, false, 'Contains beef (meat) and dried shrimp (seafood). No tweak removes these. Violates vegetarian requirement.', '2026-06-03 10:11:44.017651+00:00'::timestamptz),
(36, 19, false, false, 'Contains bacon (pork), which is meat. No tweak removes the meat. Violates vegetarian requirement.', '2026-06-03 10:11:44.017651+00:00'::timestamptz),
(36, 20, true, true, 'Standard version not stated to contain meat/seafood, and tweaks_text explicitly states ''Vegetarian option available on request'', confirming a vegetarian-safe version exists.', '2026-06-03 10:11:44.017651+00:00'::timestamptz),
(37, 11, true, false, 'Item is certified halal. The student''s only requirement is halal, which is explicitly satisfied.', '2026-06-03 10:11:34.967373+00:00'::timestamptz),
(37, 12, true, false, 'Item is certified halal. The student''s only requirement is halal, which is explicitly satisfied.', '2026-06-03 10:11:34.967373+00:00'::timestamptz),
(37, 13, false, false, 'Contains pork, which is not halal. The item is not certified halal and no tweak removes the pork.', '2026-06-03 10:11:34.967373+00:00'::timestamptz),
(37, 14, false, false, 'Meatballs contain unspecified meat and the item is not certified halal. Per the item''s own note, this must be treated as unsafe for halal. No tweak addresses this.', '2026-06-03 10:11:34.967373+00:00'::timestamptz),
(37, 15, true, false, 'Item is certified halal. The student''s only requirement is halal, which is explicitly satisfied.', '2026-06-03 10:11:34.967373+00:00'::timestamptz),
(37, 16, true, false, 'Item is certified halal. The student''s only requirement is halal, which is explicitly satisfied.', '2026-06-03 10:11:34.967373+00:00'::timestamptz),
(37, 17, true, false, 'Item is certified halal. The student''s only requirement is halal, which is explicitly satisfied.', '2026-06-03 10:11:34.967373+00:00'::timestamptz),
(37, 18, true, false, 'Item is certified halal. The student''s only requirement is halal, which is explicitly satisfied.', '2026-06-03 10:11:34.967373+00:00'::timestamptz),
(37, 19, false, false, 'Contains bacon (pork), which is not halal. The item is not certified halal and no tweak removes the pork.', '2026-06-03 10:11:34.967373+00:00'::timestamptz),
(37, 20, true, false, 'Item is certified halal. The student''s only requirement is halal, which is explicitly satisfied.', '2026-06-03 10:11:34.967373+00:00'::timestamptz),
(38, 11, true, false, 'no dietary restrictions', '2026-06-03 10:11:41.763070+00:00'::timestamptz),
(38, 12, true, false, 'no dietary restrictions', '2026-06-03 10:11:41.763070+00:00'::timestamptz),
(38, 13, true, false, 'no dietary restrictions', '2026-06-03 10:11:41.763070+00:00'::timestamptz),
(38, 14, true, false, 'no dietary restrictions', '2026-06-03 10:11:41.763070+00:00'::timestamptz),
(38, 15, true, false, 'no dietary restrictions', '2026-06-03 10:11:41.763070+00:00'::timestamptz),
(38, 16, true, false, 'no dietary restrictions', '2026-06-03 10:11:41.763070+00:00'::timestamptz),
(38, 17, true, false, 'no dietary restrictions', '2026-06-03 10:11:41.763070+00:00'::timestamptz),
(38, 18, true, false, 'no dietary restrictions', '2026-06-03 10:11:41.763070+00:00'::timestamptz),
(38, 19, true, false, 'no dietary restrictions', '2026-06-03 10:11:41.763070+00:00'::timestamptz),
(38, 20, true, false, 'no dietary restrictions', '2026-06-03 10:11:41.763070+00:00'::timestamptz),
(39, 11, true, false, 'no dietary restrictions', '2026-06-03 10:11:25.716193+00:00'::timestamptz),
(39, 12, true, false, 'no dietary restrictions', '2026-06-03 10:11:25.716193+00:00'::timestamptz),
(39, 13, true, false, 'no dietary restrictions', '2026-06-03 10:11:25.716193+00:00'::timestamptz),
(39, 14, true, false, 'no dietary restrictions', '2026-06-03 10:11:25.716193+00:00'::timestamptz),
(39, 15, true, false, 'no dietary restrictions', '2026-06-03 10:11:25.716193+00:00'::timestamptz),
(39, 16, true, false, 'no dietary restrictions', '2026-06-03 10:11:25.716193+00:00'::timestamptz),
(39, 17, true, false, 'no dietary restrictions', '2026-06-03 10:11:25.716193+00:00'::timestamptz),
(39, 18, true, false, 'no dietary restrictions', '2026-06-03 10:11:25.716193+00:00'::timestamptz),
(39, 19, true, false, 'no dietary restrictions', '2026-06-03 10:11:25.716193+00:00'::timestamptz),
(39, 20, true, false, 'no dietary restrictions', '2026-06-03 10:11:25.716193+00:00'::timestamptz),
(40, 11, true, false, 'no dietary restrictions', '2026-06-03 10:11:47.103446+00:00'::timestamptz),
(40, 12, true, false, 'no dietary restrictions', '2026-06-03 10:11:47.103446+00:00'::timestamptz),
(40, 13, true, false, 'no dietary restrictions', '2026-06-03 10:11:47.103446+00:00'::timestamptz),
(40, 14, true, false, 'no dietary restrictions', '2026-06-03 10:11:47.103446+00:00'::timestamptz),
(40, 15, true, false, 'no dietary restrictions', '2026-06-03 10:11:47.103446+00:00'::timestamptz),
(40, 16, true, false, 'no dietary restrictions', '2026-06-03 10:11:47.103446+00:00'::timestamptz),
(40, 17, true, false, 'no dietary restrictions', '2026-06-03 10:11:47.103446+00:00'::timestamptz),
(40, 18, true, false, 'no dietary restrictions', '2026-06-03 10:11:47.103446+00:00'::timestamptz),
(40, 19, true, false, 'no dietary restrictions', '2026-06-03 10:11:47.103446+00:00'::timestamptz),
(40, 20, true, false, 'no dietary restrictions', '2026-06-03 10:11:47.103446+00:00'::timestamptz),
(41, 11, true, false, 'no dietary restrictions', '2026-06-03 10:11:46.603440+00:00'::timestamptz),
(41, 12, true, false, 'no dietary restrictions', '2026-06-03 10:11:46.603440+00:00'::timestamptz),
(41, 13, true, false, 'no dietary restrictions', '2026-06-03 10:11:46.603440+00:00'::timestamptz),
(41, 14, true, false, 'no dietary restrictions', '2026-06-03 10:11:46.603440+00:00'::timestamptz);
INSERT INTO student_eligible_meals (enrolment_id, menu_item_id, eligible, needs_tweak, rationale, computed_at) VALUES
(41, 15, true, false, 'no dietary restrictions', '2026-06-03 10:11:46.603440+00:00'::timestamptz),
(41, 16, true, false, 'no dietary restrictions', '2026-06-03 10:11:46.603440+00:00'::timestamptz),
(41, 17, true, false, 'no dietary restrictions', '2026-06-03 10:11:46.603440+00:00'::timestamptz),
(41, 18, true, false, 'no dietary restrictions', '2026-06-03 10:11:46.603440+00:00'::timestamptz),
(41, 19, true, false, 'no dietary restrictions', '2026-06-03 10:11:46.603440+00:00'::timestamptz),
(41, 20, true, false, 'no dietary restrictions', '2026-06-03 10:11:46.603440+00:00'::timestamptz),
(42, 11, true, false, 'no dietary restrictions', '2026-06-03 10:11:42.987097+00:00'::timestamptz),
(42, 12, true, false, 'no dietary restrictions', '2026-06-03 10:11:42.987097+00:00'::timestamptz),
(42, 13, true, false, 'no dietary restrictions', '2026-06-03 10:11:42.987097+00:00'::timestamptz),
(42, 14, true, false, 'no dietary restrictions', '2026-06-03 10:11:42.987097+00:00'::timestamptz),
(42, 15, true, false, 'no dietary restrictions', '2026-06-03 10:11:42.987097+00:00'::timestamptz),
(42, 16, true, false, 'no dietary restrictions', '2026-06-03 10:11:42.987097+00:00'::timestamptz),
(42, 17, true, false, 'no dietary restrictions', '2026-06-03 10:11:42.987097+00:00'::timestamptz),
(42, 18, true, false, 'no dietary restrictions', '2026-06-03 10:11:42.987097+00:00'::timestamptz),
(42, 19, true, false, 'no dietary restrictions', '2026-06-03 10:11:42.987097+00:00'::timestamptz),
(42, 20, true, false, 'no dietary restrictions', '2026-06-03 10:11:42.987097+00:00'::timestamptz),
(43, 11, true, false, 'no dietary restrictions', '2026-06-03 10:11:41.529453+00:00'::timestamptz),
(43, 12, true, false, 'no dietary restrictions', '2026-06-03 10:11:41.529453+00:00'::timestamptz),
(43, 13, true, false, 'no dietary restrictions', '2026-06-03 10:11:41.529453+00:00'::timestamptz),
(43, 14, true, false, 'no dietary restrictions', '2026-06-03 10:11:41.529453+00:00'::timestamptz),
(43, 15, true, false, 'no dietary restrictions', '2026-06-03 10:11:41.529453+00:00'::timestamptz),
(43, 16, true, false, 'no dietary restrictions', '2026-06-03 10:11:41.529453+00:00'::timestamptz),
(43, 17, true, false, 'no dietary restrictions', '2026-06-03 10:11:41.529453+00:00'::timestamptz),
(43, 18, true, false, 'no dietary restrictions', '2026-06-03 10:11:41.529453+00:00'::timestamptz),
(43, 19, true, false, 'no dietary restrictions', '2026-06-03 10:11:41.529453+00:00'::timestamptz),
(43, 20, true, false, 'no dietary restrictions', '2026-06-03 10:11:41.529453+00:00'::timestamptz),
(44, 11, true, false, 'no dietary restrictions', '2026-06-03 10:11:22.753102+00:00'::timestamptz),
(44, 12, true, false, 'no dietary restrictions', '2026-06-03 10:11:22.753102+00:00'::timestamptz),
(44, 13, true, false, 'no dietary restrictions', '2026-06-03 10:11:22.753102+00:00'::timestamptz),
(44, 14, true, false, 'no dietary restrictions', '2026-06-03 10:11:22.753102+00:00'::timestamptz),
(44, 15, true, false, 'no dietary restrictions', '2026-06-03 10:11:22.753102+00:00'::timestamptz),
(44, 16, true, false, 'no dietary restrictions', '2026-06-03 10:11:22.753102+00:00'::timestamptz),
(44, 17, true, false, 'no dietary restrictions', '2026-06-03 10:11:22.753102+00:00'::timestamptz),
(44, 18, true, false, 'no dietary restrictions', '2026-06-03 10:11:22.753102+00:00'::timestamptz),
(44, 19, true, false, 'no dietary restrictions', '2026-06-03 10:11:22.753102+00:00'::timestamptz),
(44, 20, true, false, 'no dietary restrictions', '2026-06-03 10:11:22.753102+00:00'::timestamptz),
(45, 11, true, false, 'no dietary restrictions', '2026-06-03 10:11:45.027106+00:00'::timestamptz),
(45, 12, true, false, 'no dietary restrictions', '2026-06-03 10:11:45.027106+00:00'::timestamptz),
(45, 13, true, false, 'no dietary restrictions', '2026-06-03 10:11:45.027106+00:00'::timestamptz),
(45, 14, true, false, 'no dietary restrictions', '2026-06-03 10:11:45.027106+00:00'::timestamptz),
(45, 15, true, false, 'no dietary restrictions', '2026-06-03 10:11:45.027106+00:00'::timestamptz),
(45, 16, true, false, 'no dietary restrictions', '2026-06-03 10:11:45.027106+00:00'::timestamptz),
(45, 17, true, false, 'no dietary restrictions', '2026-06-03 10:11:45.027106+00:00'::timestamptz),
(45, 18, true, false, 'no dietary restrictions', '2026-06-03 10:11:45.027106+00:00'::timestamptz),
(45, 19, true, false, 'no dietary restrictions', '2026-06-03 10:11:45.027106+00:00'::timestamptz),
(45, 20, true, false, 'no dietary restrictions', '2026-06-03 10:11:45.027106+00:00'::timestamptz),
(46, 11, true, false, 'no dietary restrictions', '2026-06-03 10:11:46.242047+00:00'::timestamptz),
(46, 12, true, false, 'no dietary restrictions', '2026-06-03 10:11:46.242047+00:00'::timestamptz),
(46, 13, true, false, 'no dietary restrictions', '2026-06-03 10:11:46.242047+00:00'::timestamptz),
(46, 14, true, false, 'no dietary restrictions', '2026-06-03 10:11:46.242047+00:00'::timestamptz),
(46, 15, true, false, 'no dietary restrictions', '2026-06-03 10:11:46.242047+00:00'::timestamptz),
(46, 16, true, false, 'no dietary restrictions', '2026-06-03 10:11:46.242047+00:00'::timestamptz),
(46, 17, true, false, 'no dietary restrictions', '2026-06-03 10:11:46.242047+00:00'::timestamptz),
(46, 18, true, false, 'no dietary restrictions', '2026-06-03 10:11:46.242047+00:00'::timestamptz),
(46, 19, true, false, 'no dietary restrictions', '2026-06-03 10:11:46.242047+00:00'::timestamptz),
(46, 20, true, false, 'no dietary restrictions', '2026-06-03 10:11:46.242047+00:00'::timestamptz),
(47, 11, true, false, 'no dietary restrictions', '2026-06-03 10:11:41.732320+00:00'::timestamptz),
(47, 12, true, false, 'no dietary restrictions', '2026-06-03 10:11:41.732320+00:00'::timestamptz),
(47, 13, true, false, 'no dietary restrictions', '2026-06-03 10:11:41.732320+00:00'::timestamptz),
(47, 14, true, false, 'no dietary restrictions', '2026-06-03 10:11:41.732320+00:00'::timestamptz),
(47, 15, true, false, 'no dietary restrictions', '2026-06-03 10:11:41.732320+00:00'::timestamptz),
(47, 16, true, false, 'no dietary restrictions', '2026-06-03 10:11:41.732320+00:00'::timestamptz),
(47, 17, true, false, 'no dietary restrictions', '2026-06-03 10:11:41.732320+00:00'::timestamptz),
(47, 18, true, false, 'no dietary restrictions', '2026-06-03 10:11:41.732320+00:00'::timestamptz),
(47, 19, true, false, 'no dietary restrictions', '2026-06-03 10:11:41.732320+00:00'::timestamptz),
(47, 20, true, false, 'no dietary restrictions', '2026-06-03 10:11:41.732320+00:00'::timestamptz),
(48, 11, true, false, 'Item is certified no_beef and contents list only udon noodles, miso broth, with no beef present.', '2026-06-03 10:11:34.343956+00:00'::timestamptz),
(48, 12, true, false, 'Item is certified no_beef and contents list only chicken, rice noodles, vegetables, and soy — no beef present.', '2026-06-03 10:11:34.343956+00:00'::timestamptz),
(48, 13, true, false, 'Item is certified no_beef and contents list only pork, rice vermicelli, salad and herbs — no beef present.', '2026-06-03 10:11:34.343956+00:00'::timestamptz),
(48, 15, false, false, 'Beef is a primary listed ingredient and no tweak removes it. Violates no_beef requirement.', '2026-06-03 10:11:34.343956+00:00'::timestamptz),
(48, 16, false, false, 'Beef is a primary listed ingredient and no tweak removes it. Violates no_beef requirement.', '2026-06-03 10:11:34.343956+00:00'::timestamptz),
(48, 17, true, false, 'Item is certified no_beef and contents list only rice noodles, vegetables, soy, and egg — no beef present.', '2026-06-03 10:11:34.343956+00:00'::timestamptz),
(48, 18, false, false, 'Beef is a primary listed ingredient and no tweak removes it. Violates no_beef requirement.', '2026-06-03 10:11:34.343956+00:00'::timestamptz),
(48, 19, true, false, 'Item is certified no_beef and contents list only pork bacon, pasta, egg, cream, parmesan — no beef present.', '2026-06-03 10:11:34.343956+00:00'::timestamptz),
(48, 20, true, false, 'Item is certified no_beef and contents list only noodles, honey soy sauce, and vegetables — no beef present.', '2026-06-03 10:11:34.343956+00:00'::timestamptz),
(49, 11, true, false, 'no dietary restrictions', '2026-06-03 10:11:45.448939+00:00'::timestamptz),
(49, 12, true, false, 'no dietary restrictions', '2026-06-03 10:11:45.448939+00:00'::timestamptz),
(49, 13, true, false, 'no dietary restrictions', '2026-06-03 10:11:45.448939+00:00'::timestamptz),
(49, 14, true, false, 'no dietary restrictions', '2026-06-03 10:11:45.448939+00:00'::timestamptz),
(49, 15, true, false, 'no dietary restrictions', '2026-06-03 10:11:45.448939+00:00'::timestamptz),
(49, 16, true, false, 'no dietary restrictions', '2026-06-03 10:11:45.448939+00:00'::timestamptz),
(49, 17, true, false, 'no dietary restrictions', '2026-06-03 10:11:45.448939+00:00'::timestamptz),
(49, 18, true, false, 'no dietary restrictions', '2026-06-03 10:11:45.448939+00:00'::timestamptz),
(49, 19, true, false, 'no dietary restrictions', '2026-06-03 10:11:45.448939+00:00'::timestamptz),
(49, 20, true, false, 'no dietary restrictions', '2026-06-03 10:11:45.448939+00:00'::timestamptz),
(50, 11, true, false, 'no dietary restrictions', '2026-06-03 10:11:32.562709+00:00'::timestamptz),
(50, 12, true, false, 'no dietary restrictions', '2026-06-03 10:11:32.562709+00:00'::timestamptz),
(50, 13, true, false, 'no dietary restrictions', '2026-06-03 10:11:32.562709+00:00'::timestamptz),
(50, 14, true, false, 'no dietary restrictions', '2026-06-03 10:11:32.562709+00:00'::timestamptz),
(50, 15, true, false, 'no dietary restrictions', '2026-06-03 10:11:32.562709+00:00'::timestamptz),
(50, 16, true, false, 'no dietary restrictions', '2026-06-03 10:11:32.562709+00:00'::timestamptz),
(50, 17, true, false, 'no dietary restrictions', '2026-06-03 10:11:32.562709+00:00'::timestamptz),
(50, 18, true, false, 'no dietary restrictions', '2026-06-03 10:11:32.562709+00:00'::timestamptz),
(50, 19, true, false, 'no dietary restrictions', '2026-06-03 10:11:32.562709+00:00'::timestamptz),
(50, 20, true, false, 'no dietary restrictions', '2026-06-03 10:11:32.562709+00:00'::timestamptz),
(51, 11, true, false, 'no dietary restrictions', '2026-06-03 10:11:47.066600+00:00'::timestamptz),
(51, 12, true, false, 'no dietary restrictions', '2026-06-03 10:11:47.066600+00:00'::timestamptz),
(51, 13, true, false, 'no dietary restrictions', '2026-06-03 10:11:47.066600+00:00'::timestamptz),
(51, 14, true, false, 'no dietary restrictions', '2026-06-03 10:11:47.066600+00:00'::timestamptz),
(51, 15, true, false, 'no dietary restrictions', '2026-06-03 10:11:47.066600+00:00'::timestamptz);
INSERT INTO student_eligible_meals (enrolment_id, menu_item_id, eligible, needs_tweak, rationale, computed_at) VALUES
(51, 16, true, false, 'no dietary restrictions', '2026-06-03 10:11:47.066600+00:00'::timestamptz),
(51, 17, true, false, 'no dietary restrictions', '2026-06-03 10:11:47.066600+00:00'::timestamptz),
(51, 18, true, false, 'no dietary restrictions', '2026-06-03 10:11:47.066600+00:00'::timestamptz),
(51, 19, true, false, 'no dietary restrictions', '2026-06-03 10:11:47.066600+00:00'::timestamptz),
(51, 20, true, false, 'no dietary restrictions', '2026-06-03 10:11:47.066600+00:00'::timestamptz),
(52, 11, true, false, 'no dietary restrictions', '2026-06-03 10:11:22.752502+00:00'::timestamptz),
(52, 12, true, false, 'no dietary restrictions', '2026-06-03 10:11:22.752502+00:00'::timestamptz),
(52, 13, true, false, 'no dietary restrictions', '2026-06-03 10:11:22.752502+00:00'::timestamptz),
(52, 14, true, false, 'no dietary restrictions', '2026-06-03 10:11:22.752502+00:00'::timestamptz),
(52, 15, true, false, 'no dietary restrictions', '2026-06-03 10:11:22.752502+00:00'::timestamptz),
(52, 16, true, false, 'no dietary restrictions', '2026-06-03 10:11:22.752502+00:00'::timestamptz),
(52, 17, true, false, 'no dietary restrictions', '2026-06-03 10:11:22.752502+00:00'::timestamptz),
(52, 18, true, false, 'no dietary restrictions', '2026-06-03 10:11:22.752502+00:00'::timestamptz),
(52, 19, true, false, 'no dietary restrictions', '2026-06-03 10:11:22.752502+00:00'::timestamptz),
(52, 20, true, false, 'no dietary restrictions', '2026-06-03 10:11:22.752502+00:00'::timestamptz),
(53, 11, true, false, 'no dietary restrictions', '2026-06-03 10:11:45.028906+00:00'::timestamptz),
(53, 12, true, false, 'no dietary restrictions', '2026-06-03 10:11:45.028906+00:00'::timestamptz),
(53, 13, true, false, 'no dietary restrictions', '2026-06-03 10:11:45.028906+00:00'::timestamptz),
(53, 14, true, false, 'no dietary restrictions', '2026-06-03 10:11:45.028906+00:00'::timestamptz),
(53, 15, true, false, 'no dietary restrictions', '2026-06-03 10:11:45.028906+00:00'::timestamptz),
(53, 16, true, false, 'no dietary restrictions', '2026-06-03 10:11:45.028906+00:00'::timestamptz),
(53, 17, true, false, 'no dietary restrictions', '2026-06-03 10:11:45.028906+00:00'::timestamptz),
(53, 18, true, false, 'no dietary restrictions', '2026-06-03 10:11:45.028906+00:00'::timestamptz),
(53, 19, true, false, 'no dietary restrictions', '2026-06-03 10:11:45.028906+00:00'::timestamptz),
(53, 20, true, false, 'no dietary restrictions', '2026-06-03 10:11:45.028906+00:00'::timestamptz),
(54, 11, true, false, 'no dietary restrictions', '2026-06-03 10:11:36.831998+00:00'::timestamptz),
(54, 12, true, false, 'no dietary restrictions', '2026-06-03 10:11:36.831998+00:00'::timestamptz),
(54, 13, true, false, 'no dietary restrictions', '2026-06-03 10:11:36.831998+00:00'::timestamptz),
(54, 14, true, false, 'no dietary restrictions', '2026-06-03 10:11:36.831998+00:00'::timestamptz),
(54, 15, true, false, 'no dietary restrictions', '2026-06-03 10:11:36.831998+00:00'::timestamptz),
(54, 16, true, false, 'no dietary restrictions', '2026-06-03 10:11:36.831998+00:00'::timestamptz),
(54, 17, true, false, 'no dietary restrictions', '2026-06-03 10:11:36.831998+00:00'::timestamptz),
(54, 18, true, false, 'no dietary restrictions', '2026-06-03 10:11:36.831998+00:00'::timestamptz),
(54, 19, true, false, 'no dietary restrictions', '2026-06-03 10:11:36.831998+00:00'::timestamptz),
(54, 20, true, false, 'no dietary restrictions', '2026-06-03 10:11:36.831998+00:00'::timestamptz),
(55, 11, true, false, 'no dietary restrictions', '2026-06-03 10:11:28.872144+00:00'::timestamptz),
(55, 12, true, false, 'no dietary restrictions', '2026-06-03 10:11:28.872144+00:00'::timestamptz),
(55, 13, true, false, 'no dietary restrictions', '2026-06-03 10:11:28.872144+00:00'::timestamptz),
(55, 14, true, false, 'no dietary restrictions', '2026-06-03 10:11:28.872144+00:00'::timestamptz),
(55, 15, true, false, 'no dietary restrictions', '2026-06-03 10:11:28.872144+00:00'::timestamptz),
(55, 16, true, false, 'no dietary restrictions', '2026-06-03 10:11:28.872144+00:00'::timestamptz),
(55, 17, true, false, 'no dietary restrictions', '2026-06-03 10:11:28.872144+00:00'::timestamptz),
(55, 18, true, false, 'no dietary restrictions', '2026-06-03 10:11:28.872144+00:00'::timestamptz),
(55, 19, true, false, 'no dietary restrictions', '2026-06-03 10:11:28.872144+00:00'::timestamptz),
(55, 20, true, false, 'no dietary restrictions', '2026-06-03 10:11:28.872144+00:00'::timestamptz),
(56, 11, true, false, 'Item is certified halal. The student''s only requirement is halal, which is explicitly satisfied.', '2026-06-03 10:11:47.908182+00:00'::timestamptz),
(56, 12, true, false, 'Item is certified halal. The student''s only requirement is halal, which is explicitly satisfied.', '2026-06-03 10:11:47.908182+00:00'::timestamptz),
(56, 13, false, false, 'Contains pork, which is not halal. The item is not certified halal and no tweak removes the pork.', '2026-06-03 10:11:47.908182+00:00'::timestamptz),
(56, 14, false, false, 'Meatballs contain unspecified meat and the item is not certified halal. Per the item''s own note, this must be treated as unsafe for halal. No tweak addresses this.', '2026-06-03 10:11:47.908182+00:00'::timestamptz),
(56, 15, true, false, 'Item is certified halal. The student''s only requirement is halal, which is explicitly satisfied.', '2026-06-03 10:11:47.908182+00:00'::timestamptz),
(56, 16, true, false, 'Item is certified halal. The student''s only requirement is halal, which is explicitly satisfied.', '2026-06-03 10:11:47.908182+00:00'::timestamptz),
(56, 17, true, false, 'Item is certified halal. The student''s only requirement is halal, which is explicitly satisfied.', '2026-06-03 10:11:47.908182+00:00'::timestamptz),
(56, 18, true, false, 'Item is certified halal. The student''s only requirement is halal, which is explicitly satisfied.', '2026-06-03 10:11:47.908182+00:00'::timestamptz),
(56, 19, false, false, 'Contains bacon (pork), which is not halal. The item is not certified halal and no tweak removes the pork.', '2026-06-03 10:11:47.908182+00:00'::timestamptz),
(56, 20, true, false, 'Item is certified halal. The student''s only requirement is halal, which is explicitly satisfied.', '2026-06-03 10:11:47.908182+00:00'::timestamptz),
(57, 11, true, false, 'Item is certified no_beef. Contents are udon noodles, miso broth, and no beef ingredients. Satisfies no_beef.', '2026-06-03 10:11:36.852469+00:00'::timestamptz),
(57, 12, true, false, 'Item is certified no_beef. Contents are chicken, rice noodles, vegetables, and soy — no beef present. Satisfies no_beef.', '2026-06-03 10:11:36.852469+00:00'::timestamptz),
(57, 13, true, false, 'Item is certified no_beef. Contents are pork, rice vermicelli, salad and herbs — no beef present. Satisfies no_beef.', '2026-06-03 10:11:36.852469+00:00'::timestamptz),
(57, 15, false, false, 'Beef is explicitly listed as a primary ingredient. Violates the no_beef restriction, and no tweak is available to remove it.', '2026-06-03 10:11:36.852469+00:00'::timestamptz),
(57, 16, false, false, 'Beef is a primary stated ingredient and no tweak exists to remove it. Violates the no_beef restriction.', '2026-06-03 10:11:36.852469+00:00'::timestamptz),
(57, 17, true, false, 'Item is certified no_beef. Contents are rice noodles, vegetables, soy, and egg — no beef present. Satisfies no_beef.', '2026-06-03 10:11:36.852469+00:00'::timestamptz),
(57, 18, false, false, 'Beef is listed as a primary ingredient. This directly violates the no_beef restriction, and no tweak is available to remove it.', '2026-06-03 10:11:36.852469+00:00'::timestamptz),
(57, 19, true, false, 'Item is certified no_beef and contains no beef ingredients (pork-based bacon, pasta, egg, cream, parmesan). Satisfies the sole restriction of no_beef.', '2026-06-03 10:11:36.852469+00:00'::timestamptz),
(57, 20, true, false, 'Item is certified no_beef. Contents list wheat noodles, honey soy sauce, and vegetables — no beef present. Satisfies no_beef.', '2026-06-03 10:11:36.852469+00:00'::timestamptz),
(58, 11, true, false, 'Item is certified no_beef and no_pork. Contents list no beef or pork. Satisfies both restrictions as-is.', '2026-06-03 10:11:32.563521+00:00'::timestamptz),
(58, 12, true, false, 'Item is certified no_beef and no_pork. Contains chicken with no beef or pork in stated contents. Satisfies both restrictions as-is.', '2026-06-03 10:11:32.563521+00:00'::timestamptz),
(58, 13, false, false, 'Contains pork, which violates the no_pork requirement. No tweak is available to remove it.', '2026-06-03 10:11:32.563521+00:00'::timestamptz),
(58, 14, false, false, 'Meatballs contain meat of unspecified type, explicitly flagged as unsafe for beef/pork. Cannot confirm absence of either beef or pork. No tweak available.', '2026-06-03 10:11:32.563521+00:00'::timestamptz),
(58, 15, false, false, 'Contains beef, which violates the no_beef requirement. No tweak is available to remove it.', '2026-06-03 10:11:32.563521+00:00'::timestamptz),
(58, 16, false, false, 'Contains beef, which violates the no_beef requirement. No tweak is available to remove it.', '2026-06-03 10:11:32.563521+00:00'::timestamptz),
(58, 17, true, false, 'Item is certified no_beef and no_pork. Contents list no beef or pork. Satisfies both restrictions as-is.', '2026-06-03 10:11:32.563521+00:00'::timestamptz),
(58, 18, false, false, 'Contains beef, which violates the no_beef requirement. The only stated tweak is omitting peanuts, which does not address the beef.', '2026-06-03 10:11:32.563521+00:00'::timestamptz),
(58, 19, false, false, 'Contains bacon (pork), which violates the no_pork requirement. No tweak is available to remove it.', '2026-06-03 10:11:32.563521+00:00'::timestamptz),
(58, 20, true, false, 'Item is certified no_beef and no_pork. Contents list no beef or pork. Satisfies both restrictions as-is.', '2026-06-03 10:11:32.563521+00:00'::timestamptz),
(59, 11, true, false, 'no dietary restrictions', '2026-06-03 10:11:38.308089+00:00'::timestamptz),
(59, 12, true, false, 'no dietary restrictions', '2026-06-03 10:11:38.308089+00:00'::timestamptz),
(59, 13, true, false, 'no dietary restrictions', '2026-06-03 10:11:38.308089+00:00'::timestamptz),
(59, 14, true, false, 'no dietary restrictions', '2026-06-03 10:11:38.308089+00:00'::timestamptz),
(59, 15, true, false, 'no dietary restrictions', '2026-06-03 10:11:38.308089+00:00'::timestamptz),
(59, 16, true, false, 'no dietary restrictions', '2026-06-03 10:11:38.308089+00:00'::timestamptz),
(59, 17, true, false, 'no dietary restrictions', '2026-06-03 10:11:38.308089+00:00'::timestamptz),
(59, 18, true, false, 'no dietary restrictions', '2026-06-03 10:11:38.308089+00:00'::timestamptz),
(59, 19, true, false, 'no dietary restrictions', '2026-06-03 10:11:38.308089+00:00'::timestamptz),
(59, 20, true, false, 'no dietary restrictions', '2026-06-03 10:11:38.308089+00:00'::timestamptz),
(60, 11, true, false, 'no dietary restrictions', '2026-06-03 10:11:25.717794+00:00'::timestamptz),
(60, 12, true, false, 'no dietary restrictions', '2026-06-03 10:11:25.717794+00:00'::timestamptz),
(60, 13, true, false, 'no dietary restrictions', '2026-06-03 10:11:25.717794+00:00'::timestamptz),
(60, 14, true, false, 'no dietary restrictions', '2026-06-03 10:11:25.717794+00:00'::timestamptz),
(60, 15, true, false, 'no dietary restrictions', '2026-06-03 10:11:25.717794+00:00'::timestamptz),
(60, 16, true, false, 'no dietary restrictions', '2026-06-03 10:11:25.717794+00:00'::timestamptz),
(60, 17, true, false, 'no dietary restrictions', '2026-06-03 10:11:25.717794+00:00'::timestamptz),
(60, 18, true, false, 'no dietary restrictions', '2026-06-03 10:11:25.717794+00:00'::timestamptz),
(60, 19, true, false, 'no dietary restrictions', '2026-06-03 10:11:25.717794+00:00'::timestamptz),
(60, 20, true, false, 'no dietary restrictions', '2026-06-03 10:11:25.717794+00:00'::timestamptz),
(61, 11, true, false, 'no dietary restrictions', '2026-06-03 10:11:38.306976+00:00'::timestamptz),
(61, 12, true, false, 'no dietary restrictions', '2026-06-03 10:11:38.306976+00:00'::timestamptz),
(61, 13, true, false, 'no dietary restrictions', '2026-06-03 10:11:38.306976+00:00'::timestamptz),
(61, 14, true, false, 'no dietary restrictions', '2026-06-03 10:11:38.306976+00:00'::timestamptz),
(61, 15, true, false, 'no dietary restrictions', '2026-06-03 10:11:38.306976+00:00'::timestamptz),
(61, 16, true, false, 'no dietary restrictions', '2026-06-03 10:11:38.306976+00:00'::timestamptz);
INSERT INTO student_eligible_meals (enrolment_id, menu_item_id, eligible, needs_tweak, rationale, computed_at) VALUES
(61, 17, true, false, 'no dietary restrictions', '2026-06-03 10:11:38.306976+00:00'::timestamptz),
(61, 18, true, false, 'no dietary restrictions', '2026-06-03 10:11:38.306976+00:00'::timestamptz),
(61, 19, true, false, 'no dietary restrictions', '2026-06-03 10:11:38.306976+00:00'::timestamptz),
(61, 20, true, false, 'no dietary restrictions', '2026-06-03 10:11:38.306976+00:00'::timestamptz),
(62, 11, true, false, 'no dietary restrictions', '2026-06-03 10:11:47.938185+00:00'::timestamptz),
(62, 12, true, false, 'no dietary restrictions', '2026-06-03 10:11:47.938185+00:00'::timestamptz),
(62, 13, true, false, 'no dietary restrictions', '2026-06-03 10:11:47.938185+00:00'::timestamptz),
(62, 14, true, false, 'no dietary restrictions', '2026-06-03 10:11:47.938185+00:00'::timestamptz),
(62, 15, true, false, 'no dietary restrictions', '2026-06-03 10:11:47.938185+00:00'::timestamptz),
(62, 16, true, false, 'no dietary restrictions', '2026-06-03 10:11:47.938185+00:00'::timestamptz),
(62, 17, true, false, 'no dietary restrictions', '2026-06-03 10:11:47.938185+00:00'::timestamptz),
(62, 18, true, false, 'no dietary restrictions', '2026-06-03 10:11:47.938185+00:00'::timestamptz),
(62, 19, true, false, 'no dietary restrictions', '2026-06-03 10:11:47.938185+00:00'::timestamptz),
(62, 20, true, false, 'no dietary restrictions', '2026-06-03 10:11:47.938185+00:00'::timestamptz),
(63, 11, true, true, 'Base contents note miso broth may contain fish/seafood, which would violate vegetarian. The stated ''Vegetarian option available on request'' tweak specifically addresses this, making it safe only with that tweak.', '2026-06-03 10:11:33.917938+00:00'::timestamptz),
(63, 12, true, true, 'Contains chicken (meat) in the standard version. The stated ''Vegetarian option available on request'' tweak removes the chicken, making it safe for a vegetarian student.', '2026-06-03 10:11:33.917938+00:00'::timestamptz),
(63, 13, false, false, 'Contains pork (meat). No tweak removes it. Violates vegetarian requirement.', '2026-06-03 10:11:33.917938+00:00'::timestamptz),
(63, 14, false, false, 'Contains meatballs (meat type unspecified but clearly meat). No tweak removes them. Violates vegetarian requirement.', '2026-06-03 10:11:33.917938+00:00'::timestamptz),
(63, 15, false, false, 'Contains beef (meat). No tweak removes it. Violates vegetarian requirement.', '2026-06-03 10:11:33.917938+00:00'::timestamptz),
(63, 16, false, false, 'Contains beef (meat). No tweak removes it. Violates vegetarian requirement.', '2026-06-03 10:11:33.917938+00:00'::timestamptz),
(63, 17, true, true, 'Base contents include egg but no meat/seafood is listed; however tweaks_text explicitly offers a ''Vegetarian option available on request'', confirming a fully vegetarian version is available.', '2026-06-03 10:11:33.917938+00:00'::timestamptz),
(63, 18, false, false, 'Contains beef (meat) and dried shrimp (seafood). No tweak removes these. Violates vegetarian requirement.', '2026-06-03 10:11:33.917938+00:00'::timestamptz),
(63, 19, false, false, 'Contains bacon (pork), which is meat. No tweak removes the meat. Violates vegetarian requirement.', '2026-06-03 10:11:33.917938+00:00'::timestamptz),
(63, 20, true, true, 'Standard version not stated to contain meat/seafood, and tweaks_text explicitly states ''Vegetarian option available on request'', confirming a vegetarian-safe version exists.', '2026-06-03 10:11:33.917938+00:00'::timestamptz),
(64, 11, true, false, 'no dietary restrictions', '2026-06-03 10:11:38.724372+00:00'::timestamptz),
(64, 12, true, false, 'no dietary restrictions', '2026-06-03 10:11:38.724372+00:00'::timestamptz),
(64, 13, true, false, 'no dietary restrictions', '2026-06-03 10:11:38.724372+00:00'::timestamptz),
(64, 14, true, false, 'no dietary restrictions', '2026-06-03 10:11:38.724372+00:00'::timestamptz),
(64, 15, true, false, 'no dietary restrictions', '2026-06-03 10:11:38.724372+00:00'::timestamptz),
(64, 16, true, false, 'no dietary restrictions', '2026-06-03 10:11:38.724372+00:00'::timestamptz),
(64, 17, true, false, 'no dietary restrictions', '2026-06-03 10:11:38.724372+00:00'::timestamptz),
(64, 18, true, false, 'no dietary restrictions', '2026-06-03 10:11:38.724372+00:00'::timestamptz),
(64, 19, true, false, 'no dietary restrictions', '2026-06-03 10:11:38.724372+00:00'::timestamptz),
(64, 20, true, false, 'no dietary restrictions', '2026-06-03 10:11:38.724372+00:00'::timestamptz),
(65, 11, true, false, 'no dietary restrictions', '2026-06-03 10:11:37.038106+00:00'::timestamptz),
(65, 12, true, false, 'no dietary restrictions', '2026-06-03 10:11:37.038106+00:00'::timestamptz),
(65, 13, true, false, 'no dietary restrictions', '2026-06-03 10:11:37.038106+00:00'::timestamptz),
(65, 14, true, false, 'no dietary restrictions', '2026-06-03 10:11:37.038106+00:00'::timestamptz),
(65, 15, true, false, 'no dietary restrictions', '2026-06-03 10:11:37.038106+00:00'::timestamptz),
(65, 16, true, false, 'no dietary restrictions', '2026-06-03 10:11:37.038106+00:00'::timestamptz),
(65, 17, true, false, 'no dietary restrictions', '2026-06-03 10:11:37.038106+00:00'::timestamptz),
(65, 18, true, false, 'no dietary restrictions', '2026-06-03 10:11:37.038106+00:00'::timestamptz),
(65, 19, true, false, 'no dietary restrictions', '2026-06-03 10:11:37.038106+00:00'::timestamptz),
(65, 20, true, false, 'no dietary restrictions', '2026-06-03 10:11:37.038106+00:00'::timestamptz),
(66, 11, true, false, 'Item is certified halal. The student''s only requirement is halal, which is explicitly satisfied.', '2026-06-03 10:11:41.306732+00:00'::timestamptz),
(66, 12, true, false, 'Item is certified halal. The student''s only requirement is halal, which is explicitly satisfied.', '2026-06-03 10:11:41.306732+00:00'::timestamptz),
(66, 13, false, false, 'Contains pork, which is not halal. The item is not certified halal and no tweak removes the pork.', '2026-06-03 10:11:41.306732+00:00'::timestamptz),
(66, 14, false, false, 'Meatballs contain unspecified meat and the item is not certified halal. Per the item''s own note, this must be treated as unsafe for halal. No tweak addresses this.', '2026-06-03 10:11:41.306732+00:00'::timestamptz),
(66, 15, true, false, 'Item is certified halal. The student''s only requirement is halal, which is explicitly satisfied.', '2026-06-03 10:11:41.306732+00:00'::timestamptz),
(66, 16, true, false, 'Item is certified halal. The student''s only requirement is halal, which is explicitly satisfied.', '2026-06-03 10:11:41.306732+00:00'::timestamptz),
(66, 17, true, false, 'Item is certified halal. The student''s only requirement is halal, which is explicitly satisfied.', '2026-06-03 10:11:41.306732+00:00'::timestamptz),
(66, 18, true, false, 'Item is certified halal. The student''s only requirement is halal, which is explicitly satisfied.', '2026-06-03 10:11:41.306732+00:00'::timestamptz),
(66, 19, false, false, 'Contains bacon (pork), which is not halal. The item is not certified halal and no tweak removes the pork.', '2026-06-03 10:11:41.306732+00:00'::timestamptz),
(66, 20, true, false, 'Item is certified halal. The student''s only requirement is halal, which is explicitly satisfied.', '2026-06-03 10:11:41.306732+00:00'::timestamptz),
(67, 11, true, false, 'Item is certified halal. The student''s only requirement is halal, which is explicitly satisfied.', '2026-06-03 10:11:34.387048+00:00'::timestamptz),
(67, 12, true, false, 'Item is certified halal. The student''s only requirement is halal, which is explicitly satisfied.', '2026-06-03 10:11:34.387048+00:00'::timestamptz),
(67, 13, false, false, 'Contains pork, which is not halal. The item is not certified halal and no tweak removes the pork.', '2026-06-03 10:11:34.387048+00:00'::timestamptz),
(67, 14, false, false, 'Meatballs contain unspecified meat and the item is not certified halal. Per the item''s own note, this must be treated as unsafe for halal. No tweak addresses this.', '2026-06-03 10:11:34.387048+00:00'::timestamptz),
(67, 15, true, false, 'Item is certified halal. The student''s only requirement is halal, which is explicitly satisfied.', '2026-06-03 10:11:34.387048+00:00'::timestamptz),
(67, 16, true, false, 'Item is certified halal. The student''s only requirement is halal, which is explicitly satisfied.', '2026-06-03 10:11:34.387048+00:00'::timestamptz),
(67, 17, true, false, 'Item is certified halal. The student''s only requirement is halal, which is explicitly satisfied.', '2026-06-03 10:11:34.387048+00:00'::timestamptz),
(67, 18, true, false, 'Item is certified halal. The student''s only requirement is halal, which is explicitly satisfied.', '2026-06-03 10:11:34.387048+00:00'::timestamptz),
(67, 19, false, false, 'Contains bacon (pork), which is not halal. The item is not certified halal and no tweak removes the pork.', '2026-06-03 10:11:34.387048+00:00'::timestamptz),
(67, 20, true, false, 'Item is certified halal. The student''s only requirement is halal, which is explicitly satisfied.', '2026-06-03 10:11:34.387048+00:00'::timestamptz),
(68, 11, true, false, 'no dietary restrictions', '2026-06-03 10:11:43.803173+00:00'::timestamptz),
(68, 12, true, false, 'no dietary restrictions', '2026-06-03 10:11:43.803173+00:00'::timestamptz),
(68, 13, true, false, 'no dietary restrictions', '2026-06-03 10:11:43.803173+00:00'::timestamptz),
(68, 14, true, false, 'no dietary restrictions', '2026-06-03 10:11:43.803173+00:00'::timestamptz),
(68, 15, true, false, 'no dietary restrictions', '2026-06-03 10:11:43.803173+00:00'::timestamptz),
(68, 16, true, false, 'no dietary restrictions', '2026-06-03 10:11:43.803173+00:00'::timestamptz),
(68, 17, true, false, 'no dietary restrictions', '2026-06-03 10:11:43.803173+00:00'::timestamptz),
(68, 18, true, false, 'no dietary restrictions', '2026-06-03 10:11:43.803173+00:00'::timestamptz),
(68, 19, true, false, 'no dietary restrictions', '2026-06-03 10:11:43.803173+00:00'::timestamptz),
(68, 20, true, false, 'no dietary restrictions', '2026-06-03 10:11:43.803173+00:00'::timestamptz),
(70, 11, true, false, 'no dietary restrictions', '2026-06-03 10:11:22.751805+00:00'::timestamptz),
(70, 12, true, false, 'no dietary restrictions', '2026-06-03 10:11:22.751805+00:00'::timestamptz),
(70, 13, true, false, 'no dietary restrictions', '2026-06-03 10:11:22.751805+00:00'::timestamptz),
(70, 14, true, false, 'no dietary restrictions', '2026-06-03 10:11:22.751805+00:00'::timestamptz),
(70, 15, true, false, 'no dietary restrictions', '2026-06-03 10:11:22.751805+00:00'::timestamptz),
(70, 16, true, false, 'no dietary restrictions', '2026-06-03 10:11:22.751805+00:00'::timestamptz),
(70, 17, true, false, 'no dietary restrictions', '2026-06-03 10:11:22.751805+00:00'::timestamptz),
(70, 18, true, false, 'no dietary restrictions', '2026-06-03 10:11:22.751805+00:00'::timestamptz),
(70, 19, true, false, 'no dietary restrictions', '2026-06-03 10:11:22.751805+00:00'::timestamptz),
(70, 20, true, false, 'no dietary restrictions', '2026-06-03 10:11:22.751805+00:00'::timestamptz),
(71, 11, true, false, 'no dietary restrictions', '2026-06-03 10:11:32.562294+00:00'::timestamptz),
(71, 12, true, false, 'no dietary restrictions', '2026-06-03 10:11:32.562294+00:00'::timestamptz),
(71, 13, true, false, 'no dietary restrictions', '2026-06-03 10:11:32.562294+00:00'::timestamptz),
(71, 14, true, false, 'no dietary restrictions', '2026-06-03 10:11:32.562294+00:00'::timestamptz),
(71, 15, true, false, 'no dietary restrictions', '2026-06-03 10:11:32.562294+00:00'::timestamptz),
(71, 16, true, false, 'no dietary restrictions', '2026-06-03 10:11:32.562294+00:00'::timestamptz),
(71, 17, true, false, 'no dietary restrictions', '2026-06-03 10:11:32.562294+00:00'::timestamptz),
(71, 18, true, false, 'no dietary restrictions', '2026-06-03 10:11:32.562294+00:00'::timestamptz),
(71, 19, true, false, 'no dietary restrictions', '2026-06-03 10:11:32.562294+00:00'::timestamptz),
(71, 20, true, false, 'no dietary restrictions', '2026-06-03 10:11:32.562294+00:00'::timestamptz),
(72, 11, true, false, 'no dietary restrictions', '2026-06-03 10:11:28.872591+00:00'::timestamptz),
(72, 12, true, false, 'no dietary restrictions', '2026-06-03 10:11:28.872591+00:00'::timestamptz),
(72, 13, true, false, 'no dietary restrictions', '2026-06-03 10:11:28.872591+00:00'::timestamptz),
(72, 14, true, false, 'no dietary restrictions', '2026-06-03 10:11:28.872591+00:00'::timestamptz),
(72, 15, true, false, 'no dietary restrictions', '2026-06-03 10:11:28.872591+00:00'::timestamptz),
(72, 16, true, false, 'no dietary restrictions', '2026-06-03 10:11:28.872591+00:00'::timestamptz);
INSERT INTO student_eligible_meals (enrolment_id, menu_item_id, eligible, needs_tweak, rationale, computed_at) VALUES
(72, 17, true, false, 'no dietary restrictions', '2026-06-03 10:11:28.872591+00:00'::timestamptz),
(72, 18, true, false, 'no dietary restrictions', '2026-06-03 10:11:28.872591+00:00'::timestamptz),
(72, 19, true, false, 'no dietary restrictions', '2026-06-03 10:11:28.872591+00:00'::timestamptz),
(72, 20, true, false, 'no dietary restrictions', '2026-06-03 10:11:28.872591+00:00'::timestamptz),
(73, 11, true, false, 'no dietary restrictions', '2026-06-03 10:11:47.477372+00:00'::timestamptz),
(73, 12, true, false, 'no dietary restrictions', '2026-06-03 10:11:47.477372+00:00'::timestamptz),
(73, 13, true, false, 'no dietary restrictions', '2026-06-03 10:11:47.477372+00:00'::timestamptz),
(73, 14, true, false, 'no dietary restrictions', '2026-06-03 10:11:47.477372+00:00'::timestamptz),
(73, 15, true, false, 'no dietary restrictions', '2026-06-03 10:11:47.477372+00:00'::timestamptz),
(73, 16, true, false, 'no dietary restrictions', '2026-06-03 10:11:47.477372+00:00'::timestamptz),
(73, 17, true, false, 'no dietary restrictions', '2026-06-03 10:11:47.477372+00:00'::timestamptz),
(73, 18, true, false, 'no dietary restrictions', '2026-06-03 10:11:47.477372+00:00'::timestamptz),
(73, 19, true, false, 'no dietary restrictions', '2026-06-03 10:11:47.477372+00:00'::timestamptz),
(73, 20, true, false, 'no dietary restrictions', '2026-06-03 10:11:47.477372+00:00'::timestamptz),
(74, 11, true, false, 'no dietary restrictions', '2026-06-03 10:11:36.663102+00:00'::timestamptz),
(74, 12, true, false, 'no dietary restrictions', '2026-06-03 10:11:36.663102+00:00'::timestamptz),
(74, 13, true, false, 'no dietary restrictions', '2026-06-03 10:11:36.663102+00:00'::timestamptz),
(74, 14, true, false, 'no dietary restrictions', '2026-06-03 10:11:36.663102+00:00'::timestamptz),
(74, 15, true, false, 'no dietary restrictions', '2026-06-03 10:11:36.663102+00:00'::timestamptz),
(74, 16, true, false, 'no dietary restrictions', '2026-06-03 10:11:36.663102+00:00'::timestamptz),
(74, 17, true, false, 'no dietary restrictions', '2026-06-03 10:11:36.663102+00:00'::timestamptz),
(74, 18, true, false, 'no dietary restrictions', '2026-06-03 10:11:36.663102+00:00'::timestamptz),
(74, 19, true, false, 'no dietary restrictions', '2026-06-03 10:11:36.663102+00:00'::timestamptz),
(74, 20, true, false, 'no dietary restrictions', '2026-06-03 10:11:36.663102+00:00'::timestamptz),
(75, 11, true, false, 'no dietary restrictions', '2026-06-03 10:11:40.462108+00:00'::timestamptz),
(75, 12, true, false, 'no dietary restrictions', '2026-06-03 10:11:40.462108+00:00'::timestamptz),
(75, 13, true, false, 'no dietary restrictions', '2026-06-03 10:11:40.462108+00:00'::timestamptz),
(75, 14, true, false, 'no dietary restrictions', '2026-06-03 10:11:40.462108+00:00'::timestamptz),
(75, 15, true, false, 'no dietary restrictions', '2026-06-03 10:11:40.462108+00:00'::timestamptz),
(75, 16, true, false, 'no dietary restrictions', '2026-06-03 10:11:40.462108+00:00'::timestamptz),
(75, 17, true, false, 'no dietary restrictions', '2026-06-03 10:11:40.462108+00:00'::timestamptz),
(75, 18, true, false, 'no dietary restrictions', '2026-06-03 10:11:40.462108+00:00'::timestamptz),
(75, 19, true, false, 'no dietary restrictions', '2026-06-03 10:11:40.462108+00:00'::timestamptz),
(75, 20, true, false, 'no dietary restrictions', '2026-06-03 10:11:40.462108+00:00'::timestamptz),
(76, 11, true, false, 'no dietary restrictions', '2026-06-03 10:11:38.842636+00:00'::timestamptz),
(76, 12, true, false, 'no dietary restrictions', '2026-06-03 10:11:38.842636+00:00'::timestamptz),
(76, 13, true, false, 'no dietary restrictions', '2026-06-03 10:11:38.842636+00:00'::timestamptz),
(76, 14, true, false, 'no dietary restrictions', '2026-06-03 10:11:38.842636+00:00'::timestamptz),
(76, 15, true, false, 'no dietary restrictions', '2026-06-03 10:11:38.842636+00:00'::timestamptz),
(76, 16, true, false, 'no dietary restrictions', '2026-06-03 10:11:38.842636+00:00'::timestamptz),
(76, 17, true, false, 'no dietary restrictions', '2026-06-03 10:11:38.842636+00:00'::timestamptz),
(76, 18, true, false, 'no dietary restrictions', '2026-06-03 10:11:38.842636+00:00'::timestamptz),
(76, 19, true, false, 'no dietary restrictions', '2026-06-03 10:11:38.842636+00:00'::timestamptz),
(76, 20, true, false, 'no dietary restrictions', '2026-06-03 10:11:38.842636+00:00'::timestamptz),
(77, 11, true, true, 'The base miso broth may contain fish/seafood, violating the vegetarian requirement. However, a ''vegetarian option available on request'' tweak is explicitly stated, which would remove the fish/seafood component and satisfy the vegetarian requirement.', '2026-06-03 10:11:44.361670+00:00'::timestamptz),
(77, 12, true, true, 'Base item contains chicken (meat), violating the vegetarian requirement. However, a ''vegetarian option available on request'' tweak is explicitly stated, which removes the chicken and satisfies the vegetarian requirement.', '2026-06-03 10:11:44.361670+00:00'::timestamptz),
(77, 13, false, false, 'Contains pork (meat), which violates the vegetarian requirement. No tweak is stated to remove it.', '2026-06-03 10:11:44.361670+00:00'::timestamptz),
(77, 14, false, false, 'Contains meatballs (meat type unspecified but explicitly noted as meat), which violates the vegetarian requirement. No tweak is stated to remove them.', '2026-06-03 10:11:44.361670+00:00'::timestamptz),
(77, 15, false, false, 'Contains beef (meat), which violates the vegetarian requirement. No tweak is stated to remove it.', '2026-06-03 10:11:44.361670+00:00'::timestamptz),
(77, 16, false, false, 'Contains beef (meat), which violates the vegetarian requirement. No tweak is stated to remove it.', '2026-06-03 10:11:44.361670+00:00'::timestamptz),
(77, 17, true, true, 'Base contents include egg but no meat; however, a ''vegetarian option available on request'' tweak is explicitly stated. The item is certified no_beef, no_pork, no_red_meat, no_seafood. The stated vegetarian tweak confirms a fully meat/seafood-free version is available.', '2026-06-03 10:11:44.361670+00:00'::timestamptz),
(77, 18, false, false, 'Contains beef (meat) and dried shrimp (seafood), both of which violate the vegetarian requirement. Omitting peanuts does not address either issue.', '2026-06-03 10:11:44.361670+00:00'::timestamptz),
(77, 19, false, false, 'Contains bacon (pork) — meat — which violates the vegetarian requirement. No tweak is stated to remove it.', '2026-06-03 10:11:44.361670+00:00'::timestamptz),
(77, 20, true, true, 'The base item''s contents list only vegetables, noodles, and honey soy sauce, but a ''vegetarian option available on request'' tweak is explicitly stated, confirming a meat/seafood-free version is available. This tweak satisfies the vegetarian requirement.', '2026-06-03 10:11:44.361670+00:00'::timestamptz),
(78, 11, true, false, 'no dietary restrictions', '2026-06-03 10:11:45.853013+00:00'::timestamptz),
(78, 12, true, false, 'no dietary restrictions', '2026-06-03 10:11:45.853013+00:00'::timestamptz),
(78, 13, true, false, 'no dietary restrictions', '2026-06-03 10:11:45.853013+00:00'::timestamptz),
(78, 14, true, false, 'no dietary restrictions', '2026-06-03 10:11:45.853013+00:00'::timestamptz),
(78, 15, true, false, 'no dietary restrictions', '2026-06-03 10:11:45.853013+00:00'::timestamptz),
(78, 16, true, false, 'no dietary restrictions', '2026-06-03 10:11:45.853013+00:00'::timestamptz),
(78, 17, true, false, 'no dietary restrictions', '2026-06-03 10:11:45.853013+00:00'::timestamptz),
(78, 18, true, false, 'no dietary restrictions', '2026-06-03 10:11:45.853013+00:00'::timestamptz),
(78, 19, true, false, 'no dietary restrictions', '2026-06-03 10:11:45.853013+00:00'::timestamptz),
(78, 20, true, false, 'no dietary restrictions', '2026-06-03 10:11:45.853013+00:00'::timestamptz),
(79, 11, true, false, 'no dietary restrictions', '2026-06-03 10:11:34.767382+00:00'::timestamptz),
(79, 12, true, false, 'no dietary restrictions', '2026-06-03 10:11:34.767382+00:00'::timestamptz),
(79, 13, true, false, 'no dietary restrictions', '2026-06-03 10:11:34.767382+00:00'::timestamptz),
(79, 14, true, false, 'no dietary restrictions', '2026-06-03 10:11:34.767382+00:00'::timestamptz),
(79, 15, true, false, 'no dietary restrictions', '2026-06-03 10:11:34.767382+00:00'::timestamptz),
(79, 16, true, false, 'no dietary restrictions', '2026-06-03 10:11:34.767382+00:00'::timestamptz),
(79, 17, true, false, 'no dietary restrictions', '2026-06-03 10:11:34.767382+00:00'::timestamptz),
(79, 18, true, false, 'no dietary restrictions', '2026-06-03 10:11:34.767382+00:00'::timestamptz),
(79, 19, true, false, 'no dietary restrictions', '2026-06-03 10:11:34.767382+00:00'::timestamptz),
(79, 20, true, false, 'no dietary restrictions', '2026-06-03 10:11:34.767382+00:00'::timestamptz),
(80, 11, true, false, 'no dietary restrictions', '2026-06-03 10:11:36.227068+00:00'::timestamptz),
(80, 12, true, false, 'no dietary restrictions', '2026-06-03 10:11:36.227068+00:00'::timestamptz),
(80, 13, true, false, 'no dietary restrictions', '2026-06-03 10:11:36.227068+00:00'::timestamptz),
(80, 14, true, false, 'no dietary restrictions', '2026-06-03 10:11:36.227068+00:00'::timestamptz),
(80, 15, true, false, 'no dietary restrictions', '2026-06-03 10:11:36.227068+00:00'::timestamptz),
(80, 16, true, false, 'no dietary restrictions', '2026-06-03 10:11:36.227068+00:00'::timestamptz),
(80, 17, true, false, 'no dietary restrictions', '2026-06-03 10:11:36.227068+00:00'::timestamptz),
(80, 18, true, false, 'no dietary restrictions', '2026-06-03 10:11:36.227068+00:00'::timestamptz),
(80, 19, true, false, 'no dietary restrictions', '2026-06-03 10:11:36.227068+00:00'::timestamptz),
(80, 20, true, false, 'no dietary restrictions', '2026-06-03 10:11:36.227068+00:00'::timestamptz),
(81, 11, true, false, 'Item is certified halal. The student''s only requirement is halal, which is explicitly satisfied.', '2026-06-03 10:11:34.751946+00:00'::timestamptz),
(81, 12, true, false, 'Item is certified halal. The student''s only requirement is halal, which is explicitly satisfied.', '2026-06-03 10:11:34.751946+00:00'::timestamptz),
(81, 13, false, false, 'Contains pork, which is not halal. The item is not certified halal and no tweak removes the pork.', '2026-06-03 10:11:34.751946+00:00'::timestamptz),
(81, 14, false, false, 'Meatballs contain unspecified meat and the item is not certified halal. Per the item''s own note, this must be treated as unsafe for halal. No tweak addresses this.', '2026-06-03 10:11:34.751946+00:00'::timestamptz),
(81, 15, true, false, 'Item is certified halal. The student''s only requirement is halal, which is explicitly satisfied.', '2026-06-03 10:11:34.751946+00:00'::timestamptz),
(81, 16, true, false, 'Item is certified halal. The student''s only requirement is halal, which is explicitly satisfied.', '2026-06-03 10:11:34.751946+00:00'::timestamptz),
(81, 17, true, false, 'Item is certified halal. The student''s only requirement is halal, which is explicitly satisfied.', '2026-06-03 10:11:34.751946+00:00'::timestamptz),
(81, 18, true, false, 'Item is certified halal. The student''s only requirement is halal, which is explicitly satisfied.', '2026-06-03 10:11:34.751946+00:00'::timestamptz),
(81, 19, false, false, 'Contains bacon (pork), which is not halal. The item is not certified halal and no tweak removes the pork.', '2026-06-03 10:11:34.751946+00:00'::timestamptz),
(81, 20, true, false, 'Item is certified halal. The student''s only requirement is halal, which is explicitly satisfied.', '2026-06-03 10:11:34.751946+00:00'::timestamptz),
(82, 11, true, false, 'no dietary restrictions', '2026-06-03 10:12:04.338309+00:00'::timestamptz),
(82, 12, true, false, 'no dietary restrictions', '2026-06-03 10:12:04.338309+00:00'::timestamptz),
(82, 13, true, false, 'no dietary restrictions', '2026-06-03 10:12:04.338309+00:00'::timestamptz),
(82, 14, true, false, 'no dietary restrictions', '2026-06-03 10:12:04.338309+00:00'::timestamptz),
(82, 15, true, false, 'no dietary restrictions', '2026-06-03 10:12:04.338309+00:00'::timestamptz),
(82, 16, true, false, 'no dietary restrictions', '2026-06-03 10:12:04.338309+00:00'::timestamptz);
INSERT INTO student_eligible_meals (enrolment_id, menu_item_id, eligible, needs_tweak, rationale, computed_at) VALUES
(82, 17, true, false, 'no dietary restrictions', '2026-06-03 10:12:04.338309+00:00'::timestamptz),
(82, 18, true, false, 'no dietary restrictions', '2026-06-03 10:12:04.338309+00:00'::timestamptz),
(82, 19, true, false, 'no dietary restrictions', '2026-06-03 10:12:04.338309+00:00'::timestamptz),
(82, 20, true, false, 'no dietary restrictions', '2026-06-03 10:12:04.338309+00:00'::timestamptz),
(83, 11, true, false, 'Item is certified halal. The student''s only requirement is halal, which is explicitly satisfied.', '2026-06-03 10:12:04.348598+00:00'::timestamptz),
(83, 12, true, false, 'Item is certified halal. The student''s only requirement is halal, which is explicitly satisfied.', '2026-06-03 10:12:04.348598+00:00'::timestamptz),
(83, 13, false, false, 'Contains pork, which is not halal. The item is not certified halal and no tweak removes the pork.', '2026-06-03 10:12:04.348598+00:00'::timestamptz),
(83, 14, false, false, 'Meatballs contain unspecified meat and the item is not certified halal. Per the item''s own note, this must be treated as unsafe for halal. No tweak addresses this.', '2026-06-03 10:12:04.348598+00:00'::timestamptz),
(83, 15, true, false, 'Item is certified halal. The student''s only requirement is halal, which is explicitly satisfied.', '2026-06-03 10:12:04.348598+00:00'::timestamptz),
(83, 16, true, false, 'Item is certified halal. The student''s only requirement is halal, which is explicitly satisfied.', '2026-06-03 10:12:04.348598+00:00'::timestamptz),
(83, 17, true, false, 'Item is certified halal. The student''s only requirement is halal, which is explicitly satisfied.', '2026-06-03 10:12:04.348598+00:00'::timestamptz),
(83, 18, true, false, 'Item is certified halal. The student''s only requirement is halal, which is explicitly satisfied.', '2026-06-03 10:12:04.348598+00:00'::timestamptz),
(83, 19, false, false, 'Contains bacon (pork), which is not halal. The item is not certified halal and no tweak removes the pork.', '2026-06-03 10:12:04.348598+00:00'::timestamptz),
(83, 20, true, false, 'Item is certified halal. The student''s only requirement is halal, which is explicitly satisfied.', '2026-06-03 10:12:04.348598+00:00'::timestamptz),
(84, 12, true, false, 'Contents explicitly state ''nut-free'' and the item is certified to satisfy no_nuts. No nut risk present.', '2026-06-03 10:12:15.042954+00:00'::timestamptz),
(84, 13, true, false, 'Contents explicitly state ''nut-free'' and the item is certified to satisfy no_nuts. No nut risk present.', '2026-06-03 10:12:15.042954+00:00'::timestamptz),
(84, 14, true, false, 'Contents explicitly state ''nut-free'' and the item is certified to satisfy no_nuts. No nut risk present.', '2026-06-03 10:12:15.042954+00:00'::timestamptz),
(84, 15, true, false, 'Contents explicitly state ''nut-free'' and the item is certified to satisfy no_nuts. No nut risk present.', '2026-06-03 10:12:15.042954+00:00'::timestamptz),
(84, 17, true, false, 'Contents explicitly state ''nut-free'' and the item is certified to satisfy no_nuts. No nut risk present.', '2026-06-03 10:12:15.042954+00:00'::timestamptz),
(84, 18, true, true, 'Contains peanuts (nuts), but the tweaks_text explicitly states ''Can omit peanuts on request'', which removes the nut ingredient. This makes it safe for a nut-free student with that tweak applied.', '2026-06-03 10:12:15.042954+00:00'::timestamptz),
(85, 11, true, false, 'no dietary restrictions', '2026-06-03 10:12:04.347995+00:00'::timestamptz),
(85, 12, true, false, 'no dietary restrictions', '2026-06-03 10:12:04.347995+00:00'::timestamptz),
(85, 13, true, false, 'no dietary restrictions', '2026-06-03 10:12:04.347995+00:00'::timestamptz),
(85, 14, true, false, 'no dietary restrictions', '2026-06-03 10:12:04.347995+00:00'::timestamptz),
(85, 15, true, false, 'no dietary restrictions', '2026-06-03 10:12:04.347995+00:00'::timestamptz),
(85, 16, true, false, 'no dietary restrictions', '2026-06-03 10:12:04.347995+00:00'::timestamptz),
(85, 17, true, false, 'no dietary restrictions', '2026-06-03 10:12:04.347995+00:00'::timestamptz),
(85, 18, true, false, 'no dietary restrictions', '2026-06-03 10:12:04.347995+00:00'::timestamptz),
(85, 19, true, false, 'no dietary restrictions', '2026-06-03 10:12:04.347995+00:00'::timestamptz),
(85, 20, true, false, 'no dietary restrictions', '2026-06-03 10:12:04.347995+00:00'::timestamptz),
(86, 11, true, false, 'Item is certified halal. The student''s only requirement is halal, which is explicitly satisfied.', '2026-06-03 10:12:04.337678+00:00'::timestamptz),
(86, 12, true, false, 'Item is certified halal. The student''s only requirement is halal, which is explicitly satisfied.', '2026-06-03 10:12:04.337678+00:00'::timestamptz),
(86, 13, false, false, 'Contains pork, which is not halal. The item is not certified halal and no tweak removes the pork.', '2026-06-03 10:12:04.337678+00:00'::timestamptz),
(86, 14, false, false, 'Meatballs contain unspecified meat and the item is not certified halal. Per the item''s own note, this must be treated as unsafe for halal. No tweak addresses this.', '2026-06-03 10:12:04.337678+00:00'::timestamptz),
(86, 15, true, false, 'Item is certified halal. The student''s only requirement is halal, which is explicitly satisfied.', '2026-06-03 10:12:04.337678+00:00'::timestamptz),
(86, 16, true, false, 'Item is certified halal. The student''s only requirement is halal, which is explicitly satisfied.', '2026-06-03 10:12:04.337678+00:00'::timestamptz),
(86, 17, true, false, 'Item is certified halal. The student''s only requirement is halal, which is explicitly satisfied.', '2026-06-03 10:12:04.337678+00:00'::timestamptz),
(86, 18, true, false, 'Item is certified halal. The student''s only requirement is halal, which is explicitly satisfied.', '2026-06-03 10:12:04.337678+00:00'::timestamptz),
(86, 19, false, false, 'Contains bacon (pork), which is not halal. The item is not certified halal and no tweak removes the pork.', '2026-06-03 10:12:04.337678+00:00'::timestamptz),
(86, 20, true, false, 'Item is certified halal. The student''s only requirement is halal, which is explicitly satisfied.', '2026-06-03 10:12:04.337678+00:00'::timestamptz),
(87, 11, true, false, 'Item is certified halal. The student''s only requirement is halal, which is explicitly satisfied.', '2026-06-03 10:12:04.348218+00:00'::timestamptz),
(87, 12, true, false, 'Item is certified halal. The student''s only requirement is halal, which is explicitly satisfied.', '2026-06-03 10:12:04.348218+00:00'::timestamptz),
(87, 13, false, false, 'Contains pork, which is not halal. The item is not certified halal and no tweak removes the pork.', '2026-06-03 10:12:04.348218+00:00'::timestamptz),
(87, 14, false, false, 'Meatballs contain unspecified meat and the item is not certified halal. Per the item''s own note, this must be treated as unsafe for halal. No tweak addresses this.', '2026-06-03 10:12:04.348218+00:00'::timestamptz),
(87, 15, true, false, 'Item is certified halal. The student''s only requirement is halal, which is explicitly satisfied.', '2026-06-03 10:12:04.348218+00:00'::timestamptz),
(87, 16, true, false, 'Item is certified halal. The student''s only requirement is halal, which is explicitly satisfied.', '2026-06-03 10:12:04.348218+00:00'::timestamptz),
(87, 17, true, false, 'Item is certified halal. The student''s only requirement is halal, which is explicitly satisfied.', '2026-06-03 10:12:04.348218+00:00'::timestamptz),
(87, 18, true, false, 'Item is certified halal. The student''s only requirement is halal, which is explicitly satisfied.', '2026-06-03 10:12:04.348218+00:00'::timestamptz),
(87, 19, false, false, 'Contains bacon (pork), which is not halal. The item is not certified halal and no tweak removes the pork.', '2026-06-03 10:12:04.348218+00:00'::timestamptz),
(87, 20, true, false, 'Item is certified halal. The student''s only requirement is halal, which is explicitly satisfied.', '2026-06-03 10:12:04.348218+00:00'::timestamptz),
(88, 11, true, false, 'no dietary restrictions', '2026-06-03 10:12:04.348774+00:00'::timestamptz),
(88, 12, true, false, 'no dietary restrictions', '2026-06-03 10:12:04.348774+00:00'::timestamptz),
(88, 13, true, false, 'no dietary restrictions', '2026-06-03 10:12:04.348774+00:00'::timestamptz),
(88, 14, true, false, 'no dietary restrictions', '2026-06-03 10:12:04.348774+00:00'::timestamptz),
(88, 15, true, false, 'no dietary restrictions', '2026-06-03 10:12:04.348774+00:00'::timestamptz),
(88, 16, true, false, 'no dietary restrictions', '2026-06-03 10:12:04.348774+00:00'::timestamptz),
(88, 17, true, false, 'no dietary restrictions', '2026-06-03 10:12:04.348774+00:00'::timestamptz),
(88, 18, true, false, 'no dietary restrictions', '2026-06-03 10:12:04.348774+00:00'::timestamptz),
(88, 19, true, false, 'no dietary restrictions', '2026-06-03 10:12:04.348774+00:00'::timestamptz),
(88, 20, true, false, 'no dietary restrictions', '2026-06-03 10:12:04.348774+00:00'::timestamptz),
(89, 11, true, false, 'Item is certified no_beef. Contents are udon noodles, miso broth, and no beef ingredients. Satisfies no_beef.', '2026-06-03 10:12:04.322486+00:00'::timestamptz),
(89, 12, true, false, 'Item is certified no_beef. Contents are chicken, rice noodles, vegetables, and soy — no beef present. Satisfies no_beef.', '2026-06-03 10:12:04.322486+00:00'::timestamptz),
(89, 13, true, false, 'Item is certified no_beef. Contents are pork, rice vermicelli, salad and herbs — no beef present. Satisfies no_beef.', '2026-06-03 10:12:04.322486+00:00'::timestamptz),
(89, 15, false, false, 'Beef is explicitly listed as a primary ingredient. Violates the no_beef restriction, and no tweak is available to remove it.', '2026-06-03 10:12:04.322486+00:00'::timestamptz),
(89, 16, false, false, 'Beef is a primary stated ingredient and no tweak exists to remove it. Violates the no_beef restriction.', '2026-06-03 10:12:04.322486+00:00'::timestamptz),
(89, 17, true, false, 'Item is certified no_beef. Contents are rice noodles, vegetables, soy, and egg — no beef present. Satisfies no_beef.', '2026-06-03 10:12:04.322486+00:00'::timestamptz),
(89, 18, false, false, 'Beef is listed as a primary ingredient. This directly violates the no_beef restriction, and no tweak is available to remove it.', '2026-06-03 10:12:04.322486+00:00'::timestamptz),
(89, 19, true, false, 'Item is certified no_beef and contains no beef ingredients (pork-based bacon, pasta, egg, cream, parmesan). Satisfies the sole restriction of no_beef.', '2026-06-03 10:12:04.322486+00:00'::timestamptz),
(89, 20, true, false, 'Item is certified no_beef. Contents list wheat noodles, honey soy sauce, and vegetables — no beef present. Satisfies no_beef.', '2026-06-03 10:12:04.322486+00:00'::timestamptz),
(90, 21, true, false, 'no dietary restrictions', '2026-06-03 10:12:43.747905+00:00'::timestamptz),
(90, 22, true, false, 'no dietary restrictions', '2026-06-03 10:12:43.747905+00:00'::timestamptz),
(90, 23, true, false, 'no dietary restrictions', '2026-06-03 10:12:43.747905+00:00'::timestamptz),
(90, 24, true, false, 'no dietary restrictions', '2026-06-03 10:12:43.747905+00:00'::timestamptz),
(90, 25, true, false, 'no dietary restrictions', '2026-06-03 10:12:43.747905+00:00'::timestamptz),
(90, 26, true, false, 'no dietary restrictions', '2026-06-03 10:12:43.747905+00:00'::timestamptz),
(90, 27, true, false, 'no dietary restrictions', '2026-06-03 10:12:43.747905+00:00'::timestamptz),
(90, 28, true, false, 'no dietary restrictions', '2026-06-03 10:12:43.747905+00:00'::timestamptz),
(90, 29, true, false, 'no dietary restrictions', '2026-06-03 10:12:43.747905+00:00'::timestamptz),
(90, 30, true, false, 'no dietary restrictions', '2026-06-03 10:12:43.747905+00:00'::timestamptz),
(91, 21, false, false, 'Contains lamb, which is meat (red meat). Not vegetarian. No tweak available to remove it.', '2026-06-03 10:13:02.772549+00:00'::timestamptz),
(91, 22, false, false, 'Contains crumbed chicken, which is meat. Not vegetarian. No tweak available to remove it.', '2026-06-03 10:13:02.772549+00:00'::timestamptz),
(91, 23, false, false, 'Contains crumbed chicken katsu, which is meat. Not vegetarian. No tweak available to remove it.', '2026-06-03 10:13:02.772549+00:00'::timestamptz),
(91, 24, false, false, 'Contains salmon, which is seafood. Not vegetarian. No tweak available to remove it.', '2026-06-03 10:13:02.772549+00:00'::timestamptz),
(91, 25, false, false, 'Contains fried chicken, which is meat. Not vegetarian. No tweak available to remove it.', '2026-06-03 10:13:02.772549+00:00'::timestamptz),
(91, 26, true, true, 'The broth ''may contain seafood'', but a ''vegetarian option available on request'' tweak is stated, which should remove any meat/seafood components, making it suitable for a vegetarian student.', '2026-06-03 10:13:02.772549+00:00'::timestamptz),
(91, 27, false, false, 'Contains beef, which is meat. Not vegetarian. No tweak available to remove it.', '2026-06-03 10:13:02.772549+00:00'::timestamptz),
(91, 28, false, false, 'Contains beef, which is meat. Not vegetarian. No tweak available to remove it.', '2026-06-03 10:13:02.772549+00:00'::timestamptz),
(91, 29, true, true, 'The base item contains chicken (meat), but a ''vegetarian option available on request'' tweak is stated, which would replace/remove the chicken and make it suitable for a vegetarian student.', '2026-06-03 10:13:02.772549+00:00'::timestamptz),
(91, 30, true, true, 'The base item is not confirmed meat-free, but a ''vegetarian option available on request'' tweak is stated, which would remove any meat and make it suitable for a vegetarian student.', '2026-06-03 10:13:02.772549+00:00'::timestamptz),
(92, 21, true, false, 'no dietary restrictions', '2026-06-03 10:12:37.443315+00:00'::timestamptz),
(92, 22, true, false, 'no dietary restrictions', '2026-06-03 10:12:37.443315+00:00'::timestamptz),
(92, 23, true, false, 'no dietary restrictions', '2026-06-03 10:12:37.443315+00:00'::timestamptz),
(92, 24, true, false, 'no dietary restrictions', '2026-06-03 10:12:37.443315+00:00'::timestamptz),
(92, 25, true, false, 'no dietary restrictions', '2026-06-03 10:12:37.443315+00:00'::timestamptz),
(92, 26, true, false, 'no dietary restrictions', '2026-06-03 10:12:37.443315+00:00'::timestamptz),
(92, 27, true, false, 'no dietary restrictions', '2026-06-03 10:12:37.443315+00:00'::timestamptz),
(92, 28, true, false, 'no dietary restrictions', '2026-06-03 10:12:37.443315+00:00'::timestamptz),
(92, 29, true, false, 'no dietary restrictions', '2026-06-03 10:12:37.443315+00:00'::timestamptz),
(92, 30, true, false, 'no dietary restrictions', '2026-06-03 10:12:37.443315+00:00'::timestamptz),
(93, 21, true, false, 'no dietary restrictions', '2026-06-03 10:12:35.881869+00:00'::timestamptz);
INSERT INTO student_eligible_meals (enrolment_id, menu_item_id, eligible, needs_tweak, rationale, computed_at) VALUES
(93, 22, true, false, 'no dietary restrictions', '2026-06-03 10:12:35.881869+00:00'::timestamptz),
(93, 23, true, false, 'no dietary restrictions', '2026-06-03 10:12:35.881869+00:00'::timestamptz),
(93, 24, true, false, 'no dietary restrictions', '2026-06-03 10:12:35.881869+00:00'::timestamptz),
(93, 25, true, false, 'no dietary restrictions', '2026-06-03 10:12:35.881869+00:00'::timestamptz),
(93, 26, true, false, 'no dietary restrictions', '2026-06-03 10:12:35.881869+00:00'::timestamptz),
(93, 27, true, false, 'no dietary restrictions', '2026-06-03 10:12:35.881869+00:00'::timestamptz),
(93, 28, true, false, 'no dietary restrictions', '2026-06-03 10:12:35.881869+00:00'::timestamptz),
(93, 29, true, false, 'no dietary restrictions', '2026-06-03 10:12:35.881869+00:00'::timestamptz),
(93, 30, true, false, 'no dietary restrictions', '2026-06-03 10:12:35.881869+00:00'::timestamptz),
(94, 21, true, false, 'Item is certified halal, satisfying the student''s only dietary requirement.', '2026-06-03 10:13:01.638403+00:00'::timestamptz),
(94, 22, true, false, 'Item is certified halal, satisfying the student''s only dietary requirement.', '2026-06-03 10:13:01.638403+00:00'::timestamptz),
(94, 23, true, false, 'Item is certified halal, satisfying the student''s only dietary requirement.', '2026-06-03 10:13:01.638403+00:00'::timestamptz),
(94, 24, true, false, 'Item is certified halal, satisfying the student''s only dietary requirement.', '2026-06-03 10:13:01.638403+00:00'::timestamptz),
(94, 25, true, false, 'Item is certified halal, satisfying the student''s only dietary requirement.', '2026-06-03 10:13:01.638403+00:00'::timestamptz),
(94, 26, true, false, 'Item is certified halal, satisfying the student''s only dietary requirement.', '2026-06-03 10:13:01.638403+00:00'::timestamptz),
(94, 27, true, false, 'Item is certified halal, satisfying the student''s only dietary requirement.', '2026-06-03 10:13:01.638403+00:00'::timestamptz),
(94, 28, true, false, 'Item is certified halal, satisfying the student''s only dietary requirement.', '2026-06-03 10:13:01.638403+00:00'::timestamptz),
(94, 29, true, false, 'Item is certified halal, satisfying the student''s only dietary requirement.', '2026-06-03 10:13:01.638403+00:00'::timestamptz),
(94, 30, true, false, 'Item is certified halal, satisfying the student''s only dietary requirement.', '2026-06-03 10:13:01.638403+00:00'::timestamptz),
(95, 21, true, false, 'Item is certified no_beef. Contents are lamb, wheat wrap, and yoghurt sauce — no beef present. All restrictions satisfied.', '2026-06-03 10:12:59.767496+00:00'::timestamptz),
(95, 22, true, false, 'Item is certified no_beef. Contents are crumbed chicken, chips, and salad — no beef present. All restrictions satisfied.', '2026-06-03 10:12:59.767496+00:00'::timestamptz),
(95, 23, true, false, 'Item is certified no_beef. Contents are crumbed chicken, rice, and katsu sauce — no beef present. All restrictions satisfied.', '2026-06-03 10:12:59.767496+00:00'::timestamptz),
(95, 24, true, false, 'Item is certified no_beef. Contents are salmon, rice, teriyaki, and vegetables — no beef present. All restrictions satisfied.', '2026-06-03 10:12:59.767496+00:00'::timestamptz),
(95, 25, true, false, 'Item is certified no_beef. No beef in stated contents (fried chicken and rice). All restrictions satisfied.', '2026-06-03 10:12:59.767496+00:00'::timestamptz),
(95, 26, true, false, 'Item is certified no_beef. Contents contain no beef. The only restriction required is no_beef, which is satisfied.', '2026-06-03 10:12:59.767496+00:00'::timestamptz),
(95, 27, false, false, 'Beef is listed as a primary ingredient and no tweak removes it. Directly violates the no_beef requirement.', '2026-06-03 10:12:59.767496+00:00'::timestamptz),
(95, 28, false, false, 'Beef is listed as a primary ingredient and no tweak removes it. Directly violates the no_beef requirement.', '2026-06-03 10:12:59.767496+00:00'::timestamptz),
(95, 29, true, false, 'Item is certified no_beef. Contents are chicken, capsicum, pineapple, and rice — no beef present. All restrictions satisfied.', '2026-06-03 10:12:59.767496+00:00'::timestamptz),
(95, 30, true, false, 'Item is certified no_beef. Contents are wheat noodles, honey soy, and vegetables — no beef present. All restrictions satisfied.', '2026-06-03 10:12:59.767496+00:00'::timestamptz),
(96, 21, true, false, 'no dietary restrictions', '2026-06-03 10:13:04.726716+00:00'::timestamptz),
(96, 22, true, false, 'no dietary restrictions', '2026-06-03 10:13:04.726716+00:00'::timestamptz),
(96, 23, true, false, 'no dietary restrictions', '2026-06-03 10:13:04.726716+00:00'::timestamptz),
(96, 24, true, false, 'no dietary restrictions', '2026-06-03 10:13:04.726716+00:00'::timestamptz),
(96, 25, true, false, 'no dietary restrictions', '2026-06-03 10:13:04.726716+00:00'::timestamptz),
(96, 26, true, false, 'no dietary restrictions', '2026-06-03 10:13:04.726716+00:00'::timestamptz),
(96, 27, true, false, 'no dietary restrictions', '2026-06-03 10:13:04.726716+00:00'::timestamptz),
(96, 28, true, false, 'no dietary restrictions', '2026-06-03 10:13:04.726716+00:00'::timestamptz),
(96, 29, true, false, 'no dietary restrictions', '2026-06-03 10:13:04.726716+00:00'::timestamptz),
(96, 30, true, false, 'no dietary restrictions', '2026-06-03 10:13:04.726716+00:00'::timestamptz),
(97, 21, true, false, 'no dietary restrictions', '2026-06-03 10:13:05.936988+00:00'::timestamptz),
(97, 22, true, false, 'no dietary restrictions', '2026-06-03 10:13:05.936988+00:00'::timestamptz),
(97, 23, true, false, 'no dietary restrictions', '2026-06-03 10:13:05.936988+00:00'::timestamptz),
(97, 24, true, false, 'no dietary restrictions', '2026-06-03 10:13:05.936988+00:00'::timestamptz),
(97, 25, true, false, 'no dietary restrictions', '2026-06-03 10:13:05.936988+00:00'::timestamptz),
(97, 26, true, false, 'no dietary restrictions', '2026-06-03 10:13:05.936988+00:00'::timestamptz),
(97, 27, true, false, 'no dietary restrictions', '2026-06-03 10:13:05.936988+00:00'::timestamptz),
(97, 28, true, false, 'no dietary restrictions', '2026-06-03 10:13:05.936988+00:00'::timestamptz),
(97, 29, true, false, 'no dietary restrictions', '2026-06-03 10:13:05.936988+00:00'::timestamptz),
(97, 30, true, false, 'no dietary restrictions', '2026-06-03 10:13:05.936988+00:00'::timestamptz),
(98, 21, true, false, 'no dietary restrictions', '2026-06-03 10:12:44.412813+00:00'::timestamptz),
(98, 22, true, false, 'no dietary restrictions', '2026-06-03 10:12:44.412813+00:00'::timestamptz),
(98, 23, true, false, 'no dietary restrictions', '2026-06-03 10:12:44.412813+00:00'::timestamptz),
(98, 24, true, false, 'no dietary restrictions', '2026-06-03 10:12:44.412813+00:00'::timestamptz),
(98, 25, true, false, 'no dietary restrictions', '2026-06-03 10:12:44.412813+00:00'::timestamptz),
(98, 26, true, false, 'no dietary restrictions', '2026-06-03 10:12:44.412813+00:00'::timestamptz),
(98, 27, true, false, 'no dietary restrictions', '2026-06-03 10:12:44.412813+00:00'::timestamptz),
(98, 28, true, false, 'no dietary restrictions', '2026-06-03 10:12:44.412813+00:00'::timestamptz),
(98, 29, true, false, 'no dietary restrictions', '2026-06-03 10:12:44.412813+00:00'::timestamptz),
(98, 30, true, false, 'no dietary restrictions', '2026-06-03 10:12:44.412813+00:00'::timestamptz),
(99, 21, true, false, 'no dietary restrictions', '2026-06-03 10:13:08.107205+00:00'::timestamptz),
(99, 22, true, false, 'no dietary restrictions', '2026-06-03 10:13:08.107205+00:00'::timestamptz),
(99, 23, true, false, 'no dietary restrictions', '2026-06-03 10:13:08.107205+00:00'::timestamptz),
(99, 24, true, false, 'no dietary restrictions', '2026-06-03 10:13:08.107205+00:00'::timestamptz),
(99, 25, true, false, 'no dietary restrictions', '2026-06-03 10:13:08.107205+00:00'::timestamptz),
(99, 26, true, false, 'no dietary restrictions', '2026-06-03 10:13:08.107205+00:00'::timestamptz),
(99, 27, true, false, 'no dietary restrictions', '2026-06-03 10:13:08.107205+00:00'::timestamptz),
(99, 28, true, false, 'no dietary restrictions', '2026-06-03 10:13:08.107205+00:00'::timestamptz),
(99, 29, true, false, 'no dietary restrictions', '2026-06-03 10:13:08.107205+00:00'::timestamptz),
(99, 30, true, false, 'no dietary restrictions', '2026-06-03 10:13:08.107205+00:00'::timestamptz),
(100, 21, true, false, 'no dietary restrictions', '2026-06-03 10:13:01.862471+00:00'::timestamptz),
(100, 22, true, false, 'no dietary restrictions', '2026-06-03 10:13:01.862471+00:00'::timestamptz),
(100, 23, true, false, 'no dietary restrictions', '2026-06-03 10:13:01.862471+00:00'::timestamptz),
(100, 24, true, false, 'no dietary restrictions', '2026-06-03 10:13:01.862471+00:00'::timestamptz),
(100, 25, true, false, 'no dietary restrictions', '2026-06-03 10:13:01.862471+00:00'::timestamptz),
(100, 26, true, false, 'no dietary restrictions', '2026-06-03 10:13:01.862471+00:00'::timestamptz),
(100, 27, true, false, 'no dietary restrictions', '2026-06-03 10:13:01.862471+00:00'::timestamptz),
(100, 28, true, false, 'no dietary restrictions', '2026-06-03 10:13:01.862471+00:00'::timestamptz),
(100, 29, true, false, 'no dietary restrictions', '2026-06-03 10:13:01.862471+00:00'::timestamptz),
(100, 30, true, false, 'no dietary restrictions', '2026-06-03 10:13:01.862471+00:00'::timestamptz),
(101, 21, false, false, 'Wheat wrap explicitly contains gluten (violates gluten_free) and yoghurt sauce explicitly contains dairy (violates no_dairy). No tweaks available.', '2026-06-03 10:12:57.403218+00:00'::timestamptz),
(101, 22, false, false, 'Crumbed chicken explicitly contains gluten. Violates gluten_free requirement. No tweak stated to remove gluten.', '2026-06-03 10:12:57.403218+00:00'::timestamptz),
(101, 23, false, false, 'Crumbed chicken katsu explicitly contains gluten (violates gluten_free). Additionally, contents state ''may contain dairy'' which also raises uncertainty for no_dairy. Not safe regardless.', '2026-06-03 10:12:57.403218+00:00'::timestamptz),
(101, 24, true, false, 'Item is certified gluten_free and no_dairy. Contents explicitly state gluten-free and dairy-free. Both required restrictions are satisfied.', '2026-06-03 10:12:57.403218+00:00'::timestamptz),
(101, 25, false, false, 'Fried chicken karaage explicitly contains gluten. Violates gluten_free requirement. No tweak stated to remove gluten.', '2026-06-03 10:12:57.403218+00:00'::timestamptz),
(101, 26, false, false, 'Udon noodles explicitly contain gluten AND cream sauce explicitly contains dairy. Both required restrictions (gluten_free and no_dairy) are violated. No tweaks address either issue.', '2026-06-03 10:12:57.403218+00:00'::timestamptz),
(101, 27, true, false, 'Item is certified gluten_free and no_dairy. Contents state gluten-free and dairy-free. Both required restrictions are satisfied.', '2026-06-03 10:12:57.403218+00:00'::timestamptz),
(101, 28, false, false, 'Mongolian sauce explicitly contains gluten (violates gluten_free) and contents state ''may contain dairy'' (uncertain for no_dairy). Fails on at least one required restriction definitively. No tweaks available.', '2026-06-03 10:12:57.403218+00:00'::timestamptz),
(101, 29, true, false, 'Item is certified gluten_free and no_dairy. Contents explicitly state gluten-free and dairy-free. Both required restrictions are satisfied.', '2026-06-03 10:12:57.403218+00:00'::timestamptz),
(101, 30, false, false, 'Wheat noodles explicitly contain gluten. Violates gluten_free requirement. The only stated tweak is a vegetarian option, which does not remove gluten.', '2026-06-03 10:12:57.403218+00:00'::timestamptz),
(102, 21, true, false, 'no dietary restrictions', '2026-06-03 10:12:24.978152+00:00'::timestamptz),
(102, 22, true, false, 'no dietary restrictions', '2026-06-03 10:12:24.978152+00:00'::timestamptz),
(102, 23, true, false, 'no dietary restrictions', '2026-06-03 10:12:24.978152+00:00'::timestamptz),
(102, 24, true, false, 'no dietary restrictions', '2026-06-03 10:12:24.978152+00:00'::timestamptz),
(102, 25, true, false, 'no dietary restrictions', '2026-06-03 10:12:24.978152+00:00'::timestamptz),
(102, 26, true, false, 'no dietary restrictions', '2026-06-03 10:12:24.978152+00:00'::timestamptz),
(102, 27, true, false, 'no dietary restrictions', '2026-06-03 10:12:24.978152+00:00'::timestamptz),
(102, 28, true, false, 'no dietary restrictions', '2026-06-03 10:12:24.978152+00:00'::timestamptz),
(102, 29, true, false, 'no dietary restrictions', '2026-06-03 10:12:24.978152+00:00'::timestamptz),
(102, 30, true, false, 'no dietary restrictions', '2026-06-03 10:12:24.978152+00:00'::timestamptz),
(103, 21, true, false, 'no dietary restrictions', '2026-06-03 10:12:47.923428+00:00'::timestamptz);
INSERT INTO student_eligible_meals (enrolment_id, menu_item_id, eligible, needs_tweak, rationale, computed_at) VALUES
(103, 22, true, false, 'no dietary restrictions', '2026-06-03 10:12:47.923428+00:00'::timestamptz),
(103, 23, true, false, 'no dietary restrictions', '2026-06-03 10:12:47.923428+00:00'::timestamptz),
(103, 24, true, false, 'no dietary restrictions', '2026-06-03 10:12:47.923428+00:00'::timestamptz),
(103, 25, true, false, 'no dietary restrictions', '2026-06-03 10:12:47.923428+00:00'::timestamptz),
(103, 26, true, false, 'no dietary restrictions', '2026-06-03 10:12:47.923428+00:00'::timestamptz),
(103, 27, true, false, 'no dietary restrictions', '2026-06-03 10:12:47.923428+00:00'::timestamptz),
(103, 28, true, false, 'no dietary restrictions', '2026-06-03 10:12:47.923428+00:00'::timestamptz),
(103, 29, true, false, 'no dietary restrictions', '2026-06-03 10:12:47.923428+00:00'::timestamptz),
(103, 30, true, false, 'no dietary restrictions', '2026-06-03 10:12:47.923428+00:00'::timestamptz),
(104, 21, true, false, 'no dietary restrictions', '2026-06-03 10:12:45.846896+00:00'::timestamptz),
(104, 22, true, false, 'no dietary restrictions', '2026-06-03 10:12:45.846896+00:00'::timestamptz),
(104, 23, true, false, 'no dietary restrictions', '2026-06-03 10:12:45.846896+00:00'::timestamptz),
(104, 24, true, false, 'no dietary restrictions', '2026-06-03 10:12:45.846896+00:00'::timestamptz),
(104, 25, true, false, 'no dietary restrictions', '2026-06-03 10:12:45.846896+00:00'::timestamptz),
(104, 26, true, false, 'no dietary restrictions', '2026-06-03 10:12:45.846896+00:00'::timestamptz),
(104, 27, true, false, 'no dietary restrictions', '2026-06-03 10:12:45.846896+00:00'::timestamptz),
(104, 28, true, false, 'no dietary restrictions', '2026-06-03 10:12:45.846896+00:00'::timestamptz),
(104, 29, true, false, 'no dietary restrictions', '2026-06-03 10:12:45.846896+00:00'::timestamptz),
(104, 30, true, false, 'no dietary restrictions', '2026-06-03 10:12:45.846896+00:00'::timestamptz),
(105, 21, true, false, 'no dietary restrictions', '2026-06-03 10:12:56.843074+00:00'::timestamptz),
(105, 22, true, false, 'no dietary restrictions', '2026-06-03 10:12:56.843074+00:00'::timestamptz),
(105, 23, true, false, 'no dietary restrictions', '2026-06-03 10:12:56.843074+00:00'::timestamptz),
(105, 24, true, false, 'no dietary restrictions', '2026-06-03 10:12:56.843074+00:00'::timestamptz),
(105, 25, true, false, 'no dietary restrictions', '2026-06-03 10:12:56.843074+00:00'::timestamptz),
(105, 26, true, false, 'no dietary restrictions', '2026-06-03 10:12:56.843074+00:00'::timestamptz),
(105, 27, true, false, 'no dietary restrictions', '2026-06-03 10:12:56.843074+00:00'::timestamptz),
(105, 28, true, false, 'no dietary restrictions', '2026-06-03 10:12:56.843074+00:00'::timestamptz),
(105, 29, true, false, 'no dietary restrictions', '2026-06-03 10:12:56.843074+00:00'::timestamptz),
(105, 30, true, false, 'no dietary restrictions', '2026-06-03 10:12:56.843074+00:00'::timestamptz),
(106, 21, true, false, 'no dietary restrictions', '2026-06-03 10:13:00.687416+00:00'::timestamptz),
(106, 22, true, false, 'no dietary restrictions', '2026-06-03 10:13:00.687416+00:00'::timestamptz),
(106, 23, true, false, 'no dietary restrictions', '2026-06-03 10:13:00.687416+00:00'::timestamptz),
(106, 24, true, false, 'no dietary restrictions', '2026-06-03 10:13:00.687416+00:00'::timestamptz),
(106, 25, true, false, 'no dietary restrictions', '2026-06-03 10:13:00.687416+00:00'::timestamptz),
(106, 26, true, false, 'no dietary restrictions', '2026-06-03 10:13:00.687416+00:00'::timestamptz),
(106, 27, true, false, 'no dietary restrictions', '2026-06-03 10:13:00.687416+00:00'::timestamptz),
(106, 28, true, false, 'no dietary restrictions', '2026-06-03 10:13:00.687416+00:00'::timestamptz),
(106, 29, true, false, 'no dietary restrictions', '2026-06-03 10:13:00.687416+00:00'::timestamptz),
(106, 30, true, false, 'no dietary restrictions', '2026-06-03 10:13:00.687416+00:00'::timestamptz),
(107, 21, true, false, 'no dietary restrictions', '2026-06-03 10:12:56.627103+00:00'::timestamptz),
(107, 22, true, false, 'no dietary restrictions', '2026-06-03 10:12:56.627103+00:00'::timestamptz),
(107, 23, true, false, 'no dietary restrictions', '2026-06-03 10:12:56.627103+00:00'::timestamptz),
(107, 24, true, false, 'no dietary restrictions', '2026-06-03 10:12:56.627103+00:00'::timestamptz),
(107, 25, true, false, 'no dietary restrictions', '2026-06-03 10:12:56.627103+00:00'::timestamptz),
(107, 26, true, false, 'no dietary restrictions', '2026-06-03 10:12:56.627103+00:00'::timestamptz),
(107, 27, true, false, 'no dietary restrictions', '2026-06-03 10:12:56.627103+00:00'::timestamptz),
(107, 28, true, false, 'no dietary restrictions', '2026-06-03 10:12:56.627103+00:00'::timestamptz),
(107, 29, true, false, 'no dietary restrictions', '2026-06-03 10:12:56.627103+00:00'::timestamptz),
(107, 30, true, false, 'no dietary restrictions', '2026-06-03 10:12:56.627103+00:00'::timestamptz),
(108, 21, true, false, 'no dietary restrictions', '2026-06-03 10:12:50.592074+00:00'::timestamptz),
(108, 22, true, false, 'no dietary restrictions', '2026-06-03 10:12:50.592074+00:00'::timestamptz),
(108, 23, true, false, 'no dietary restrictions', '2026-06-03 10:12:50.592074+00:00'::timestamptz),
(108, 24, true, false, 'no dietary restrictions', '2026-06-03 10:12:50.592074+00:00'::timestamptz),
(108, 25, true, false, 'no dietary restrictions', '2026-06-03 10:12:50.592074+00:00'::timestamptz),
(108, 26, true, false, 'no dietary restrictions', '2026-06-03 10:12:50.592074+00:00'::timestamptz),
(108, 27, true, false, 'no dietary restrictions', '2026-06-03 10:12:50.592074+00:00'::timestamptz),
(108, 28, true, false, 'no dietary restrictions', '2026-06-03 10:12:50.592074+00:00'::timestamptz),
(108, 29, true, false, 'no dietary restrictions', '2026-06-03 10:12:50.592074+00:00'::timestamptz),
(108, 30, true, false, 'no dietary restrictions', '2026-06-03 10:12:50.592074+00:00'::timestamptz),
(109, 21, true, false, 'no dietary restrictions', '2026-06-03 10:13:02.559656+00:00'::timestamptz),
(109, 22, true, false, 'no dietary restrictions', '2026-06-03 10:13:02.559656+00:00'::timestamptz),
(109, 23, true, false, 'no dietary restrictions', '2026-06-03 10:13:02.559656+00:00'::timestamptz),
(109, 24, true, false, 'no dietary restrictions', '2026-06-03 10:13:02.559656+00:00'::timestamptz),
(109, 25, true, false, 'no dietary restrictions', '2026-06-03 10:13:02.559656+00:00'::timestamptz),
(109, 26, true, false, 'no dietary restrictions', '2026-06-03 10:13:02.559656+00:00'::timestamptz),
(109, 27, true, false, 'no dietary restrictions', '2026-06-03 10:13:02.559656+00:00'::timestamptz),
(109, 28, true, false, 'no dietary restrictions', '2026-06-03 10:13:02.559656+00:00'::timestamptz),
(109, 29, true, false, 'no dietary restrictions', '2026-06-03 10:13:02.559656+00:00'::timestamptz),
(109, 30, true, false, 'no dietary restrictions', '2026-06-03 10:13:02.559656+00:00'::timestamptz),
(110, 21, true, false, 'no dietary restrictions', '2026-06-03 10:13:02.502934+00:00'::timestamptz),
(110, 22, true, false, 'no dietary restrictions', '2026-06-03 10:13:02.502934+00:00'::timestamptz),
(110, 23, true, false, 'no dietary restrictions', '2026-06-03 10:13:02.502934+00:00'::timestamptz),
(110, 24, true, false, 'no dietary restrictions', '2026-06-03 10:13:02.502934+00:00'::timestamptz),
(110, 25, true, false, 'no dietary restrictions', '2026-06-03 10:13:02.502934+00:00'::timestamptz),
(110, 26, true, false, 'no dietary restrictions', '2026-06-03 10:13:02.502934+00:00'::timestamptz),
(110, 27, true, false, 'no dietary restrictions', '2026-06-03 10:13:02.502934+00:00'::timestamptz),
(110, 28, true, false, 'no dietary restrictions', '2026-06-03 10:13:02.502934+00:00'::timestamptz),
(110, 29, true, false, 'no dietary restrictions', '2026-06-03 10:13:02.502934+00:00'::timestamptz),
(110, 30, true, false, 'no dietary restrictions', '2026-06-03 10:13:02.502934+00:00'::timestamptz),
(111, 21, true, false, 'no dietary restrictions', '2026-06-03 10:12:28.258546+00:00'::timestamptz),
(111, 22, true, false, 'no dietary restrictions', '2026-06-03 10:12:28.258546+00:00'::timestamptz),
(111, 23, true, false, 'no dietary restrictions', '2026-06-03 10:12:28.258546+00:00'::timestamptz),
(111, 24, true, false, 'no dietary restrictions', '2026-06-03 10:12:28.258546+00:00'::timestamptz),
(111, 25, true, false, 'no dietary restrictions', '2026-06-03 10:12:28.258546+00:00'::timestamptz),
(111, 26, true, false, 'no dietary restrictions', '2026-06-03 10:12:28.258546+00:00'::timestamptz),
(111, 27, true, false, 'no dietary restrictions', '2026-06-03 10:12:28.258546+00:00'::timestamptz),
(111, 28, true, false, 'no dietary restrictions', '2026-06-03 10:12:28.258546+00:00'::timestamptz),
(111, 29, true, false, 'no dietary restrictions', '2026-06-03 10:12:28.258546+00:00'::timestamptz),
(111, 30, true, false, 'no dietary restrictions', '2026-06-03 10:12:28.258546+00:00'::timestamptz),
(112, 21, true, false, 'no dietary restrictions', '2026-06-03 10:12:38.057316+00:00'::timestamptz),
(112, 22, true, false, 'no dietary restrictions', '2026-06-03 10:12:38.057316+00:00'::timestamptz),
(112, 23, true, false, 'no dietary restrictions', '2026-06-03 10:12:38.057316+00:00'::timestamptz),
(112, 24, true, false, 'no dietary restrictions', '2026-06-03 10:12:38.057316+00:00'::timestamptz),
(112, 25, true, false, 'no dietary restrictions', '2026-06-03 10:12:38.057316+00:00'::timestamptz),
(112, 26, true, false, 'no dietary restrictions', '2026-06-03 10:12:38.057316+00:00'::timestamptz),
(112, 27, true, false, 'no dietary restrictions', '2026-06-03 10:12:38.057316+00:00'::timestamptz),
(112, 28, true, false, 'no dietary restrictions', '2026-06-03 10:12:38.057316+00:00'::timestamptz),
(112, 29, true, false, 'no dietary restrictions', '2026-06-03 10:12:38.057316+00:00'::timestamptz),
(112, 30, true, false, 'no dietary restrictions', '2026-06-03 10:12:38.057316+00:00'::timestamptz),
(113, 21, true, false, 'no dietary restrictions', '2026-06-03 10:12:36.768101+00:00'::timestamptz);
INSERT INTO student_eligible_meals (enrolment_id, menu_item_id, eligible, needs_tweak, rationale, computed_at) VALUES
(113, 22, true, false, 'no dietary restrictions', '2026-06-03 10:12:36.768101+00:00'::timestamptz),
(113, 23, true, false, 'no dietary restrictions', '2026-06-03 10:12:36.768101+00:00'::timestamptz),
(113, 24, true, false, 'no dietary restrictions', '2026-06-03 10:12:36.768101+00:00'::timestamptz),
(113, 25, true, false, 'no dietary restrictions', '2026-06-03 10:12:36.768101+00:00'::timestamptz),
(113, 26, true, false, 'no dietary restrictions', '2026-06-03 10:12:36.768101+00:00'::timestamptz),
(113, 27, true, false, 'no dietary restrictions', '2026-06-03 10:12:36.768101+00:00'::timestamptz),
(113, 28, true, false, 'no dietary restrictions', '2026-06-03 10:12:36.768101+00:00'::timestamptz),
(113, 29, true, false, 'no dietary restrictions', '2026-06-03 10:12:36.768101+00:00'::timestamptz),
(113, 30, true, false, 'no dietary restrictions', '2026-06-03 10:12:36.768101+00:00'::timestamptz),
(114, 21, true, false, 'Item is certified no_beef. Contents are lamb, wheat wrap, and yoghurt sauce — no beef present. All restrictions satisfied.', '2026-06-03 10:12:46.677462+00:00'::timestamptz),
(114, 22, true, false, 'Item is certified no_beef. Contents are crumbed chicken, chips, and salad — no beef present. All restrictions satisfied.', '2026-06-03 10:12:46.677462+00:00'::timestamptz),
(114, 23, true, false, 'Item is certified no_beef. Contents are crumbed chicken, rice, and katsu sauce — no beef present. All restrictions satisfied.', '2026-06-03 10:12:46.677462+00:00'::timestamptz),
(114, 24, true, false, 'Item is certified no_beef. Contents are salmon, rice, teriyaki, and vegetables — no beef present. All restrictions satisfied.', '2026-06-03 10:12:46.677462+00:00'::timestamptz),
(114, 25, true, false, 'Item is certified no_beef. No beef in stated contents (fried chicken and rice). All restrictions satisfied.', '2026-06-03 10:12:46.677462+00:00'::timestamptz),
(114, 26, true, false, 'Item is certified no_beef. Contents contain no beef. The only restriction required is no_beef, which is satisfied.', '2026-06-03 10:12:46.677462+00:00'::timestamptz),
(114, 27, false, false, 'Beef is listed as a primary ingredient and no tweak removes it. Directly violates the no_beef requirement.', '2026-06-03 10:12:46.677462+00:00'::timestamptz),
(114, 28, false, false, 'Beef is listed as a primary ingredient and no tweak removes it. Directly violates the no_beef requirement.', '2026-06-03 10:12:46.677462+00:00'::timestamptz),
(114, 29, true, false, 'Item is certified no_beef. Contents are chicken, capsicum, pineapple, and rice — no beef present. All restrictions satisfied.', '2026-06-03 10:12:46.677462+00:00'::timestamptz),
(114, 30, true, false, 'Item is certified no_beef. Contents are wheat noodles, honey soy, and vegetables — no beef present. All restrictions satisfied.', '2026-06-03 10:12:46.677462+00:00'::timestamptz),
(115, 21, true, false, 'Item is certified halal, satisfying the student''s only dietary requirement.', '2026-06-03 10:13:06.162891+00:00'::timestamptz),
(115, 22, true, false, 'Item is certified halal, satisfying the student''s only dietary requirement.', '2026-06-03 10:13:06.162891+00:00'::timestamptz),
(115, 23, true, false, 'Item is certified halal, satisfying the student''s only dietary requirement.', '2026-06-03 10:13:06.162891+00:00'::timestamptz),
(115, 24, true, false, 'Item is certified halal, satisfying the student''s only dietary requirement.', '2026-06-03 10:13:06.162891+00:00'::timestamptz),
(115, 25, true, false, 'Item is certified halal, satisfying the student''s only dietary requirement.', '2026-06-03 10:13:06.162891+00:00'::timestamptz),
(115, 26, true, false, 'Item is certified halal, satisfying the student''s only dietary requirement.', '2026-06-03 10:13:06.162891+00:00'::timestamptz),
(115, 27, true, false, 'Item is certified halal, satisfying the student''s only dietary requirement.', '2026-06-03 10:13:06.162891+00:00'::timestamptz),
(115, 28, true, false, 'Item is certified halal, satisfying the student''s only dietary requirement.', '2026-06-03 10:13:06.162891+00:00'::timestamptz),
(115, 29, true, false, 'Item is certified halal, satisfying the student''s only dietary requirement.', '2026-06-03 10:13:06.162891+00:00'::timestamptz),
(115, 30, true, false, 'Item is certified halal, satisfying the student''s only dietary requirement.', '2026-06-03 10:13:06.162891+00:00'::timestamptz),
(116, 21, true, false, 'no dietary restrictions', '2026-06-03 10:12:40.146994+00:00'::timestamptz),
(116, 22, true, false, 'no dietary restrictions', '2026-06-03 10:12:40.146994+00:00'::timestamptz),
(116, 23, true, false, 'no dietary restrictions', '2026-06-03 10:12:40.146994+00:00'::timestamptz),
(116, 24, true, false, 'no dietary restrictions', '2026-06-03 10:12:40.146994+00:00'::timestamptz),
(116, 25, true, false, 'no dietary restrictions', '2026-06-03 10:12:40.146994+00:00'::timestamptz),
(116, 26, true, false, 'no dietary restrictions', '2026-06-03 10:12:40.146994+00:00'::timestamptz),
(116, 27, true, false, 'no dietary restrictions', '2026-06-03 10:12:40.146994+00:00'::timestamptz),
(116, 28, true, false, 'no dietary restrictions', '2026-06-03 10:12:40.146994+00:00'::timestamptz),
(116, 29, true, false, 'no dietary restrictions', '2026-06-03 10:12:40.146994+00:00'::timestamptz),
(116, 30, true, false, 'no dietary restrictions', '2026-06-03 10:12:40.146994+00:00'::timestamptz),
(117, 21, true, false, 'no dietary restrictions', '2026-06-03 10:12:58.669839+00:00'::timestamptz),
(117, 22, true, false, 'no dietary restrictions', '2026-06-03 10:12:58.669839+00:00'::timestamptz),
(117, 23, true, false, 'no dietary restrictions', '2026-06-03 10:12:58.669839+00:00'::timestamptz),
(117, 24, true, false, 'no dietary restrictions', '2026-06-03 10:12:58.669839+00:00'::timestamptz),
(117, 25, true, false, 'no dietary restrictions', '2026-06-03 10:12:58.669839+00:00'::timestamptz),
(117, 26, true, false, 'no dietary restrictions', '2026-06-03 10:12:58.669839+00:00'::timestamptz),
(117, 27, true, false, 'no dietary restrictions', '2026-06-03 10:12:58.669839+00:00'::timestamptz),
(117, 28, true, false, 'no dietary restrictions', '2026-06-03 10:12:58.669839+00:00'::timestamptz),
(117, 29, true, false, 'no dietary restrictions', '2026-06-03 10:12:58.669839+00:00'::timestamptz),
(117, 30, true, false, 'no dietary restrictions', '2026-06-03 10:12:58.669839+00:00'::timestamptz),
(118, 21, true, false, 'no dietary restrictions', '2026-06-03 10:12:56.482682+00:00'::timestamptz),
(118, 22, true, false, 'no dietary restrictions', '2026-06-03 10:12:56.482682+00:00'::timestamptz),
(118, 23, true, false, 'no dietary restrictions', '2026-06-03 10:12:56.482682+00:00'::timestamptz),
(118, 24, true, false, 'no dietary restrictions', '2026-06-03 10:12:56.482682+00:00'::timestamptz),
(118, 25, true, false, 'no dietary restrictions', '2026-06-03 10:12:56.482682+00:00'::timestamptz),
(118, 26, true, false, 'no dietary restrictions', '2026-06-03 10:12:56.482682+00:00'::timestamptz),
(118, 27, true, false, 'no dietary restrictions', '2026-06-03 10:12:56.482682+00:00'::timestamptz),
(118, 28, true, false, 'no dietary restrictions', '2026-06-03 10:12:56.482682+00:00'::timestamptz),
(118, 29, true, false, 'no dietary restrictions', '2026-06-03 10:12:56.482682+00:00'::timestamptz),
(118, 30, true, false, 'no dietary restrictions', '2026-06-03 10:12:56.482682+00:00'::timestamptz),
(119, 21, true, false, 'no dietary restrictions', '2026-06-03 10:12:55.806642+00:00'::timestamptz),
(119, 22, true, false, 'no dietary restrictions', '2026-06-03 10:12:55.806642+00:00'::timestamptz),
(119, 23, true, false, 'no dietary restrictions', '2026-06-03 10:12:55.806642+00:00'::timestamptz),
(119, 24, true, false, 'no dietary restrictions', '2026-06-03 10:12:55.806642+00:00'::timestamptz),
(119, 25, true, false, 'no dietary restrictions', '2026-06-03 10:12:55.806642+00:00'::timestamptz),
(119, 26, true, false, 'no dietary restrictions', '2026-06-03 10:12:55.806642+00:00'::timestamptz),
(119, 27, true, false, 'no dietary restrictions', '2026-06-03 10:12:55.806642+00:00'::timestamptz),
(119, 28, true, false, 'no dietary restrictions', '2026-06-03 10:12:55.806642+00:00'::timestamptz),
(119, 29, true, false, 'no dietary restrictions', '2026-06-03 10:12:55.806642+00:00'::timestamptz),
(119, 30, true, false, 'no dietary restrictions', '2026-06-03 10:12:55.806642+00:00'::timestamptz),
(120, 21, true, false, 'no dietary restrictions', '2026-06-03 10:13:06.777940+00:00'::timestamptz),
(120, 22, true, false, 'no dietary restrictions', '2026-06-03 10:13:06.777940+00:00'::timestamptz),
(120, 23, true, false, 'no dietary restrictions', '2026-06-03 10:13:06.777940+00:00'::timestamptz),
(120, 24, true, false, 'no dietary restrictions', '2026-06-03 10:13:06.777940+00:00'::timestamptz),
(120, 25, true, false, 'no dietary restrictions', '2026-06-03 10:13:06.777940+00:00'::timestamptz),
(120, 26, true, false, 'no dietary restrictions', '2026-06-03 10:13:06.777940+00:00'::timestamptz),
(120, 27, true, false, 'no dietary restrictions', '2026-06-03 10:13:06.777940+00:00'::timestamptz),
(120, 28, true, false, 'no dietary restrictions', '2026-06-03 10:13:06.777940+00:00'::timestamptz),
(120, 29, true, false, 'no dietary restrictions', '2026-06-03 10:13:06.777940+00:00'::timestamptz),
(120, 30, true, false, 'no dietary restrictions', '2026-06-03 10:13:06.777940+00:00'::timestamptz),
(121, 21, true, false, 'no dietary restrictions', '2026-06-03 10:12:57.832697+00:00'::timestamptz),
(121, 22, true, false, 'no dietary restrictions', '2026-06-03 10:12:57.832697+00:00'::timestamptz),
(121, 23, true, false, 'no dietary restrictions', '2026-06-03 10:12:57.832697+00:00'::timestamptz),
(121, 24, true, false, 'no dietary restrictions', '2026-06-03 10:12:57.832697+00:00'::timestamptz),
(121, 25, true, false, 'no dietary restrictions', '2026-06-03 10:12:57.832697+00:00'::timestamptz),
(121, 26, true, false, 'no dietary restrictions', '2026-06-03 10:12:57.832697+00:00'::timestamptz),
(121, 27, true, false, 'no dietary restrictions', '2026-06-03 10:12:57.832697+00:00'::timestamptz),
(121, 28, true, false, 'no dietary restrictions', '2026-06-03 10:12:57.832697+00:00'::timestamptz),
(121, 29, true, false, 'no dietary restrictions', '2026-06-03 10:12:57.832697+00:00'::timestamptz),
(121, 30, true, false, 'no dietary restrictions', '2026-06-03 10:12:57.832697+00:00'::timestamptz),
(122, 21, true, false, 'no dietary restrictions', '2026-06-03 10:12:58.497370+00:00'::timestamptz),
(122, 22, true, false, 'no dietary restrictions', '2026-06-03 10:12:58.497370+00:00'::timestamptz),
(122, 23, true, false, 'no dietary restrictions', '2026-06-03 10:12:58.497370+00:00'::timestamptz),
(122, 24, true, false, 'no dietary restrictions', '2026-06-03 10:12:58.497370+00:00'::timestamptz),
(122, 25, true, false, 'no dietary restrictions', '2026-06-03 10:12:58.497370+00:00'::timestamptz),
(122, 26, true, false, 'no dietary restrictions', '2026-06-03 10:12:58.497370+00:00'::timestamptz),
(122, 27, true, false, 'no dietary restrictions', '2026-06-03 10:12:58.497370+00:00'::timestamptz),
(122, 28, true, false, 'no dietary restrictions', '2026-06-03 10:12:58.497370+00:00'::timestamptz),
(122, 29, true, false, 'no dietary restrictions', '2026-06-03 10:12:58.497370+00:00'::timestamptz),
(122, 30, true, false, 'no dietary restrictions', '2026-06-03 10:12:58.497370+00:00'::timestamptz),
(123, 21, true, false, 'no dietary restrictions', '2026-06-03 10:12:32.718563+00:00'::timestamptz);
INSERT INTO student_eligible_meals (enrolment_id, menu_item_id, eligible, needs_tweak, rationale, computed_at) VALUES
(123, 22, true, false, 'no dietary restrictions', '2026-06-03 10:12:32.718563+00:00'::timestamptz),
(123, 23, true, false, 'no dietary restrictions', '2026-06-03 10:12:32.718563+00:00'::timestamptz),
(123, 24, true, false, 'no dietary restrictions', '2026-06-03 10:12:32.718563+00:00'::timestamptz),
(123, 25, true, false, 'no dietary restrictions', '2026-06-03 10:12:32.718563+00:00'::timestamptz),
(123, 26, true, false, 'no dietary restrictions', '2026-06-03 10:12:32.718563+00:00'::timestamptz),
(123, 27, true, false, 'no dietary restrictions', '2026-06-03 10:12:32.718563+00:00'::timestamptz),
(123, 28, true, false, 'no dietary restrictions', '2026-06-03 10:12:32.718563+00:00'::timestamptz),
(123, 29, true, false, 'no dietary restrictions', '2026-06-03 10:12:32.718563+00:00'::timestamptz),
(123, 30, true, false, 'no dietary restrictions', '2026-06-03 10:12:32.718563+00:00'::timestamptz),
(124, 21, true, false, 'no dietary restrictions', '2026-06-03 10:13:06.572170+00:00'::timestamptz),
(124, 22, true, false, 'no dietary restrictions', '2026-06-03 10:13:06.572170+00:00'::timestamptz),
(124, 23, true, false, 'no dietary restrictions', '2026-06-03 10:13:06.572170+00:00'::timestamptz),
(124, 24, true, false, 'no dietary restrictions', '2026-06-03 10:13:06.572170+00:00'::timestamptz),
(124, 25, true, false, 'no dietary restrictions', '2026-06-03 10:13:06.572170+00:00'::timestamptz),
(124, 26, true, false, 'no dietary restrictions', '2026-06-03 10:13:06.572170+00:00'::timestamptz),
(124, 27, true, false, 'no dietary restrictions', '2026-06-03 10:13:06.572170+00:00'::timestamptz),
(124, 28, true, false, 'no dietary restrictions', '2026-06-03 10:13:06.572170+00:00'::timestamptz),
(124, 29, true, false, 'no dietary restrictions', '2026-06-03 10:13:06.572170+00:00'::timestamptz),
(124, 30, true, false, 'no dietary restrictions', '2026-06-03 10:13:06.572170+00:00'::timestamptz),
(125, 21, true, false, 'no dietary restrictions', '2026-06-03 10:12:49.137238+00:00'::timestamptz),
(125, 22, true, false, 'no dietary restrictions', '2026-06-03 10:12:49.137238+00:00'::timestamptz),
(125, 23, true, false, 'no dietary restrictions', '2026-06-03 10:12:49.137238+00:00'::timestamptz),
(125, 24, true, false, 'no dietary restrictions', '2026-06-03 10:12:49.137238+00:00'::timestamptz),
(125, 25, true, false, 'no dietary restrictions', '2026-06-03 10:12:49.137238+00:00'::timestamptz),
(125, 26, true, false, 'no dietary restrictions', '2026-06-03 10:12:49.137238+00:00'::timestamptz),
(125, 27, true, false, 'no dietary restrictions', '2026-06-03 10:12:49.137238+00:00'::timestamptz),
(125, 28, true, false, 'no dietary restrictions', '2026-06-03 10:12:49.137238+00:00'::timestamptz),
(125, 29, true, false, 'no dietary restrictions', '2026-06-03 10:12:49.137238+00:00'::timestamptz),
(125, 30, true, false, 'no dietary restrictions', '2026-06-03 10:12:49.137238+00:00'::timestamptz),
(126, 21, true, false, 'no dietary restrictions', '2026-06-03 10:12:58.847883+00:00'::timestamptz),
(126, 22, true, false, 'no dietary restrictions', '2026-06-03 10:12:58.847883+00:00'::timestamptz),
(126, 23, true, false, 'no dietary restrictions', '2026-06-03 10:12:58.847883+00:00'::timestamptz),
(126, 24, true, false, 'no dietary restrictions', '2026-06-03 10:12:58.847883+00:00'::timestamptz),
(126, 25, true, false, 'no dietary restrictions', '2026-06-03 10:12:58.847883+00:00'::timestamptz),
(126, 26, true, false, 'no dietary restrictions', '2026-06-03 10:12:58.847883+00:00'::timestamptz),
(126, 27, true, false, 'no dietary restrictions', '2026-06-03 10:12:58.847883+00:00'::timestamptz),
(126, 28, true, false, 'no dietary restrictions', '2026-06-03 10:12:58.847883+00:00'::timestamptz),
(126, 29, true, false, 'no dietary restrictions', '2026-06-03 10:12:58.847883+00:00'::timestamptz),
(126, 30, true, false, 'no dietary restrictions', '2026-06-03 10:12:58.847883+00:00'::timestamptz),
(127, 21, true, false, 'no dietary restrictions', '2026-06-03 10:13:03.858914+00:00'::timestamptz),
(127, 22, true, false, 'no dietary restrictions', '2026-06-03 10:13:03.858914+00:00'::timestamptz),
(127, 23, true, false, 'no dietary restrictions', '2026-06-03 10:13:03.858914+00:00'::timestamptz),
(127, 24, true, false, 'no dietary restrictions', '2026-06-03 10:13:03.858914+00:00'::timestamptz),
(127, 25, true, false, 'no dietary restrictions', '2026-06-03 10:13:03.858914+00:00'::timestamptz),
(127, 26, true, false, 'no dietary restrictions', '2026-06-03 10:13:03.858914+00:00'::timestamptz),
(127, 27, true, false, 'no dietary restrictions', '2026-06-03 10:13:03.858914+00:00'::timestamptz),
(127, 28, true, false, 'no dietary restrictions', '2026-06-03 10:13:03.858914+00:00'::timestamptz),
(127, 29, true, false, 'no dietary restrictions', '2026-06-03 10:13:03.858914+00:00'::timestamptz),
(127, 30, true, false, 'no dietary restrictions', '2026-06-03 10:13:03.858914+00:00'::timestamptz),
(128, 21, true, false, 'no dietary restrictions', '2026-06-03 10:12:40.584153+00:00'::timestamptz),
(128, 22, true, false, 'no dietary restrictions', '2026-06-03 10:12:40.584153+00:00'::timestamptz),
(128, 23, true, false, 'no dietary restrictions', '2026-06-03 10:12:40.584153+00:00'::timestamptz),
(128, 24, true, false, 'no dietary restrictions', '2026-06-03 10:12:40.584153+00:00'::timestamptz),
(128, 25, true, false, 'no dietary restrictions', '2026-06-03 10:12:40.584153+00:00'::timestamptz),
(128, 26, true, false, 'no dietary restrictions', '2026-06-03 10:12:40.584153+00:00'::timestamptz),
(128, 27, true, false, 'no dietary restrictions', '2026-06-03 10:12:40.584153+00:00'::timestamptz),
(128, 28, true, false, 'no dietary restrictions', '2026-06-03 10:12:40.584153+00:00'::timestamptz),
(128, 29, true, false, 'no dietary restrictions', '2026-06-03 10:12:40.584153+00:00'::timestamptz),
(128, 30, true, false, 'no dietary restrictions', '2026-06-03 10:12:40.584153+00:00'::timestamptz),
(129, 21, true, false, 'Certified no_beef. No beef in stated contents (lamb is the meat). All restrictions satisfied.', '2026-06-03 10:12:32.196523+00:00'::timestamptz),
(129, 22, true, false, 'Certified no_beef. No beef in stated contents. All restrictions satisfied.', '2026-06-03 10:12:32.196523+00:00'::timestamptz),
(129, 23, true, false, 'Certified no_beef. No beef in stated contents. All restrictions satisfied.', '2026-06-03 10:12:32.196523+00:00'::timestamptz),
(129, 24, true, false, 'Certified no_beef. No beef in stated contents. All restrictions satisfied.', '2026-06-03 10:12:32.196523+00:00'::timestamptz),
(129, 25, true, false, 'Certified no_beef. No beef in stated contents. All restrictions satisfied.', '2026-06-03 10:12:32.196523+00:00'::timestamptz),
(129, 26, true, false, 'Certified no_beef. No beef in stated contents. The only restriction required is no_beef, which is satisfied.', '2026-06-03 10:12:32.196523+00:00'::timestamptz),
(129, 27, false, false, 'Beef is listed as a primary ingredient and no tweak removes it. Directly violates the no_beef requirement.', '2026-06-03 10:12:32.196523+00:00'::timestamptz),
(129, 28, false, false, 'Beef is listed as a primary ingredient and no tweak removes it. Directly violates the no_beef requirement.', '2026-06-03 10:12:32.196523+00:00'::timestamptz),
(129, 29, true, false, 'Certified no_beef. No beef in stated contents. All restrictions satisfied.', '2026-06-03 10:12:32.196523+00:00'::timestamptz),
(129, 30, true, false, 'Certified no_beef. No beef in stated contents. All restrictions satisfied.', '2026-06-03 10:12:32.196523+00:00'::timestamptz),
(130, 21, true, false, 'no dietary restrictions', '2026-06-03 10:12:27.012638+00:00'::timestamptz),
(130, 22, true, false, 'no dietary restrictions', '2026-06-03 10:12:27.012638+00:00'::timestamptz),
(130, 23, true, false, 'no dietary restrictions', '2026-06-03 10:12:27.012638+00:00'::timestamptz),
(130, 24, true, false, 'no dietary restrictions', '2026-06-03 10:12:27.012638+00:00'::timestamptz),
(130, 25, true, false, 'no dietary restrictions', '2026-06-03 10:12:27.012638+00:00'::timestamptz),
(130, 26, true, false, 'no dietary restrictions', '2026-06-03 10:12:27.012638+00:00'::timestamptz),
(130, 27, true, false, 'no dietary restrictions', '2026-06-03 10:12:27.012638+00:00'::timestamptz),
(130, 28, true, false, 'no dietary restrictions', '2026-06-03 10:12:27.012638+00:00'::timestamptz),
(130, 29, true, false, 'no dietary restrictions', '2026-06-03 10:12:27.012638+00:00'::timestamptz),
(130, 30, true, false, 'no dietary restrictions', '2026-06-03 10:12:27.012638+00:00'::timestamptz),
(131, 21, true, false, 'no dietary restrictions', '2026-06-03 10:13:02.898132+00:00'::timestamptz),
(131, 22, true, false, 'no dietary restrictions', '2026-06-03 10:13:02.898132+00:00'::timestamptz),
(131, 23, true, false, 'no dietary restrictions', '2026-06-03 10:13:02.898132+00:00'::timestamptz),
(131, 24, true, false, 'no dietary restrictions', '2026-06-03 10:13:02.898132+00:00'::timestamptz),
(131, 25, true, false, 'no dietary restrictions', '2026-06-03 10:13:02.898132+00:00'::timestamptz),
(131, 26, true, false, 'no dietary restrictions', '2026-06-03 10:13:02.898132+00:00'::timestamptz),
(131, 27, true, false, 'no dietary restrictions', '2026-06-03 10:13:02.898132+00:00'::timestamptz),
(131, 28, true, false, 'no dietary restrictions', '2026-06-03 10:13:02.898132+00:00'::timestamptz),
(131, 29, true, false, 'no dietary restrictions', '2026-06-03 10:13:02.898132+00:00'::timestamptz),
(131, 30, true, false, 'no dietary restrictions', '2026-06-03 10:13:02.898132+00:00'::timestamptz),
(132, 21, true, false, 'no dietary restrictions', '2026-06-03 10:12:42.932954+00:00'::timestamptz),
(132, 22, true, false, 'no dietary restrictions', '2026-06-03 10:12:42.932954+00:00'::timestamptz),
(132, 23, true, false, 'no dietary restrictions', '2026-06-03 10:12:42.932954+00:00'::timestamptz),
(132, 24, true, false, 'no dietary restrictions', '2026-06-03 10:12:42.932954+00:00'::timestamptz),
(132, 25, true, false, 'no dietary restrictions', '2026-06-03 10:12:42.932954+00:00'::timestamptz),
(132, 26, true, false, 'no dietary restrictions', '2026-06-03 10:12:42.932954+00:00'::timestamptz),
(132, 27, true, false, 'no dietary restrictions', '2026-06-03 10:12:42.932954+00:00'::timestamptz),
(132, 28, true, false, 'no dietary restrictions', '2026-06-03 10:12:42.932954+00:00'::timestamptz),
(132, 29, true, false, 'no dietary restrictions', '2026-06-03 10:12:42.932954+00:00'::timestamptz),
(132, 30, true, false, 'no dietary restrictions', '2026-06-03 10:12:42.932954+00:00'::timestamptz),
(133, 21, true, false, 'no dietary restrictions', '2026-06-03 10:12:39.929792+00:00'::timestamptz);
INSERT INTO student_eligible_meals (enrolment_id, menu_item_id, eligible, needs_tweak, rationale, computed_at) VALUES
(133, 22, true, false, 'no dietary restrictions', '2026-06-03 10:12:39.929792+00:00'::timestamptz),
(133, 23, true, false, 'no dietary restrictions', '2026-06-03 10:12:39.929792+00:00'::timestamptz),
(133, 24, true, false, 'no dietary restrictions', '2026-06-03 10:12:39.929792+00:00'::timestamptz),
(133, 25, true, false, 'no dietary restrictions', '2026-06-03 10:12:39.929792+00:00'::timestamptz),
(133, 26, true, false, 'no dietary restrictions', '2026-06-03 10:12:39.929792+00:00'::timestamptz),
(133, 27, true, false, 'no dietary restrictions', '2026-06-03 10:12:39.929792+00:00'::timestamptz),
(133, 28, true, false, 'no dietary restrictions', '2026-06-03 10:12:39.929792+00:00'::timestamptz),
(133, 29, true, false, 'no dietary restrictions', '2026-06-03 10:12:39.929792+00:00'::timestamptz),
(133, 30, true, false, 'no dietary restrictions', '2026-06-03 10:12:39.929792+00:00'::timestamptz),
(134, 21, true, false, 'no dietary restrictions', '2026-06-03 10:12:59.842218+00:00'::timestamptz),
(134, 22, true, false, 'no dietary restrictions', '2026-06-03 10:12:59.842218+00:00'::timestamptz),
(134, 23, true, false, 'no dietary restrictions', '2026-06-03 10:12:59.842218+00:00'::timestamptz),
(134, 24, true, false, 'no dietary restrictions', '2026-06-03 10:12:59.842218+00:00'::timestamptz),
(134, 25, true, false, 'no dietary restrictions', '2026-06-03 10:12:59.842218+00:00'::timestamptz),
(134, 26, true, false, 'no dietary restrictions', '2026-06-03 10:12:59.842218+00:00'::timestamptz),
(134, 27, true, false, 'no dietary restrictions', '2026-06-03 10:12:59.842218+00:00'::timestamptz),
(134, 28, true, false, 'no dietary restrictions', '2026-06-03 10:12:59.842218+00:00'::timestamptz),
(134, 29, true, false, 'no dietary restrictions', '2026-06-03 10:12:59.842218+00:00'::timestamptz),
(134, 30, true, false, 'no dietary restrictions', '2026-06-03 10:12:59.842218+00:00'::timestamptz),
(135, 21, true, false, 'no dietary restrictions', '2026-06-03 10:12:48.522533+00:00'::timestamptz),
(135, 22, true, false, 'no dietary restrictions', '2026-06-03 10:12:48.522533+00:00'::timestamptz),
(135, 23, true, false, 'no dietary restrictions', '2026-06-03 10:12:48.522533+00:00'::timestamptz),
(135, 24, true, false, 'no dietary restrictions', '2026-06-03 10:12:48.522533+00:00'::timestamptz),
(135, 25, true, false, 'no dietary restrictions', '2026-06-03 10:12:48.522533+00:00'::timestamptz),
(135, 26, true, false, 'no dietary restrictions', '2026-06-03 10:12:48.522533+00:00'::timestamptz),
(135, 27, true, false, 'no dietary restrictions', '2026-06-03 10:12:48.522533+00:00'::timestamptz),
(135, 28, true, false, 'no dietary restrictions', '2026-06-03 10:12:48.522533+00:00'::timestamptz),
(135, 29, true, false, 'no dietary restrictions', '2026-06-03 10:12:48.522533+00:00'::timestamptz),
(135, 30, true, false, 'no dietary restrictions', '2026-06-03 10:12:48.522533+00:00'::timestamptz),
(136, 21, false, false, 'Wheat wrap explicitly contains gluten (violates gluten_free) and yoghurt sauce explicitly contains dairy (violates no_dairy). No tweaks available.', '2026-06-03 10:12:54.414444+00:00'::timestamptz),
(136, 22, false, false, 'Crumbed chicken explicitly contains gluten. Violates gluten_free requirement. No tweak stated to remove gluten.', '2026-06-03 10:12:54.414444+00:00'::timestamptz),
(136, 23, false, false, 'Crumbed chicken katsu explicitly contains gluten (violates gluten_free). Additionally, contents state ''may contain dairy'' which also raises uncertainty for no_dairy. Not safe regardless.', '2026-06-03 10:12:54.414444+00:00'::timestamptz),
(136, 24, true, false, 'Item is certified gluten_free and no_dairy. Contents explicitly state gluten-free and dairy-free. Both required restrictions are satisfied.', '2026-06-03 10:12:54.414444+00:00'::timestamptz),
(136, 25, false, false, 'Fried chicken karaage explicitly contains gluten. Violates gluten_free requirement. No tweak stated to remove gluten.', '2026-06-03 10:12:54.414444+00:00'::timestamptz),
(136, 26, false, false, 'Udon noodles explicitly contain gluten AND cream sauce explicitly contains dairy. Both required restrictions (gluten_free and no_dairy) are violated. No tweaks address either issue.', '2026-06-03 10:12:54.414444+00:00'::timestamptz),
(136, 27, true, false, 'Item is certified gluten_free and no_dairy. Contents state gluten-free and dairy-free. Both required restrictions are satisfied.', '2026-06-03 10:12:54.414444+00:00'::timestamptz),
(136, 28, false, false, 'Mongolian sauce explicitly contains gluten (violates gluten_free) and contents state ''may contain dairy'' (uncertain for no_dairy). Fails on at least one required restriction definitively. No tweaks available.', '2026-06-03 10:12:54.414444+00:00'::timestamptz),
(136, 29, true, false, 'Item is certified gluten_free and no_dairy. Contents explicitly state gluten-free and dairy-free. Both required restrictions are satisfied.', '2026-06-03 10:12:54.414444+00:00'::timestamptz),
(136, 30, false, false, 'Wheat noodles explicitly contain gluten. Violates gluten_free requirement. The only stated tweak is a vegetarian option, which does not remove gluten.', '2026-06-03 10:12:54.414444+00:00'::timestamptz),
(137, 21, true, false, 'no dietary restrictions', '2026-06-03 10:12:24.218483+00:00'::timestamptz),
(137, 22, true, false, 'no dietary restrictions', '2026-06-03 10:12:24.218483+00:00'::timestamptz),
(137, 23, true, false, 'no dietary restrictions', '2026-06-03 10:12:24.218483+00:00'::timestamptz),
(137, 24, true, false, 'no dietary restrictions', '2026-06-03 10:12:24.218483+00:00'::timestamptz),
(137, 25, true, false, 'no dietary restrictions', '2026-06-03 10:12:24.218483+00:00'::timestamptz),
(137, 26, true, false, 'no dietary restrictions', '2026-06-03 10:12:24.218483+00:00'::timestamptz),
(137, 27, true, false, 'no dietary restrictions', '2026-06-03 10:12:24.218483+00:00'::timestamptz),
(137, 28, true, false, 'no dietary restrictions', '2026-06-03 10:12:24.218483+00:00'::timestamptz),
(137, 29, true, false, 'no dietary restrictions', '2026-06-03 10:12:24.218483+00:00'::timestamptz),
(137, 30, true, false, 'no dietary restrictions', '2026-06-03 10:12:24.218483+00:00'::timestamptz),
(138, 21, true, false, 'no dietary restrictions', '2026-06-03 10:12:42.723106+00:00'::timestamptz),
(138, 22, true, false, 'no dietary restrictions', '2026-06-03 10:12:42.723106+00:00'::timestamptz),
(138, 23, true, false, 'no dietary restrictions', '2026-06-03 10:12:42.723106+00:00'::timestamptz),
(138, 24, true, false, 'no dietary restrictions', '2026-06-03 10:12:42.723106+00:00'::timestamptz),
(138, 25, true, false, 'no dietary restrictions', '2026-06-03 10:12:42.723106+00:00'::timestamptz),
(138, 26, true, false, 'no dietary restrictions', '2026-06-03 10:12:42.723106+00:00'::timestamptz),
(138, 27, true, false, 'no dietary restrictions', '2026-06-03 10:12:42.723106+00:00'::timestamptz),
(138, 28, true, false, 'no dietary restrictions', '2026-06-03 10:12:42.723106+00:00'::timestamptz),
(138, 29, true, false, 'no dietary restrictions', '2026-06-03 10:12:42.723106+00:00'::timestamptz),
(138, 30, true, false, 'no dietary restrictions', '2026-06-03 10:12:42.723106+00:00'::timestamptz),
(139, 21, true, false, 'no dietary restrictions', '2026-06-03 10:12:39.162196+00:00'::timestamptz),
(139, 22, true, false, 'no dietary restrictions', '2026-06-03 10:12:39.162196+00:00'::timestamptz),
(139, 23, true, false, 'no dietary restrictions', '2026-06-03 10:12:39.162196+00:00'::timestamptz),
(139, 24, true, false, 'no dietary restrictions', '2026-06-03 10:12:39.162196+00:00'::timestamptz),
(139, 25, true, false, 'no dietary restrictions', '2026-06-03 10:12:39.162196+00:00'::timestamptz),
(139, 26, true, false, 'no dietary restrictions', '2026-06-03 10:12:39.162196+00:00'::timestamptz),
(139, 27, true, false, 'no dietary restrictions', '2026-06-03 10:12:39.162196+00:00'::timestamptz),
(139, 28, true, false, 'no dietary restrictions', '2026-06-03 10:12:39.162196+00:00'::timestamptz),
(139, 29, true, false, 'no dietary restrictions', '2026-06-03 10:12:39.162196+00:00'::timestamptz),
(139, 30, true, false, 'no dietary restrictions', '2026-06-03 10:12:39.162196+00:00'::timestamptz),
(140, 21, true, false, 'no dietary restrictions', '2026-06-03 10:12:40.363221+00:00'::timestamptz),
(140, 22, true, false, 'no dietary restrictions', '2026-06-03 10:12:40.363221+00:00'::timestamptz),
(140, 23, true, false, 'no dietary restrictions', '2026-06-03 10:12:40.363221+00:00'::timestamptz),
(140, 24, true, false, 'no dietary restrictions', '2026-06-03 10:12:40.363221+00:00'::timestamptz),
(140, 25, true, false, 'no dietary restrictions', '2026-06-03 10:12:40.363221+00:00'::timestamptz),
(140, 26, true, false, 'no dietary restrictions', '2026-06-03 10:12:40.363221+00:00'::timestamptz),
(140, 27, true, false, 'no dietary restrictions', '2026-06-03 10:12:40.363221+00:00'::timestamptz),
(140, 28, true, false, 'no dietary restrictions', '2026-06-03 10:12:40.363221+00:00'::timestamptz),
(140, 29, true, false, 'no dietary restrictions', '2026-06-03 10:12:40.363221+00:00'::timestamptz),
(140, 30, true, false, 'no dietary restrictions', '2026-06-03 10:12:40.363221+00:00'::timestamptz),
(141, 21, true, false, 'no dietary restrictions', '2026-06-03 10:12:24.168131+00:00'::timestamptz),
(141, 22, true, false, 'no dietary restrictions', '2026-06-03 10:12:24.168131+00:00'::timestamptz),
(141, 23, true, false, 'no dietary restrictions', '2026-06-03 10:12:24.168131+00:00'::timestamptz),
(141, 24, true, false, 'no dietary restrictions', '2026-06-03 10:12:24.168131+00:00'::timestamptz),
(141, 25, true, false, 'no dietary restrictions', '2026-06-03 10:12:24.168131+00:00'::timestamptz),
(141, 26, true, false, 'no dietary restrictions', '2026-06-03 10:12:24.168131+00:00'::timestamptz),
(141, 27, true, false, 'no dietary restrictions', '2026-06-03 10:12:24.168131+00:00'::timestamptz),
(141, 28, true, false, 'no dietary restrictions', '2026-06-03 10:12:24.168131+00:00'::timestamptz),
(141, 29, true, false, 'no dietary restrictions', '2026-06-03 10:12:24.168131+00:00'::timestamptz),
(141, 30, true, false, 'no dietary restrictions', '2026-06-03 10:12:24.168131+00:00'::timestamptz),
(142, 21, true, false, 'no dietary restrictions', '2026-06-03 10:13:04.068092+00:00'::timestamptz),
(142, 22, true, false, 'no dietary restrictions', '2026-06-03 10:13:04.068092+00:00'::timestamptz),
(142, 23, true, false, 'no dietary restrictions', '2026-06-03 10:13:04.068092+00:00'::timestamptz),
(142, 24, true, false, 'no dietary restrictions', '2026-06-03 10:13:04.068092+00:00'::timestamptz),
(142, 25, true, false, 'no dietary restrictions', '2026-06-03 10:13:04.068092+00:00'::timestamptz),
(142, 26, true, false, 'no dietary restrictions', '2026-06-03 10:13:04.068092+00:00'::timestamptz),
(142, 27, true, false, 'no dietary restrictions', '2026-06-03 10:13:04.068092+00:00'::timestamptz),
(142, 28, true, false, 'no dietary restrictions', '2026-06-03 10:13:04.068092+00:00'::timestamptz),
(142, 29, true, false, 'no dietary restrictions', '2026-06-03 10:13:04.068092+00:00'::timestamptz),
(142, 30, true, false, 'no dietary restrictions', '2026-06-03 10:13:04.068092+00:00'::timestamptz),
(143, 21, true, false, 'no dietary restrictions', '2026-06-03 10:13:00.728654+00:00'::timestamptz);
INSERT INTO student_eligible_meals (enrolment_id, menu_item_id, eligible, needs_tweak, rationale, computed_at) VALUES
(143, 22, true, false, 'no dietary restrictions', '2026-06-03 10:13:00.728654+00:00'::timestamptz),
(143, 23, true, false, 'no dietary restrictions', '2026-06-03 10:13:00.728654+00:00'::timestamptz),
(143, 24, true, false, 'no dietary restrictions', '2026-06-03 10:13:00.728654+00:00'::timestamptz),
(143, 25, true, false, 'no dietary restrictions', '2026-06-03 10:13:00.728654+00:00'::timestamptz),
(143, 26, true, false, 'no dietary restrictions', '2026-06-03 10:13:00.728654+00:00'::timestamptz),
(143, 27, true, false, 'no dietary restrictions', '2026-06-03 10:13:00.728654+00:00'::timestamptz),
(143, 28, true, false, 'no dietary restrictions', '2026-06-03 10:13:00.728654+00:00'::timestamptz),
(143, 29, true, false, 'no dietary restrictions', '2026-06-03 10:13:00.728654+00:00'::timestamptz),
(143, 30, true, false, 'no dietary restrictions', '2026-06-03 10:13:00.728654+00:00'::timestamptz),
(144, 21, true, false, 'no dietary restrictions', '2026-06-03 10:12:59.613192+00:00'::timestamptz),
(144, 22, true, false, 'no dietary restrictions', '2026-06-03 10:12:59.613192+00:00'::timestamptz),
(144, 23, true, false, 'no dietary restrictions', '2026-06-03 10:12:59.613192+00:00'::timestamptz),
(144, 24, true, false, 'no dietary restrictions', '2026-06-03 10:12:59.613192+00:00'::timestamptz),
(144, 25, true, false, 'no dietary restrictions', '2026-06-03 10:12:59.613192+00:00'::timestamptz),
(144, 26, true, false, 'no dietary restrictions', '2026-06-03 10:12:59.613192+00:00'::timestamptz),
(144, 27, true, false, 'no dietary restrictions', '2026-06-03 10:12:59.613192+00:00'::timestamptz),
(144, 28, true, false, 'no dietary restrictions', '2026-06-03 10:12:59.613192+00:00'::timestamptz),
(144, 29, true, false, 'no dietary restrictions', '2026-06-03 10:12:59.613192+00:00'::timestamptz),
(144, 30, true, false, 'no dietary restrictions', '2026-06-03 10:12:59.613192+00:00'::timestamptz),
(145, 21, true, false, 'no dietary restrictions', '2026-06-03 10:12:35.347907+00:00'::timestamptz),
(145, 22, true, false, 'no dietary restrictions', '2026-06-03 10:12:35.347907+00:00'::timestamptz),
(145, 23, true, false, 'no dietary restrictions', '2026-06-03 10:12:35.347907+00:00'::timestamptz),
(145, 24, true, false, 'no dietary restrictions', '2026-06-03 10:12:35.347907+00:00'::timestamptz),
(145, 25, true, false, 'no dietary restrictions', '2026-06-03 10:12:35.347907+00:00'::timestamptz),
(145, 26, true, false, 'no dietary restrictions', '2026-06-03 10:12:35.347907+00:00'::timestamptz),
(145, 27, true, false, 'no dietary restrictions', '2026-06-03 10:12:35.347907+00:00'::timestamptz),
(145, 28, true, false, 'no dietary restrictions', '2026-06-03 10:12:35.347907+00:00'::timestamptz),
(145, 29, true, false, 'no dietary restrictions', '2026-06-03 10:12:35.347907+00:00'::timestamptz),
(145, 30, true, false, 'no dietary restrictions', '2026-06-03 10:12:35.347907+00:00'::timestamptz),
(146, 21, true, false, 'no dietary restrictions', '2026-06-03 10:12:28.252703+00:00'::timestamptz),
(146, 22, true, false, 'no dietary restrictions', '2026-06-03 10:12:28.252703+00:00'::timestamptz),
(146, 23, true, false, 'no dietary restrictions', '2026-06-03 10:12:28.252703+00:00'::timestamptz),
(146, 24, true, false, 'no dietary restrictions', '2026-06-03 10:12:28.252703+00:00'::timestamptz),
(146, 25, true, false, 'no dietary restrictions', '2026-06-03 10:12:28.252703+00:00'::timestamptz),
(146, 26, true, false, 'no dietary restrictions', '2026-06-03 10:12:28.252703+00:00'::timestamptz),
(146, 27, true, false, 'no dietary restrictions', '2026-06-03 10:12:28.252703+00:00'::timestamptz),
(146, 28, true, false, 'no dietary restrictions', '2026-06-03 10:12:28.252703+00:00'::timestamptz),
(146, 29, true, false, 'no dietary restrictions', '2026-06-03 10:12:28.252703+00:00'::timestamptz),
(146, 30, true, false, 'no dietary restrictions', '2026-06-03 10:12:28.252703+00:00'::timestamptz),
(147, 21, true, false, 'no dietary restrictions', '2026-06-03 10:12:42.308280+00:00'::timestamptz),
(147, 22, true, false, 'no dietary restrictions', '2026-06-03 10:12:42.308280+00:00'::timestamptz),
(147, 23, true, false, 'no dietary restrictions', '2026-06-03 10:12:42.308280+00:00'::timestamptz),
(147, 24, true, false, 'no dietary restrictions', '2026-06-03 10:12:42.308280+00:00'::timestamptz),
(147, 25, true, false, 'no dietary restrictions', '2026-06-03 10:12:42.308280+00:00'::timestamptz),
(147, 26, true, false, 'no dietary restrictions', '2026-06-03 10:12:42.308280+00:00'::timestamptz),
(147, 27, true, false, 'no dietary restrictions', '2026-06-03 10:12:42.308280+00:00'::timestamptz),
(147, 28, true, false, 'no dietary restrictions', '2026-06-03 10:12:42.308280+00:00'::timestamptz),
(147, 29, true, false, 'no dietary restrictions', '2026-06-03 10:12:42.308280+00:00'::timestamptz),
(147, 30, true, false, 'no dietary restrictions', '2026-06-03 10:12:42.308280+00:00'::timestamptz),
(148, 21, true, false, 'no dietary restrictions', '2026-06-03 10:13:04.997055+00:00'::timestamptz),
(148, 22, true, false, 'no dietary restrictions', '2026-06-03 10:13:04.997055+00:00'::timestamptz),
(148, 23, true, false, 'no dietary restrictions', '2026-06-03 10:13:04.997055+00:00'::timestamptz),
(148, 24, true, false, 'no dietary restrictions', '2026-06-03 10:13:04.997055+00:00'::timestamptz),
(148, 25, true, false, 'no dietary restrictions', '2026-06-03 10:13:04.997055+00:00'::timestamptz),
(148, 26, true, false, 'no dietary restrictions', '2026-06-03 10:13:04.997055+00:00'::timestamptz),
(148, 27, true, false, 'no dietary restrictions', '2026-06-03 10:13:04.997055+00:00'::timestamptz),
(148, 28, true, false, 'no dietary restrictions', '2026-06-03 10:13:04.997055+00:00'::timestamptz),
(148, 29, true, false, 'no dietary restrictions', '2026-06-03 10:13:04.997055+00:00'::timestamptz),
(148, 30, true, false, 'no dietary restrictions', '2026-06-03 10:13:04.997055+00:00'::timestamptz),
(149, 21, false, false, 'Contains lamb, which is explicitly red meat — directly violates the no_red_meat restriction. No tweak available to remove it.', '2026-06-03 10:12:55.532996+00:00'::timestamptz),
(149, 22, true, false, 'Contains chicken only (no beef, lamb, or pork). Certified no_red_meat. Safe for this student.', '2026-06-03 10:12:55.532996+00:00'::timestamptz),
(149, 23, true, false, 'Contains chicken only (no beef, lamb, or pork). Certified no_red_meat. Safe for this student.', '2026-06-03 10:12:55.532996+00:00'::timestamptz),
(149, 24, true, false, 'Contains salmon (seafood), no red meat present. Certified no_red_meat. Safe for this student.', '2026-06-03 10:12:55.532996+00:00'::timestamptz),
(149, 25, true, false, 'Contains chicken only (no beef, lamb, or pork). Certified no_red_meat. Safe for this student.', '2026-06-03 10:12:55.532996+00:00'::timestamptz),
(149, 26, true, false, 'No red meat in stated contents. Certified no_red_meat. Safe for this student.', '2026-06-03 10:12:55.532996+00:00'::timestamptz),
(149, 27, false, false, 'Contains beef, which is red meat — directly violates the no_red_meat restriction. No tweak available to remove it.', '2026-06-03 10:12:55.532996+00:00'::timestamptz),
(149, 28, false, false, 'Contains beef, which is red meat — directly violates the no_red_meat restriction. No tweak available to remove it.', '2026-06-03 10:12:55.532996+00:00'::timestamptz),
(149, 29, true, false, 'Contains chicken only (no beef, lamb, or pork). Certified no_red_meat. Safe for this student.', '2026-06-03 10:12:55.532996+00:00'::timestamptz),
(149, 30, true, false, 'No red meat in stated contents. Certified no_red_meat. Safe for this student.', '2026-06-03 10:12:55.532996+00:00'::timestamptz),
(150, 21, true, false, 'no dietary restrictions', '2026-06-03 10:13:02.004869+00:00'::timestamptz),
(150, 22, true, false, 'no dietary restrictions', '2026-06-03 10:13:02.004869+00:00'::timestamptz),
(150, 23, true, false, 'no dietary restrictions', '2026-06-03 10:13:02.004869+00:00'::timestamptz),
(150, 24, true, false, 'no dietary restrictions', '2026-06-03 10:13:02.004869+00:00'::timestamptz),
(150, 25, true, false, 'no dietary restrictions', '2026-06-03 10:13:02.004869+00:00'::timestamptz),
(150, 26, true, false, 'no dietary restrictions', '2026-06-03 10:13:02.004869+00:00'::timestamptz),
(150, 27, true, false, 'no dietary restrictions', '2026-06-03 10:13:02.004869+00:00'::timestamptz),
(150, 28, true, false, 'no dietary restrictions', '2026-06-03 10:13:02.004869+00:00'::timestamptz),
(150, 29, true, false, 'no dietary restrictions', '2026-06-03 10:13:02.004869+00:00'::timestamptz),
(150, 30, true, false, 'no dietary restrictions', '2026-06-03 10:13:02.004869+00:00'::timestamptz),
(151, 21, true, false, 'no dietary restrictions', '2026-06-03 10:12:41.637135+00:00'::timestamptz),
(151, 22, true, false, 'no dietary restrictions', '2026-06-03 10:12:41.637135+00:00'::timestamptz),
(151, 23, true, false, 'no dietary restrictions', '2026-06-03 10:12:41.637135+00:00'::timestamptz),
(151, 24, true, false, 'no dietary restrictions', '2026-06-03 10:12:41.637135+00:00'::timestamptz),
(151, 25, true, false, 'no dietary restrictions', '2026-06-03 10:12:41.637135+00:00'::timestamptz),
(151, 26, true, false, 'no dietary restrictions', '2026-06-03 10:12:41.637135+00:00'::timestamptz),
(151, 27, true, false, 'no dietary restrictions', '2026-06-03 10:12:41.637135+00:00'::timestamptz),
(151, 28, true, false, 'no dietary restrictions', '2026-06-03 10:12:41.637135+00:00'::timestamptz),
(151, 29, true, false, 'no dietary restrictions', '2026-06-03 10:12:41.637135+00:00'::timestamptz),
(151, 30, true, false, 'no dietary restrictions', '2026-06-03 10:12:41.637135+00:00'::timestamptz),
(152, 21, false, false, 'Contains lamb, which is meat (red meat). Not vegetarian. No tweak available to remove it.', '2026-06-03 10:12:52.207447+00:00'::timestamptz),
(152, 22, false, false, 'Contains crumbed chicken, which is meat. Not vegetarian. No tweak available to remove it.', '2026-06-03 10:12:52.207447+00:00'::timestamptz),
(152, 23, false, false, 'Contains crumbed chicken katsu, which is meat. Not vegetarian. No tweak available to remove it.', '2026-06-03 10:12:52.207447+00:00'::timestamptz),
(152, 24, false, false, 'Contains salmon, which is seafood. Not vegetarian. No tweak available to remove it.', '2026-06-03 10:12:52.207447+00:00'::timestamptz),
(152, 25, false, false, 'Contains fried chicken, which is meat. Not vegetarian. No tweak available to remove it.', '2026-06-03 10:12:52.207447+00:00'::timestamptz),
(152, 26, true, true, 'The broth ''may contain seafood'', but a ''vegetarian option available on request'' tweak is stated, which should remove any meat/seafood components, making it suitable for a vegetarian student.', '2026-06-03 10:12:52.207447+00:00'::timestamptz),
(152, 27, false, false, 'Contains beef, which is meat. Not vegetarian. No tweak available to remove it.', '2026-06-03 10:12:52.207447+00:00'::timestamptz),
(152, 28, false, false, 'Contains beef, which is meat. Not vegetarian. No tweak available to remove it.', '2026-06-03 10:12:52.207447+00:00'::timestamptz),
(152, 29, true, true, 'The base item contains chicken (meat), but a ''vegetarian option available on request'' tweak is stated, which would replace/remove the chicken and make it suitable for a vegetarian student.', '2026-06-03 10:12:52.207447+00:00'::timestamptz),
(152, 30, true, true, 'The base item is not confirmed meat-free, but a ''vegetarian option available on request'' tweak is stated, which would remove any meat and make it suitable for a vegetarian student.', '2026-06-03 10:12:52.207447+00:00'::timestamptz),
(153, 21, true, false, 'no dietary restrictions', '2026-06-03 10:13:00.876629+00:00'::timestamptz);
INSERT INTO student_eligible_meals (enrolment_id, menu_item_id, eligible, needs_tweak, rationale, computed_at) VALUES
(153, 22, true, false, 'no dietary restrictions', '2026-06-03 10:13:00.876629+00:00'::timestamptz),
(153, 23, true, false, 'no dietary restrictions', '2026-06-03 10:13:00.876629+00:00'::timestamptz),
(153, 24, true, false, 'no dietary restrictions', '2026-06-03 10:13:00.876629+00:00'::timestamptz),
(153, 25, true, false, 'no dietary restrictions', '2026-06-03 10:13:00.876629+00:00'::timestamptz),
(153, 26, true, false, 'no dietary restrictions', '2026-06-03 10:13:00.876629+00:00'::timestamptz),
(153, 27, true, false, 'no dietary restrictions', '2026-06-03 10:13:00.876629+00:00'::timestamptz),
(153, 28, true, false, 'no dietary restrictions', '2026-06-03 10:13:00.876629+00:00'::timestamptz),
(153, 29, true, false, 'no dietary restrictions', '2026-06-03 10:13:00.876629+00:00'::timestamptz),
(153, 30, true, false, 'no dietary restrictions', '2026-06-03 10:13:00.876629+00:00'::timestamptz),
(154, 21, true, false, 'no dietary restrictions', '2026-06-03 10:12:37.653398+00:00'::timestamptz),
(154, 22, true, false, 'no dietary restrictions', '2026-06-03 10:12:37.653398+00:00'::timestamptz),
(154, 23, true, false, 'no dietary restrictions', '2026-06-03 10:12:37.653398+00:00'::timestamptz),
(154, 24, true, false, 'no dietary restrictions', '2026-06-03 10:12:37.653398+00:00'::timestamptz),
(154, 25, true, false, 'no dietary restrictions', '2026-06-03 10:12:37.653398+00:00'::timestamptz),
(154, 26, true, false, 'no dietary restrictions', '2026-06-03 10:12:37.653398+00:00'::timestamptz),
(154, 27, true, false, 'no dietary restrictions', '2026-06-03 10:12:37.653398+00:00'::timestamptz),
(154, 28, true, false, 'no dietary restrictions', '2026-06-03 10:12:37.653398+00:00'::timestamptz),
(154, 29, true, false, 'no dietary restrictions', '2026-06-03 10:12:37.653398+00:00'::timestamptz),
(154, 30, true, false, 'no dietary restrictions', '2026-06-03 10:12:37.653398+00:00'::timestamptz),
(155, 21, true, false, 'no dietary restrictions', '2026-06-03 10:12:26.274011+00:00'::timestamptz),
(155, 22, true, false, 'no dietary restrictions', '2026-06-03 10:12:26.274011+00:00'::timestamptz),
(155, 23, true, false, 'no dietary restrictions', '2026-06-03 10:12:26.274011+00:00'::timestamptz),
(155, 24, true, false, 'no dietary restrictions', '2026-06-03 10:12:26.274011+00:00'::timestamptz),
(155, 25, true, false, 'no dietary restrictions', '2026-06-03 10:12:26.274011+00:00'::timestamptz),
(155, 26, true, false, 'no dietary restrictions', '2026-06-03 10:12:26.274011+00:00'::timestamptz),
(155, 27, true, false, 'no dietary restrictions', '2026-06-03 10:12:26.274011+00:00'::timestamptz),
(155, 28, true, false, 'no dietary restrictions', '2026-06-03 10:12:26.274011+00:00'::timestamptz),
(155, 29, true, false, 'no dietary restrictions', '2026-06-03 10:12:26.274011+00:00'::timestamptz),
(155, 30, true, false, 'no dietary restrictions', '2026-06-03 10:12:26.274011+00:00'::timestamptz),
(156, 21, true, false, 'no dietary restrictions', '2026-06-03 10:12:42.487173+00:00'::timestamptz),
(156, 22, true, false, 'no dietary restrictions', '2026-06-03 10:12:42.487173+00:00'::timestamptz),
(156, 23, true, false, 'no dietary restrictions', '2026-06-03 10:12:42.487173+00:00'::timestamptz),
(156, 24, true, false, 'no dietary restrictions', '2026-06-03 10:12:42.487173+00:00'::timestamptz),
(156, 25, true, false, 'no dietary restrictions', '2026-06-03 10:12:42.487173+00:00'::timestamptz),
(156, 26, true, false, 'no dietary restrictions', '2026-06-03 10:12:42.487173+00:00'::timestamptz),
(156, 27, true, false, 'no dietary restrictions', '2026-06-03 10:12:42.487173+00:00'::timestamptz),
(156, 28, true, false, 'no dietary restrictions', '2026-06-03 10:12:42.487173+00:00'::timestamptz),
(156, 29, true, false, 'no dietary restrictions', '2026-06-03 10:12:42.487173+00:00'::timestamptz),
(156, 30, true, false, 'no dietary restrictions', '2026-06-03 10:12:42.487173+00:00'::timestamptz),
(157, 21, true, false, 'no dietary restrictions', '2026-06-03 10:12:32.717005+00:00'::timestamptz),
(157, 22, true, false, 'no dietary restrictions', '2026-06-03 10:12:32.717005+00:00'::timestamptz),
(157, 23, true, false, 'no dietary restrictions', '2026-06-03 10:12:32.717005+00:00'::timestamptz),
(157, 24, true, false, 'no dietary restrictions', '2026-06-03 10:12:32.717005+00:00'::timestamptz),
(157, 25, true, false, 'no dietary restrictions', '2026-06-03 10:12:32.717005+00:00'::timestamptz),
(157, 26, true, false, 'no dietary restrictions', '2026-06-03 10:12:32.717005+00:00'::timestamptz),
(157, 27, true, false, 'no dietary restrictions', '2026-06-03 10:12:32.717005+00:00'::timestamptz),
(157, 28, true, false, 'no dietary restrictions', '2026-06-03 10:12:32.717005+00:00'::timestamptz),
(157, 29, true, false, 'no dietary restrictions', '2026-06-03 10:12:32.717005+00:00'::timestamptz),
(157, 30, true, false, 'no dietary restrictions', '2026-06-03 10:12:32.717005+00:00'::timestamptz),
(158, 21, true, false, 'no dietary restrictions', '2026-06-03 10:12:34.613501+00:00'::timestamptz),
(158, 22, true, false, 'no dietary restrictions', '2026-06-03 10:12:34.613501+00:00'::timestamptz),
(158, 23, true, false, 'no dietary restrictions', '2026-06-03 10:12:34.613501+00:00'::timestamptz),
(158, 24, true, false, 'no dietary restrictions', '2026-06-03 10:12:34.613501+00:00'::timestamptz),
(158, 25, true, false, 'no dietary restrictions', '2026-06-03 10:12:34.613501+00:00'::timestamptz),
(158, 26, true, false, 'no dietary restrictions', '2026-06-03 10:12:34.613501+00:00'::timestamptz),
(158, 27, true, false, 'no dietary restrictions', '2026-06-03 10:12:34.613501+00:00'::timestamptz),
(158, 28, true, false, 'no dietary restrictions', '2026-06-03 10:12:34.613501+00:00'::timestamptz),
(158, 29, true, false, 'no dietary restrictions', '2026-06-03 10:12:34.613501+00:00'::timestamptz),
(158, 30, true, false, 'no dietary restrictions', '2026-06-03 10:12:34.613501+00:00'::timestamptz),
(159, 21, true, false, 'no dietary restrictions', '2026-06-03 10:12:55.378028+00:00'::timestamptz),
(159, 22, true, false, 'no dietary restrictions', '2026-06-03 10:12:55.378028+00:00'::timestamptz),
(159, 23, true, false, 'no dietary restrictions', '2026-06-03 10:12:55.378028+00:00'::timestamptz),
(159, 24, true, false, 'no dietary restrictions', '2026-06-03 10:12:55.378028+00:00'::timestamptz),
(159, 25, true, false, 'no dietary restrictions', '2026-06-03 10:12:55.378028+00:00'::timestamptz),
(159, 26, true, false, 'no dietary restrictions', '2026-06-03 10:12:55.378028+00:00'::timestamptz),
(159, 27, true, false, 'no dietary restrictions', '2026-06-03 10:12:55.378028+00:00'::timestamptz),
(159, 28, true, false, 'no dietary restrictions', '2026-06-03 10:12:55.378028+00:00'::timestamptz),
(159, 29, true, false, 'no dietary restrictions', '2026-06-03 10:12:55.378028+00:00'::timestamptz),
(159, 30, true, false, 'no dietary restrictions', '2026-06-03 10:12:55.378028+00:00'::timestamptz),
(160, 21, true, false, 'no dietary restrictions', '2026-06-03 10:12:24.167489+00:00'::timestamptz),
(160, 22, true, false, 'no dietary restrictions', '2026-06-03 10:12:24.167489+00:00'::timestamptz),
(160, 23, true, false, 'no dietary restrictions', '2026-06-03 10:12:24.167489+00:00'::timestamptz),
(160, 24, true, false, 'no dietary restrictions', '2026-06-03 10:12:24.167489+00:00'::timestamptz),
(160, 25, true, false, 'no dietary restrictions', '2026-06-03 10:12:24.167489+00:00'::timestamptz),
(160, 26, true, false, 'no dietary restrictions', '2026-06-03 10:12:24.167489+00:00'::timestamptz),
(160, 27, true, false, 'no dietary restrictions', '2026-06-03 10:12:24.167489+00:00'::timestamptz),
(160, 28, true, false, 'no dietary restrictions', '2026-06-03 10:12:24.167489+00:00'::timestamptz),
(160, 29, true, false, 'no dietary restrictions', '2026-06-03 10:12:24.167489+00:00'::timestamptz),
(160, 30, true, false, 'no dietary restrictions', '2026-06-03 10:12:24.167489+00:00'::timestamptz),
(161, 21, true, false, 'no dietary restrictions', '2026-06-03 10:12:54.783128+00:00'::timestamptz),
(161, 22, true, false, 'no dietary restrictions', '2026-06-03 10:12:54.783128+00:00'::timestamptz),
(161, 23, true, false, 'no dietary restrictions', '2026-06-03 10:12:54.783128+00:00'::timestamptz),
(161, 24, true, false, 'no dietary restrictions', '2026-06-03 10:12:54.783128+00:00'::timestamptz),
(161, 25, true, false, 'no dietary restrictions', '2026-06-03 10:12:54.783128+00:00'::timestamptz),
(161, 26, true, false, 'no dietary restrictions', '2026-06-03 10:12:54.783128+00:00'::timestamptz),
(161, 27, true, false, 'no dietary restrictions', '2026-06-03 10:12:54.783128+00:00'::timestamptz),
(161, 28, true, false, 'no dietary restrictions', '2026-06-03 10:12:54.783128+00:00'::timestamptz),
(161, 29, true, false, 'no dietary restrictions', '2026-06-03 10:12:54.783128+00:00'::timestamptz),
(161, 30, true, false, 'no dietary restrictions', '2026-06-03 10:12:54.783128+00:00'::timestamptz),
(162, 21, true, false, 'no dietary restrictions', '2026-06-03 10:12:44.618270+00:00'::timestamptz),
(162, 22, true, false, 'no dietary restrictions', '2026-06-03 10:12:44.618270+00:00'::timestamptz),
(162, 23, true, false, 'no dietary restrictions', '2026-06-03 10:12:44.618270+00:00'::timestamptz),
(162, 24, true, false, 'no dietary restrictions', '2026-06-03 10:12:44.618270+00:00'::timestamptz),
(162, 25, true, false, 'no dietary restrictions', '2026-06-03 10:12:44.618270+00:00'::timestamptz),
(162, 26, true, false, 'no dietary restrictions', '2026-06-03 10:12:44.618270+00:00'::timestamptz),
(162, 27, true, false, 'no dietary restrictions', '2026-06-03 10:12:44.618270+00:00'::timestamptz),
(162, 28, true, false, 'no dietary restrictions', '2026-06-03 10:12:44.618270+00:00'::timestamptz),
(162, 29, true, false, 'no dietary restrictions', '2026-06-03 10:12:44.618270+00:00'::timestamptz),
(162, 30, true, false, 'no dietary restrictions', '2026-06-03 10:12:44.618270+00:00'::timestamptz),
(163, 21, true, false, 'Item is certified no_seafood and contents explicitly state seafood-free. No seafood ingredients present.', '2026-06-03 10:12:53.582377+00:00'::timestamptz);
INSERT INTO student_eligible_meals (enrolment_id, menu_item_id, eligible, needs_tweak, rationale, computed_at) VALUES
(163, 22, true, false, 'Item is certified no_seafood and contents explicitly state seafood-free. No seafood ingredients present.', '2026-06-03 10:12:53.582377+00:00'::timestamptz),
(163, 23, true, false, 'Item is certified no_seafood and contents explicitly state seafood-free. No seafood ingredients present.', '2026-06-03 10:12:53.582377+00:00'::timestamptz),
(163, 24, false, false, 'Main ingredient is Salmon, which is a fish/seafood. Item is not certified no_seafood. Directly violates the no_seafood requirement with no available tweak.', '2026-06-03 10:12:53.582377+00:00'::timestamptz),
(163, 25, true, false, 'Item is certified no_seafood and contents explicitly state seafood-free. No seafood ingredients present.', '2026-06-03 10:12:53.582377+00:00'::timestamptz),
(163, 26, false, false, 'Contents state broth ''may contain seafood'', and the item is NOT certified no_seafood. No tweak removes this risk. Fails the no_seafood requirement.', '2026-06-03 10:12:53.582377+00:00'::timestamptz),
(163, 27, true, false, 'Item is certified no_seafood and contents explicitly state seafood-free. No seafood ingredients present.', '2026-06-03 10:12:53.582377+00:00'::timestamptz),
(163, 28, true, false, 'Item is certified no_seafood and contents explicitly state seafood-free. No seafood ingredients present.', '2026-06-03 10:12:53.582377+00:00'::timestamptz),
(163, 29, true, false, 'Item is certified no_seafood and contents explicitly state seafood-free. No seafood ingredients present.', '2026-06-03 10:12:53.582377+00:00'::timestamptz),
(163, 30, true, false, 'Item is certified no_seafood and contents explicitly state seafood-free. No seafood ingredients present.', '2026-06-03 10:12:53.582377+00:00'::timestamptz),
(164, 21, true, false, 'no dietary restrictions', '2026-06-03 10:12:42.096937+00:00'::timestamptz),
(164, 22, true, false, 'no dietary restrictions', '2026-06-03 10:12:42.096937+00:00'::timestamptz),
(164, 23, true, false, 'no dietary restrictions', '2026-06-03 10:12:42.096937+00:00'::timestamptz),
(164, 24, true, false, 'no dietary restrictions', '2026-06-03 10:12:42.096937+00:00'::timestamptz),
(164, 25, true, false, 'no dietary restrictions', '2026-06-03 10:12:42.096937+00:00'::timestamptz),
(164, 26, true, false, 'no dietary restrictions', '2026-06-03 10:12:42.096937+00:00'::timestamptz),
(164, 27, true, false, 'no dietary restrictions', '2026-06-03 10:12:42.096937+00:00'::timestamptz),
(164, 28, true, false, 'no dietary restrictions', '2026-06-03 10:12:42.096937+00:00'::timestamptz),
(164, 29, true, false, 'no dietary restrictions', '2026-06-03 10:12:42.096937+00:00'::timestamptz),
(164, 30, true, false, 'no dietary restrictions', '2026-06-03 10:12:42.096937+00:00'::timestamptz),
(165, 21, true, false, 'no dietary restrictions', '2026-06-03 10:12:26.232811+00:00'::timestamptz),
(165, 22, true, false, 'no dietary restrictions', '2026-06-03 10:12:26.232811+00:00'::timestamptz),
(165, 23, true, false, 'no dietary restrictions', '2026-06-03 10:12:26.232811+00:00'::timestamptz),
(165, 24, true, false, 'no dietary restrictions', '2026-06-03 10:12:26.232811+00:00'::timestamptz),
(165, 25, true, false, 'no dietary restrictions', '2026-06-03 10:12:26.232811+00:00'::timestamptz),
(165, 26, true, false, 'no dietary restrictions', '2026-06-03 10:12:26.232811+00:00'::timestamptz),
(165, 27, true, false, 'no dietary restrictions', '2026-06-03 10:12:26.232811+00:00'::timestamptz),
(165, 28, true, false, 'no dietary restrictions', '2026-06-03 10:12:26.232811+00:00'::timestamptz),
(165, 29, true, false, 'no dietary restrictions', '2026-06-03 10:12:26.232811+00:00'::timestamptz),
(165, 30, true, false, 'no dietary restrictions', '2026-06-03 10:12:26.232811+00:00'::timestamptz),
(166, 21, true, false, 'no dietary restrictions', '2026-06-03 10:13:00.457989+00:00'::timestamptz),
(166, 22, true, false, 'no dietary restrictions', '2026-06-03 10:13:00.457989+00:00'::timestamptz),
(166, 23, true, false, 'no dietary restrictions', '2026-06-03 10:13:00.457989+00:00'::timestamptz),
(166, 24, true, false, 'no dietary restrictions', '2026-06-03 10:13:00.457989+00:00'::timestamptz),
(166, 25, true, false, 'no dietary restrictions', '2026-06-03 10:13:00.457989+00:00'::timestamptz),
(166, 26, true, false, 'no dietary restrictions', '2026-06-03 10:13:00.457989+00:00'::timestamptz),
(166, 27, true, false, 'no dietary restrictions', '2026-06-03 10:13:00.457989+00:00'::timestamptz),
(166, 28, true, false, 'no dietary restrictions', '2026-06-03 10:13:00.457989+00:00'::timestamptz),
(166, 29, true, false, 'no dietary restrictions', '2026-06-03 10:13:00.457989+00:00'::timestamptz),
(166, 30, true, false, 'no dietary restrictions', '2026-06-03 10:13:00.457989+00:00'::timestamptz),
(168, 21, true, false, 'no dietary restrictions', '2026-06-03 10:12:26.213326+00:00'::timestamptz),
(168, 22, true, false, 'no dietary restrictions', '2026-06-03 10:12:26.213326+00:00'::timestamptz),
(168, 23, true, false, 'no dietary restrictions', '2026-06-03 10:12:26.213326+00:00'::timestamptz),
(168, 24, true, false, 'no dietary restrictions', '2026-06-03 10:12:26.213326+00:00'::timestamptz),
(168, 25, true, false, 'no dietary restrictions', '2026-06-03 10:12:26.213326+00:00'::timestamptz),
(168, 26, true, false, 'no dietary restrictions', '2026-06-03 10:12:26.213326+00:00'::timestamptz),
(168, 27, true, false, 'no dietary restrictions', '2026-06-03 10:12:26.213326+00:00'::timestamptz),
(168, 28, true, false, 'no dietary restrictions', '2026-06-03 10:12:26.213326+00:00'::timestamptz),
(168, 29, true, false, 'no dietary restrictions', '2026-06-03 10:12:26.213326+00:00'::timestamptz),
(168, 30, true, false, 'no dietary restrictions', '2026-06-03 10:12:26.213326+00:00'::timestamptz),
(169, 21, true, false, 'no dietary restrictions', '2026-06-03 10:13:02.702424+00:00'::timestamptz),
(169, 22, true, false, 'no dietary restrictions', '2026-06-03 10:13:02.702424+00:00'::timestamptz),
(169, 23, true, false, 'no dietary restrictions', '2026-06-03 10:13:02.702424+00:00'::timestamptz),
(169, 24, true, false, 'no dietary restrictions', '2026-06-03 10:13:02.702424+00:00'::timestamptz),
(169, 25, true, false, 'no dietary restrictions', '2026-06-03 10:13:02.702424+00:00'::timestamptz),
(169, 26, true, false, 'no dietary restrictions', '2026-06-03 10:13:02.702424+00:00'::timestamptz),
(169, 27, true, false, 'no dietary restrictions', '2026-06-03 10:13:02.702424+00:00'::timestamptz),
(169, 28, true, false, 'no dietary restrictions', '2026-06-03 10:13:02.702424+00:00'::timestamptz),
(169, 29, true, false, 'no dietary restrictions', '2026-06-03 10:13:02.702424+00:00'::timestamptz),
(169, 30, true, false, 'no dietary restrictions', '2026-06-03 10:13:02.702424+00:00'::timestamptz),
(170, 21, true, false, 'no dietary restrictions', '2026-06-03 10:13:03.892901+00:00'::timestamptz),
(170, 22, true, false, 'no dietary restrictions', '2026-06-03 10:13:03.892901+00:00'::timestamptz),
(170, 23, true, false, 'no dietary restrictions', '2026-06-03 10:13:03.892901+00:00'::timestamptz),
(170, 24, true, false, 'no dietary restrictions', '2026-06-03 10:13:03.892901+00:00'::timestamptz),
(170, 25, true, false, 'no dietary restrictions', '2026-06-03 10:13:03.892901+00:00'::timestamptz),
(170, 26, true, false, 'no dietary restrictions', '2026-06-03 10:13:03.892901+00:00'::timestamptz),
(170, 27, true, false, 'no dietary restrictions', '2026-06-03 10:13:03.892901+00:00'::timestamptz),
(170, 28, true, false, 'no dietary restrictions', '2026-06-03 10:13:03.892901+00:00'::timestamptz),
(170, 29, true, false, 'no dietary restrictions', '2026-06-03 10:13:03.892901+00:00'::timestamptz),
(170, 30, true, false, 'no dietary restrictions', '2026-06-03 10:13:03.892901+00:00'::timestamptz),
(171, 21, true, false, 'Item is certified no_beef. Contents are lamb, wheat wrap, and yoghurt sauce — no beef present. All restrictions satisfied.', '2026-06-03 10:12:37.681871+00:00'::timestamptz),
(171, 22, true, false, 'Item is certified no_beef. Contents are crumbed chicken, chips, and salad — no beef present. All restrictions satisfied.', '2026-06-03 10:12:37.681871+00:00'::timestamptz),
(171, 23, true, false, 'Item is certified no_beef. Contents are crumbed chicken, rice, and katsu sauce — no beef present. All restrictions satisfied.', '2026-06-03 10:12:37.681871+00:00'::timestamptz),
(171, 24, true, false, 'Item is certified no_beef. Contents are salmon, rice, teriyaki, and vegetables — no beef present. All restrictions satisfied.', '2026-06-03 10:12:37.681871+00:00'::timestamptz),
(171, 25, true, false, 'Item is certified no_beef. No beef in stated contents (fried chicken and rice). All restrictions satisfied.', '2026-06-03 10:12:37.681871+00:00'::timestamptz),
(171, 26, true, false, 'Item is certified no_beef. Contents contain no beef. The only restriction required is no_beef, which is satisfied.', '2026-06-03 10:12:37.681871+00:00'::timestamptz),
(171, 27, false, false, 'Beef is listed as a primary ingredient and no tweak removes it. Directly violates the no_beef requirement.', '2026-06-03 10:12:37.681871+00:00'::timestamptz),
(171, 28, false, false, 'Beef is listed as a primary ingredient and no tweak removes it. Directly violates the no_beef requirement.', '2026-06-03 10:12:37.681871+00:00'::timestamptz),
(171, 29, true, false, 'Item is certified no_beef. Contents are chicken, capsicum, pineapple, and rice — no beef present. All restrictions satisfied.', '2026-06-03 10:12:37.681871+00:00'::timestamptz),
(171, 30, true, false, 'Item is certified no_beef. Contents are wheat noodles, honey soy, and vegetables — no beef present. All restrictions satisfied.', '2026-06-03 10:12:37.681871+00:00'::timestamptz),
(172, 21, true, false, 'no dietary restrictions', '2026-06-03 10:12:28.292705+00:00'::timestamptz),
(172, 22, true, false, 'no dietary restrictions', '2026-06-03 10:12:28.292705+00:00'::timestamptz),
(172, 23, true, false, 'no dietary restrictions', '2026-06-03 10:12:28.292705+00:00'::timestamptz),
(172, 24, true, false, 'no dietary restrictions', '2026-06-03 10:12:28.292705+00:00'::timestamptz),
(172, 25, true, false, 'no dietary restrictions', '2026-06-03 10:12:28.292705+00:00'::timestamptz),
(172, 26, true, false, 'no dietary restrictions', '2026-06-03 10:12:28.292705+00:00'::timestamptz),
(172, 27, true, false, 'no dietary restrictions', '2026-06-03 10:12:28.292705+00:00'::timestamptz),
(172, 28, true, false, 'no dietary restrictions', '2026-06-03 10:12:28.292705+00:00'::timestamptz),
(172, 29, true, false, 'no dietary restrictions', '2026-06-03 10:12:28.292705+00:00'::timestamptz),
(172, 30, true, false, 'no dietary restrictions', '2026-06-03 10:12:28.292705+00:00'::timestamptz),
(173, 21, true, false, 'no dietary restrictions', '2026-06-03 10:12:54.357799+00:00'::timestamptz),
(173, 22, true, false, 'no dietary restrictions', '2026-06-03 10:12:54.357799+00:00'::timestamptz),
(173, 23, true, false, 'no dietary restrictions', '2026-06-03 10:12:54.357799+00:00'::timestamptz),
(173, 24, true, false, 'no dietary restrictions', '2026-06-03 10:12:54.357799+00:00'::timestamptz),
(173, 25, true, false, 'no dietary restrictions', '2026-06-03 10:12:54.357799+00:00'::timestamptz),
(173, 26, true, false, 'no dietary restrictions', '2026-06-03 10:12:54.357799+00:00'::timestamptz),
(173, 27, true, false, 'no dietary restrictions', '2026-06-03 10:12:54.357799+00:00'::timestamptz),
(173, 28, true, false, 'no dietary restrictions', '2026-06-03 10:12:54.357799+00:00'::timestamptz),
(173, 29, true, false, 'no dietary restrictions', '2026-06-03 10:12:54.357799+00:00'::timestamptz),
(173, 30, true, false, 'no dietary restrictions', '2026-06-03 10:12:54.357799+00:00'::timestamptz),
(174, 21, true, false, 'no dietary restrictions', '2026-06-03 10:12:49.973326+00:00'::timestamptz);
INSERT INTO student_eligible_meals (enrolment_id, menu_item_id, eligible, needs_tweak, rationale, computed_at) VALUES
(174, 22, true, false, 'no dietary restrictions', '2026-06-03 10:12:49.973326+00:00'::timestamptz),
(174, 23, true, false, 'no dietary restrictions', '2026-06-03 10:12:49.973326+00:00'::timestamptz),
(174, 24, true, false, 'no dietary restrictions', '2026-06-03 10:12:49.973326+00:00'::timestamptz),
(174, 25, true, false, 'no dietary restrictions', '2026-06-03 10:12:49.973326+00:00'::timestamptz),
(174, 26, true, false, 'no dietary restrictions', '2026-06-03 10:12:49.973326+00:00'::timestamptz),
(174, 27, true, false, 'no dietary restrictions', '2026-06-03 10:12:49.973326+00:00'::timestamptz),
(174, 28, true, false, 'no dietary restrictions', '2026-06-03 10:12:49.973326+00:00'::timestamptz),
(174, 29, true, false, 'no dietary restrictions', '2026-06-03 10:12:49.973326+00:00'::timestamptz),
(174, 30, true, false, 'no dietary restrictions', '2026-06-03 10:12:49.973326+00:00'::timestamptz),
(175, 21, true, false, 'Item is certified halal, satisfying the student''s only requirement.', '2026-06-03 10:12:31.777978+00:00'::timestamptz),
(175, 22, true, false, 'Item is certified halal, satisfying the student''s only requirement.', '2026-06-03 10:12:31.777978+00:00'::timestamptz),
(175, 23, true, false, 'Item is certified halal, satisfying the student''s only requirement.', '2026-06-03 10:12:31.777978+00:00'::timestamptz),
(175, 24, true, false, 'Item is certified halal, satisfying the student''s only requirement.', '2026-06-03 10:12:31.777978+00:00'::timestamptz),
(175, 25, true, false, 'Item is certified halal, satisfying the student''s only requirement.', '2026-06-03 10:12:31.777978+00:00'::timestamptz),
(175, 26, true, false, 'Item is certified halal, satisfying the student''s only requirement.', '2026-06-03 10:12:31.777978+00:00'::timestamptz),
(175, 27, true, false, 'Item is certified halal, satisfying the student''s only requirement.', '2026-06-03 10:12:31.777978+00:00'::timestamptz),
(175, 28, true, false, 'Item is certified halal, satisfying the student''s only requirement.', '2026-06-03 10:12:31.777978+00:00'::timestamptz),
(175, 29, true, false, 'Item is certified halal, satisfying the student''s only requirement.', '2026-06-03 10:12:31.777978+00:00'::timestamptz),
(175, 30, true, false, 'Item is certified halal, satisfying the student''s only requirement.', '2026-06-03 10:12:31.777978+00:00'::timestamptz),
(177, 21, true, false, 'no dietary restrictions', '2026-06-03 10:12:58.697803+00:00'::timestamptz),
(177, 22, true, false, 'no dietary restrictions', '2026-06-03 10:12:58.697803+00:00'::timestamptz),
(177, 23, true, false, 'no dietary restrictions', '2026-06-03 10:12:58.697803+00:00'::timestamptz),
(177, 24, true, false, 'no dietary restrictions', '2026-06-03 10:12:58.697803+00:00'::timestamptz),
(177, 25, true, false, 'no dietary restrictions', '2026-06-03 10:12:58.697803+00:00'::timestamptz),
(177, 26, true, false, 'no dietary restrictions', '2026-06-03 10:12:58.697803+00:00'::timestamptz),
(177, 27, true, false, 'no dietary restrictions', '2026-06-03 10:12:58.697803+00:00'::timestamptz),
(177, 28, true, false, 'no dietary restrictions', '2026-06-03 10:12:58.697803+00:00'::timestamptz),
(177, 29, true, false, 'no dietary restrictions', '2026-06-03 10:12:58.697803+00:00'::timestamptz),
(177, 30, true, false, 'no dietary restrictions', '2026-06-03 10:12:58.697803+00:00'::timestamptz),
(178, 21, true, false, 'no dietary restrictions', '2026-06-03 10:13:04.902736+00:00'::timestamptz),
(178, 22, true, false, 'no dietary restrictions', '2026-06-03 10:13:04.902736+00:00'::timestamptz),
(178, 23, true, false, 'no dietary restrictions', '2026-06-03 10:13:04.902736+00:00'::timestamptz),
(178, 24, true, false, 'no dietary restrictions', '2026-06-03 10:13:04.902736+00:00'::timestamptz),
(178, 25, true, false, 'no dietary restrictions', '2026-06-03 10:13:04.902736+00:00'::timestamptz),
(178, 26, true, false, 'no dietary restrictions', '2026-06-03 10:13:04.902736+00:00'::timestamptz),
(178, 27, true, false, 'no dietary restrictions', '2026-06-03 10:13:04.902736+00:00'::timestamptz),
(178, 28, true, false, 'no dietary restrictions', '2026-06-03 10:13:04.902736+00:00'::timestamptz),
(178, 29, true, false, 'no dietary restrictions', '2026-06-03 10:13:04.902736+00:00'::timestamptz),
(178, 30, true, false, 'no dietary restrictions', '2026-06-03 10:13:04.902736+00:00'::timestamptz),
(179, 21, true, false, 'no dietary restrictions', '2026-06-03 10:12:58.426939+00:00'::timestamptz),
(179, 22, true, false, 'no dietary restrictions', '2026-06-03 10:12:58.426939+00:00'::timestamptz),
(179, 23, true, false, 'no dietary restrictions', '2026-06-03 10:12:58.426939+00:00'::timestamptz),
(179, 24, true, false, 'no dietary restrictions', '2026-06-03 10:12:58.426939+00:00'::timestamptz),
(179, 25, true, false, 'no dietary restrictions', '2026-06-03 10:12:58.426939+00:00'::timestamptz),
(179, 26, true, false, 'no dietary restrictions', '2026-06-03 10:12:58.426939+00:00'::timestamptz),
(179, 27, true, false, 'no dietary restrictions', '2026-06-03 10:12:58.426939+00:00'::timestamptz),
(179, 28, true, false, 'no dietary restrictions', '2026-06-03 10:12:58.426939+00:00'::timestamptz),
(179, 29, true, false, 'no dietary restrictions', '2026-06-03 10:12:58.426939+00:00'::timestamptz),
(179, 30, true, false, 'no dietary restrictions', '2026-06-03 10:12:58.426939+00:00'::timestamptz),
(180, 21, true, false, 'no dietary restrictions', '2026-06-03 10:12:37.017986+00:00'::timestamptz),
(180, 22, true, false, 'no dietary restrictions', '2026-06-03 10:12:37.017986+00:00'::timestamptz),
(180, 23, true, false, 'no dietary restrictions', '2026-06-03 10:12:37.017986+00:00'::timestamptz),
(180, 24, true, false, 'no dietary restrictions', '2026-06-03 10:12:37.017986+00:00'::timestamptz),
(180, 25, true, false, 'no dietary restrictions', '2026-06-03 10:12:37.017986+00:00'::timestamptz),
(180, 26, true, false, 'no dietary restrictions', '2026-06-03 10:12:37.017986+00:00'::timestamptz),
(180, 27, true, false, 'no dietary restrictions', '2026-06-03 10:12:37.017986+00:00'::timestamptz),
(180, 28, true, false, 'no dietary restrictions', '2026-06-03 10:12:37.017986+00:00'::timestamptz),
(180, 29, true, false, 'no dietary restrictions', '2026-06-03 10:12:37.017986+00:00'::timestamptz),
(180, 30, true, false, 'no dietary restrictions', '2026-06-03 10:12:37.017986+00:00'::timestamptz),
(181, 21, true, false, 'no dietary restrictions', '2026-06-03 10:12:30.412288+00:00'::timestamptz),
(181, 22, true, false, 'no dietary restrictions', '2026-06-03 10:12:30.412288+00:00'::timestamptz),
(181, 23, true, false, 'no dietary restrictions', '2026-06-03 10:12:30.412288+00:00'::timestamptz),
(181, 24, true, false, 'no dietary restrictions', '2026-06-03 10:12:30.412288+00:00'::timestamptz),
(181, 25, true, false, 'no dietary restrictions', '2026-06-03 10:12:30.412288+00:00'::timestamptz),
(181, 26, true, false, 'no dietary restrictions', '2026-06-03 10:12:30.412288+00:00'::timestamptz),
(181, 27, true, false, 'no dietary restrictions', '2026-06-03 10:12:30.412288+00:00'::timestamptz),
(181, 28, true, false, 'no dietary restrictions', '2026-06-03 10:12:30.412288+00:00'::timestamptz),
(181, 29, true, false, 'no dietary restrictions', '2026-06-03 10:12:30.412288+00:00'::timestamptz),
(181, 30, true, false, 'no dietary restrictions', '2026-06-03 10:12:30.412288+00:00'::timestamptz),
(182, 21, true, false, 'no dietary restrictions', '2026-06-03 10:13:04.602882+00:00'::timestamptz),
(182, 22, true, false, 'no dietary restrictions', '2026-06-03 10:13:04.602882+00:00'::timestamptz),
(182, 23, true, false, 'no dietary restrictions', '2026-06-03 10:13:04.602882+00:00'::timestamptz),
(182, 24, true, false, 'no dietary restrictions', '2026-06-03 10:13:04.602882+00:00'::timestamptz),
(182, 25, true, false, 'no dietary restrictions', '2026-06-03 10:13:04.602882+00:00'::timestamptz),
(182, 26, true, false, 'no dietary restrictions', '2026-06-03 10:13:04.602882+00:00'::timestamptz),
(182, 27, true, false, 'no dietary restrictions', '2026-06-03 10:13:04.602882+00:00'::timestamptz),
(182, 28, true, false, 'no dietary restrictions', '2026-06-03 10:13:04.602882+00:00'::timestamptz),
(182, 29, true, false, 'no dietary restrictions', '2026-06-03 10:13:04.602882+00:00'::timestamptz),
(182, 30, true, false, 'no dietary restrictions', '2026-06-03 10:13:04.602882+00:00'::timestamptz),
(184, 21, true, false, 'no dietary restrictions', '2026-06-03 10:12:54.452464+00:00'::timestamptz),
(184, 22, true, false, 'no dietary restrictions', '2026-06-03 10:12:54.452464+00:00'::timestamptz),
(184, 23, true, false, 'no dietary restrictions', '2026-06-03 10:12:54.452464+00:00'::timestamptz),
(184, 24, true, false, 'no dietary restrictions', '2026-06-03 10:12:54.452464+00:00'::timestamptz),
(184, 25, true, false, 'no dietary restrictions', '2026-06-03 10:12:54.452464+00:00'::timestamptz),
(184, 26, true, false, 'no dietary restrictions', '2026-06-03 10:12:54.452464+00:00'::timestamptz),
(184, 27, true, false, 'no dietary restrictions', '2026-06-03 10:12:54.452464+00:00'::timestamptz),
(184, 28, true, false, 'no dietary restrictions', '2026-06-03 10:12:54.452464+00:00'::timestamptz),
(184, 29, true, false, 'no dietary restrictions', '2026-06-03 10:12:54.452464+00:00'::timestamptz),
(184, 30, true, false, 'no dietary restrictions', '2026-06-03 10:12:54.452464+00:00'::timestamptz),
(185, 21, false, false, 'Contains lamb (red meat), which violates the vegetarian requirement. No tweak removes the meat.', '2026-06-03 10:12:44.206150+00:00'::timestamptz),
(185, 22, false, false, 'Contains crumbed chicken (meat), which violates the vegetarian requirement. No tweak removes the meat.', '2026-06-03 10:12:44.206150+00:00'::timestamptz),
(185, 23, false, false, 'Contains crumbed chicken katsu (meat), which violates the vegetarian requirement. No tweak removes the meat.', '2026-06-03 10:12:44.206150+00:00'::timestamptz),
(185, 24, false, false, 'Contains salmon (seafood), which violates the vegetarian requirement. No tweak removes the seafood.', '2026-06-03 10:12:44.206150+00:00'::timestamptz),
(185, 25, false, false, 'Contains fried chicken (meat), which violates the vegetarian requirement. No tweak removes the meat.', '2026-06-03 10:12:44.206150+00:00'::timestamptz),
(185, 26, true, true, 'The base item may contain meat/seafood (broth may contain seafood), but the stated tweak ''Vegetarian option available on request'' removes those ingredients, satisfying the vegetarian requirement.', '2026-06-03 10:12:44.206150+00:00'::timestamptz),
(185, 27, false, false, 'Contains beef (meat), which violates the vegetarian requirement. No tweak removes the meat.', '2026-06-03 10:12:44.206150+00:00'::timestamptz),
(185, 28, false, false, 'Contains beef (meat), which violates the vegetarian requirement. No tweak removes the meat.', '2026-06-03 10:12:44.206150+00:00'::timestamptz),
(185, 29, true, true, 'The base item contains chicken (meat), but the stated tweak ''Vegetarian option available on request'' removes the meat, satisfying the vegetarian requirement.', '2026-06-03 10:12:44.206150+00:00'::timestamptz),
(185, 30, true, true, 'The base item may contain meat, but the stated tweak ''Vegetarian option available on request'' removes the meat, satisfying the vegetarian requirement.', '2026-06-03 10:12:44.206150+00:00'::timestamptz),
(186, 21, true, false, 'no dietary restrictions', '2026-06-03 10:13:00.537323+00:00'::timestamptz);
INSERT INTO student_eligible_meals (enrolment_id, menu_item_id, eligible, needs_tweak, rationale, computed_at) VALUES
(186, 22, true, false, 'no dietary restrictions', '2026-06-03 10:13:00.537323+00:00'::timestamptz),
(186, 23, true, false, 'no dietary restrictions', '2026-06-03 10:13:00.537323+00:00'::timestamptz),
(186, 24, true, false, 'no dietary restrictions', '2026-06-03 10:13:00.537323+00:00'::timestamptz),
(186, 25, true, false, 'no dietary restrictions', '2026-06-03 10:13:00.537323+00:00'::timestamptz),
(186, 26, true, false, 'no dietary restrictions', '2026-06-03 10:13:00.537323+00:00'::timestamptz),
(186, 27, true, false, 'no dietary restrictions', '2026-06-03 10:13:00.537323+00:00'::timestamptz),
(186, 28, true, false, 'no dietary restrictions', '2026-06-03 10:13:00.537323+00:00'::timestamptz),
(186, 29, true, false, 'no dietary restrictions', '2026-06-03 10:13:00.537323+00:00'::timestamptz),
(186, 30, true, false, 'no dietary restrictions', '2026-06-03 10:13:00.537323+00:00'::timestamptz),
(187, 21, true, false, 'no dietary restrictions', '2026-06-03 10:12:56.424054+00:00'::timestamptz),
(187, 22, true, false, 'no dietary restrictions', '2026-06-03 10:12:56.424054+00:00'::timestamptz),
(187, 23, true, false, 'no dietary restrictions', '2026-06-03 10:12:56.424054+00:00'::timestamptz),
(187, 24, true, false, 'no dietary restrictions', '2026-06-03 10:12:56.424054+00:00'::timestamptz),
(187, 25, true, false, 'no dietary restrictions', '2026-06-03 10:12:56.424054+00:00'::timestamptz),
(187, 26, true, false, 'no dietary restrictions', '2026-06-03 10:12:56.424054+00:00'::timestamptz),
(187, 27, true, false, 'no dietary restrictions', '2026-06-03 10:12:56.424054+00:00'::timestamptz),
(187, 28, true, false, 'no dietary restrictions', '2026-06-03 10:12:56.424054+00:00'::timestamptz),
(187, 29, true, false, 'no dietary restrictions', '2026-06-03 10:12:56.424054+00:00'::timestamptz),
(187, 30, true, false, 'no dietary restrictions', '2026-06-03 10:12:56.424054+00:00'::timestamptz),
(188, 21, true, false, 'Item is certified halal, satisfying the student''s only dietary requirement.', '2026-06-03 10:12:38.954170+00:00'::timestamptz),
(188, 22, true, false, 'Item is certified halal, satisfying the student''s only dietary requirement.', '2026-06-03 10:12:38.954170+00:00'::timestamptz),
(188, 23, true, false, 'Item is certified halal, satisfying the student''s only dietary requirement.', '2026-06-03 10:12:38.954170+00:00'::timestamptz),
(188, 24, true, false, 'Item is certified halal, satisfying the student''s only dietary requirement.', '2026-06-03 10:12:38.954170+00:00'::timestamptz),
(188, 25, true, false, 'Item is certified halal, satisfying the student''s only dietary requirement.', '2026-06-03 10:12:38.954170+00:00'::timestamptz),
(188, 26, true, false, 'Item is certified halal, satisfying the student''s only dietary requirement.', '2026-06-03 10:12:38.954170+00:00'::timestamptz),
(188, 27, true, false, 'Item is certified halal, satisfying the student''s only dietary requirement.', '2026-06-03 10:12:38.954170+00:00'::timestamptz),
(188, 28, true, false, 'Item is certified halal, satisfying the student''s only dietary requirement.', '2026-06-03 10:12:38.954170+00:00'::timestamptz),
(188, 29, true, false, 'Item is certified halal, satisfying the student''s only dietary requirement.', '2026-06-03 10:12:38.954170+00:00'::timestamptz),
(188, 30, true, false, 'Item is certified halal, satisfying the student''s only dietary requirement.', '2026-06-03 10:12:38.954170+00:00'::timestamptz),
(189, 21, true, false, 'no dietary restrictions', '2026-06-03 10:13:07.007391+00:00'::timestamptz),
(189, 22, true, false, 'no dietary restrictions', '2026-06-03 10:13:07.007391+00:00'::timestamptz),
(189, 23, true, false, 'no dietary restrictions', '2026-06-03 10:13:07.007391+00:00'::timestamptz),
(189, 24, true, false, 'no dietary restrictions', '2026-06-03 10:13:07.007391+00:00'::timestamptz),
(189, 25, true, false, 'no dietary restrictions', '2026-06-03 10:13:07.007391+00:00'::timestamptz),
(189, 26, true, false, 'no dietary restrictions', '2026-06-03 10:13:07.007391+00:00'::timestamptz),
(189, 27, true, false, 'no dietary restrictions', '2026-06-03 10:13:07.007391+00:00'::timestamptz),
(189, 28, true, false, 'no dietary restrictions', '2026-06-03 10:13:07.007391+00:00'::timestamptz),
(189, 29, true, false, 'no dietary restrictions', '2026-06-03 10:13:07.007391+00:00'::timestamptz),
(189, 30, true, false, 'no dietary restrictions', '2026-06-03 10:13:07.007391+00:00'::timestamptz),
(190, 21, true, false, 'no dietary restrictions', '2026-06-03 10:13:06.977191+00:00'::timestamptz),
(190, 22, true, false, 'no dietary restrictions', '2026-06-03 10:13:06.977191+00:00'::timestamptz),
(190, 23, true, false, 'no dietary restrictions', '2026-06-03 10:13:06.977191+00:00'::timestamptz),
(190, 24, true, false, 'no dietary restrictions', '2026-06-03 10:13:06.977191+00:00'::timestamptz),
(190, 25, true, false, 'no dietary restrictions', '2026-06-03 10:13:06.977191+00:00'::timestamptz),
(190, 26, true, false, 'no dietary restrictions', '2026-06-03 10:13:06.977191+00:00'::timestamptz),
(190, 27, true, false, 'no dietary restrictions', '2026-06-03 10:13:06.977191+00:00'::timestamptz),
(190, 28, true, false, 'no dietary restrictions', '2026-06-03 10:13:06.977191+00:00'::timestamptz),
(190, 29, true, false, 'no dietary restrictions', '2026-06-03 10:13:06.977191+00:00'::timestamptz),
(190, 30, true, false, 'no dietary restrictions', '2026-06-03 10:13:06.977191+00:00'::timestamptz),
(191, 21, true, false, 'Contents explicitly state nut-free, and the item is certified no_nuts. No nut risk present.', '2026-06-03 10:12:40.364336+00:00'::timestamptz),
(191, 22, true, false, 'Contents explicitly state nut-free, and the item is certified no_nuts. No nut risk present.', '2026-06-03 10:12:40.364336+00:00'::timestamptz),
(191, 23, true, false, 'Contents explicitly state nut-free, and the item is certified no_nuts. No nut risk present.', '2026-06-03 10:12:40.364336+00:00'::timestamptz),
(191, 24, true, false, 'Contents explicitly state nut-free, and the item is certified no_nuts. No nut risk present.', '2026-06-03 10:12:40.364336+00:00'::timestamptz),
(191, 25, true, false, 'Contents explicitly state nut-free, and the item is certified no_nuts. No nut risk present.', '2026-06-03 10:12:40.364336+00:00'::timestamptz),
(192, 21, true, false, 'no dietary restrictions', '2026-06-03 10:13:04.522141+00:00'::timestamptz),
(192, 22, true, false, 'no dietary restrictions', '2026-06-03 10:13:04.522141+00:00'::timestamptz),
(192, 23, true, false, 'no dietary restrictions', '2026-06-03 10:13:04.522141+00:00'::timestamptz),
(192, 24, true, false, 'no dietary restrictions', '2026-06-03 10:13:04.522141+00:00'::timestamptz),
(192, 25, true, false, 'no dietary restrictions', '2026-06-03 10:13:04.522141+00:00'::timestamptz),
(192, 26, true, false, 'no dietary restrictions', '2026-06-03 10:13:04.522141+00:00'::timestamptz),
(192, 27, true, false, 'no dietary restrictions', '2026-06-03 10:13:04.522141+00:00'::timestamptz),
(192, 28, true, false, 'no dietary restrictions', '2026-06-03 10:13:04.522141+00:00'::timestamptz),
(192, 29, true, false, 'no dietary restrictions', '2026-06-03 10:13:04.522141+00:00'::timestamptz),
(192, 30, true, false, 'no dietary restrictions', '2026-06-03 10:13:04.522141+00:00'::timestamptz),
(193, 21, true, false, 'no dietary restrictions', '2026-06-03 10:12:53.361692+00:00'::timestamptz),
(193, 22, true, false, 'no dietary restrictions', '2026-06-03 10:12:53.361692+00:00'::timestamptz),
(193, 23, true, false, 'no dietary restrictions', '2026-06-03 10:12:53.361692+00:00'::timestamptz),
(193, 24, true, false, 'no dietary restrictions', '2026-06-03 10:12:53.361692+00:00'::timestamptz),
(193, 25, true, false, 'no dietary restrictions', '2026-06-03 10:12:53.361692+00:00'::timestamptz),
(193, 26, true, false, 'no dietary restrictions', '2026-06-03 10:12:53.361692+00:00'::timestamptz),
(193, 27, true, false, 'no dietary restrictions', '2026-06-03 10:12:53.361692+00:00'::timestamptz),
(193, 28, true, false, 'no dietary restrictions', '2026-06-03 10:12:53.361692+00:00'::timestamptz),
(193, 29, true, false, 'no dietary restrictions', '2026-06-03 10:12:53.361692+00:00'::timestamptz),
(193, 30, true, false, 'no dietary restrictions', '2026-06-03 10:12:53.361692+00:00'::timestamptz),
(194, 21, true, false, 'Item is certified halal, satisfying the student''s only dietary requirement.', '2026-06-03 10:13:08.093047+00:00'::timestamptz),
(194, 22, true, false, 'Item is certified halal, satisfying the student''s only dietary requirement.', '2026-06-03 10:13:08.093047+00:00'::timestamptz),
(194, 23, true, false, 'Item is certified halal, satisfying the student''s only dietary requirement.', '2026-06-03 10:13:08.093047+00:00'::timestamptz),
(194, 24, true, false, 'Item is certified halal, satisfying the student''s only dietary requirement.', '2026-06-03 10:13:08.093047+00:00'::timestamptz),
(194, 25, true, false, 'Item is certified halal, satisfying the student''s only dietary requirement.', '2026-06-03 10:13:08.093047+00:00'::timestamptz),
(194, 26, true, false, 'Item is certified halal, satisfying the student''s only dietary requirement.', '2026-06-03 10:13:08.093047+00:00'::timestamptz),
(194, 27, true, false, 'Item is certified halal, satisfying the student''s only dietary requirement.', '2026-06-03 10:13:08.093047+00:00'::timestamptz),
(194, 28, true, false, 'Item is certified halal, satisfying the student''s only dietary requirement.', '2026-06-03 10:13:08.093047+00:00'::timestamptz),
(194, 29, true, false, 'Item is certified halal, satisfying the student''s only dietary requirement.', '2026-06-03 10:13:08.093047+00:00'::timestamptz),
(194, 30, true, false, 'Item is certified halal, satisfying the student''s only dietary requirement.', '2026-06-03 10:13:08.093047+00:00'::timestamptz),
(195, 21, true, false, 'no dietary restrictions', '2026-06-03 10:12:47.092391+00:00'::timestamptz),
(195, 22, true, false, 'no dietary restrictions', '2026-06-03 10:12:47.092391+00:00'::timestamptz),
(195, 23, true, false, 'no dietary restrictions', '2026-06-03 10:12:47.092391+00:00'::timestamptz),
(195, 24, true, false, 'no dietary restrictions', '2026-06-03 10:12:47.092391+00:00'::timestamptz),
(195, 25, true, false, 'no dietary restrictions', '2026-06-03 10:12:47.092391+00:00'::timestamptz),
(195, 26, true, false, 'no dietary restrictions', '2026-06-03 10:12:47.092391+00:00'::timestamptz),
(195, 27, true, false, 'no dietary restrictions', '2026-06-03 10:12:47.092391+00:00'::timestamptz),
(195, 28, true, false, 'no dietary restrictions', '2026-06-03 10:12:47.092391+00:00'::timestamptz),
(195, 29, true, false, 'no dietary restrictions', '2026-06-03 10:12:47.092391+00:00'::timestamptz),
(195, 30, true, false, 'no dietary restrictions', '2026-06-03 10:12:47.092391+00:00'::timestamptz),
(196, 21, true, false, 'no dietary restrictions', '2026-06-03 10:12:24.167555+00:00'::timestamptz),
(196, 22, true, false, 'no dietary restrictions', '2026-06-03 10:12:24.167555+00:00'::timestamptz),
(196, 23, true, false, 'no dietary restrictions', '2026-06-03 10:12:24.167555+00:00'::timestamptz),
(196, 24, true, false, 'no dietary restrictions', '2026-06-03 10:12:24.167555+00:00'::timestamptz),
(196, 25, true, false, 'no dietary restrictions', '2026-06-03 10:12:24.167555+00:00'::timestamptz),
(196, 26, true, false, 'no dietary restrictions', '2026-06-03 10:12:24.167555+00:00'::timestamptz);
INSERT INTO student_eligible_meals (enrolment_id, menu_item_id, eligible, needs_tweak, rationale, computed_at) VALUES
(196, 27, true, false, 'no dietary restrictions', '2026-06-03 10:12:24.167555+00:00'::timestamptz),
(196, 28, true, false, 'no dietary restrictions', '2026-06-03 10:12:24.167555+00:00'::timestamptz),
(196, 29, true, false, 'no dietary restrictions', '2026-06-03 10:12:24.167555+00:00'::timestamptz),
(196, 30, true, false, 'no dietary restrictions', '2026-06-03 10:12:24.167555+00:00'::timestamptz),
(197, 21, true, false, 'no dietary restrictions', '2026-06-03 10:12:30.408140+00:00'::timestamptz),
(197, 22, true, false, 'no dietary restrictions', '2026-06-03 10:12:30.408140+00:00'::timestamptz),
(197, 23, true, false, 'no dietary restrictions', '2026-06-03 10:12:30.408140+00:00'::timestamptz),
(197, 24, true, false, 'no dietary restrictions', '2026-06-03 10:12:30.408140+00:00'::timestamptz),
(197, 25, true, false, 'no dietary restrictions', '2026-06-03 10:12:30.408140+00:00'::timestamptz),
(197, 26, true, false, 'no dietary restrictions', '2026-06-03 10:12:30.408140+00:00'::timestamptz),
(197, 27, true, false, 'no dietary restrictions', '2026-06-03 10:12:30.408140+00:00'::timestamptz),
(197, 28, true, false, 'no dietary restrictions', '2026-06-03 10:12:30.408140+00:00'::timestamptz),
(197, 29, true, false, 'no dietary restrictions', '2026-06-03 10:12:30.408140+00:00'::timestamptz),
(197, 30, true, false, 'no dietary restrictions', '2026-06-03 10:12:30.408140+00:00'::timestamptz),
(198, 21, true, false, 'no dietary restrictions', '2026-06-03 10:12:45.047579+00:00'::timestamptz),
(198, 22, true, false, 'no dietary restrictions', '2026-06-03 10:12:45.047579+00:00'::timestamptz),
(198, 23, true, false, 'no dietary restrictions', '2026-06-03 10:12:45.047579+00:00'::timestamptz),
(198, 24, true, false, 'no dietary restrictions', '2026-06-03 10:12:45.047579+00:00'::timestamptz),
(198, 25, true, false, 'no dietary restrictions', '2026-06-03 10:12:45.047579+00:00'::timestamptz),
(198, 26, true, false, 'no dietary restrictions', '2026-06-03 10:12:45.047579+00:00'::timestamptz),
(198, 27, true, false, 'no dietary restrictions', '2026-06-03 10:12:45.047579+00:00'::timestamptz),
(198, 28, true, false, 'no dietary restrictions', '2026-06-03 10:12:45.047579+00:00'::timestamptz),
(198, 29, true, false, 'no dietary restrictions', '2026-06-03 10:12:45.047579+00:00'::timestamptz),
(198, 30, true, false, 'no dietary restrictions', '2026-06-03 10:12:45.047579+00:00'::timestamptz),
(199, 21, true, false, 'Item is certified halal, satisfying the student''s only dietary requirement.', '2026-06-03 10:12:52.102089+00:00'::timestamptz),
(199, 22, true, false, 'Item is certified halal, satisfying the student''s only dietary requirement.', '2026-06-03 10:12:52.102089+00:00'::timestamptz),
(199, 23, true, false, 'Item is certified halal, satisfying the student''s only dietary requirement.', '2026-06-03 10:12:52.102089+00:00'::timestamptz),
(199, 24, true, false, 'Item is certified halal, satisfying the student''s only dietary requirement.', '2026-06-03 10:12:52.102089+00:00'::timestamptz),
(199, 25, true, false, 'Item is certified halal, satisfying the student''s only dietary requirement.', '2026-06-03 10:12:52.102089+00:00'::timestamptz),
(199, 26, true, false, 'Item is certified halal, satisfying the student''s only dietary requirement.', '2026-06-03 10:12:52.102089+00:00'::timestamptz),
(199, 27, true, false, 'Item is certified halal, satisfying the student''s only dietary requirement.', '2026-06-03 10:12:52.102089+00:00'::timestamptz),
(199, 28, true, false, 'Item is certified halal, satisfying the student''s only dietary requirement.', '2026-06-03 10:12:52.102089+00:00'::timestamptz),
(199, 29, true, false, 'Item is certified halal, satisfying the student''s only dietary requirement.', '2026-06-03 10:12:52.102089+00:00'::timestamptz),
(199, 30, true, false, 'Item is certified halal, satisfying the student''s only dietary requirement.', '2026-06-03 10:12:52.102089+00:00'::timestamptz),
(200, 21, true, false, 'no dietary restrictions', '2026-06-03 10:12:46.467012+00:00'::timestamptz),
(200, 22, true, false, 'no dietary restrictions', '2026-06-03 10:12:46.467012+00:00'::timestamptz),
(200, 23, true, false, 'no dietary restrictions', '2026-06-03 10:12:46.467012+00:00'::timestamptz),
(200, 24, true, false, 'no dietary restrictions', '2026-06-03 10:12:46.467012+00:00'::timestamptz),
(200, 25, true, false, 'no dietary restrictions', '2026-06-03 10:12:46.467012+00:00'::timestamptz),
(200, 26, true, false, 'no dietary restrictions', '2026-06-03 10:12:46.467012+00:00'::timestamptz),
(200, 27, true, false, 'no dietary restrictions', '2026-06-03 10:12:46.467012+00:00'::timestamptz),
(200, 28, true, false, 'no dietary restrictions', '2026-06-03 10:12:46.467012+00:00'::timestamptz),
(200, 29, true, false, 'no dietary restrictions', '2026-06-03 10:12:46.467012+00:00'::timestamptz),
(200, 30, true, false, 'no dietary restrictions', '2026-06-03 10:12:46.467012+00:00'::timestamptz),
(201, 21, true, false, 'no dietary restrictions', '2026-06-03 10:12:51.315015+00:00'::timestamptz),
(201, 22, true, false, 'no dietary restrictions', '2026-06-03 10:12:51.315015+00:00'::timestamptz),
(201, 23, true, false, 'no dietary restrictions', '2026-06-03 10:12:51.315015+00:00'::timestamptz),
(201, 24, true, false, 'no dietary restrictions', '2026-06-03 10:12:51.315015+00:00'::timestamptz),
(201, 25, true, false, 'no dietary restrictions', '2026-06-03 10:12:51.315015+00:00'::timestamptz),
(201, 26, true, false, 'no dietary restrictions', '2026-06-03 10:12:51.315015+00:00'::timestamptz),
(201, 27, true, false, 'no dietary restrictions', '2026-06-03 10:12:51.315015+00:00'::timestamptz),
(201, 28, true, false, 'no dietary restrictions', '2026-06-03 10:12:51.315015+00:00'::timestamptz),
(201, 29, true, false, 'no dietary restrictions', '2026-06-03 10:12:51.315015+00:00'::timestamptz),
(201, 30, true, false, 'no dietary restrictions', '2026-06-03 10:12:51.315015+00:00'::timestamptz),
(202, 21, true, false, 'Item is certified halal, satisfying the student''s only dietary requirement.', '2026-06-03 10:12:33.042923+00:00'::timestamptz),
(202, 22, true, false, 'Item is certified halal, satisfying the student''s only dietary requirement.', '2026-06-03 10:12:33.042923+00:00'::timestamptz),
(202, 23, true, false, 'Item is certified halal, satisfying the student''s only dietary requirement.', '2026-06-03 10:12:33.042923+00:00'::timestamptz),
(202, 24, true, false, 'Item is certified halal, satisfying the student''s only dietary requirement.', '2026-06-03 10:12:33.042923+00:00'::timestamptz),
(202, 25, true, false, 'Item is certified halal, satisfying the student''s only dietary requirement.', '2026-06-03 10:12:33.042923+00:00'::timestamptz),
(202, 26, true, false, 'Item is certified halal, satisfying the student''s only dietary requirement.', '2026-06-03 10:12:33.042923+00:00'::timestamptz),
(202, 27, true, false, 'Item is certified halal, satisfying the student''s only dietary requirement.', '2026-06-03 10:12:33.042923+00:00'::timestamptz),
(202, 28, true, false, 'Item is certified halal, satisfying the student''s only dietary requirement.', '2026-06-03 10:12:33.042923+00:00'::timestamptz),
(202, 29, true, false, 'Item is certified halal, satisfying the student''s only dietary requirement.', '2026-06-03 10:12:33.042923+00:00'::timestamptz),
(202, 30, true, false, 'Item is certified halal, satisfying the student''s only dietary requirement.', '2026-06-03 10:12:33.042923+00:00'::timestamptz),
(203, 21, true, false, 'no dietary restrictions', '2026-06-03 10:12:52.741983+00:00'::timestamptz),
(203, 22, true, false, 'no dietary restrictions', '2026-06-03 10:12:52.741983+00:00'::timestamptz),
(203, 23, true, false, 'no dietary restrictions', '2026-06-03 10:12:52.741983+00:00'::timestamptz),
(203, 24, true, false, 'no dietary restrictions', '2026-06-03 10:12:52.741983+00:00'::timestamptz),
(203, 25, true, false, 'no dietary restrictions', '2026-06-03 10:12:52.741983+00:00'::timestamptz),
(203, 26, true, false, 'no dietary restrictions', '2026-06-03 10:12:52.741983+00:00'::timestamptz),
(203, 27, true, false, 'no dietary restrictions', '2026-06-03 10:12:52.741983+00:00'::timestamptz),
(203, 28, true, false, 'no dietary restrictions', '2026-06-03 10:12:52.741983+00:00'::timestamptz),
(203, 29, true, false, 'no dietary restrictions', '2026-06-03 10:12:52.741983+00:00'::timestamptz),
(203, 30, true, false, 'no dietary restrictions', '2026-06-03 10:12:52.741983+00:00'::timestamptz),
(204, 21, true, false, 'no dietary restrictions', '2026-06-03 10:12:35.132962+00:00'::timestamptz),
(204, 22, true, false, 'no dietary restrictions', '2026-06-03 10:12:35.132962+00:00'::timestamptz),
(204, 23, true, false, 'no dietary restrictions', '2026-06-03 10:12:35.132962+00:00'::timestamptz),
(204, 24, true, false, 'no dietary restrictions', '2026-06-03 10:12:35.132962+00:00'::timestamptz),
(204, 25, true, false, 'no dietary restrictions', '2026-06-03 10:12:35.132962+00:00'::timestamptz),
(204, 26, true, false, 'no dietary restrictions', '2026-06-03 10:12:35.132962+00:00'::timestamptz),
(204, 27, true, false, 'no dietary restrictions', '2026-06-03 10:12:35.132962+00:00'::timestamptz),
(204, 28, true, false, 'no dietary restrictions', '2026-06-03 10:12:35.132962+00:00'::timestamptz),
(204, 29, true, false, 'no dietary restrictions', '2026-06-03 10:12:35.132962+00:00'::timestamptz),
(204, 30, true, false, 'no dietary restrictions', '2026-06-03 10:12:35.132962+00:00'::timestamptz),
(205, 21, true, false, 'no dietary restrictions', '2026-06-03 10:12:57.737674+00:00'::timestamptz),
(205, 22, true, false, 'no dietary restrictions', '2026-06-03 10:12:57.737674+00:00'::timestamptz),
(205, 23, true, false, 'no dietary restrictions', '2026-06-03 10:12:57.737674+00:00'::timestamptz),
(205, 24, true, false, 'no dietary restrictions', '2026-06-03 10:12:57.737674+00:00'::timestamptz),
(205, 25, true, false, 'no dietary restrictions', '2026-06-03 10:12:57.737674+00:00'::timestamptz),
(205, 26, true, false, 'no dietary restrictions', '2026-06-03 10:12:57.737674+00:00'::timestamptz),
(205, 27, true, false, 'no dietary restrictions', '2026-06-03 10:12:57.737674+00:00'::timestamptz),
(205, 28, true, false, 'no dietary restrictions', '2026-06-03 10:12:57.737674+00:00'::timestamptz),
(205, 29, true, false, 'no dietary restrictions', '2026-06-03 10:12:57.737674+00:00'::timestamptz),
(205, 30, true, false, 'no dietary restrictions', '2026-06-03 10:12:57.737674+00:00'::timestamptz),
(206, 21, true, false, 'Item is certified no_pork and contains no pork ingredients. Satisfies the student''s only restriction.', '2026-06-03 10:12:56.472540+00:00'::timestamptz),
(206, 22, true, false, 'Item is certified no_pork and contains no pork ingredients. Satisfies the student''s only restriction.', '2026-06-03 10:12:56.472540+00:00'::timestamptz),
(206, 23, true, false, 'Item is certified no_pork and contains no pork ingredients. Satisfies the student''s only restriction.', '2026-06-03 10:12:56.472540+00:00'::timestamptz),
(206, 24, true, false, 'Item is certified no_pork and contains no pork ingredients. Satisfies the student''s only restriction.', '2026-06-03 10:12:56.472540+00:00'::timestamptz),
(206, 25, true, false, 'Item is certified no_pork and contains no pork ingredients. Satisfies the student''s only restriction.', '2026-06-03 10:12:56.472540+00:00'::timestamptz),
(206, 26, true, false, 'Item is certified no_pork and contains no pork ingredients. Satisfies the student''s only restriction.', '2026-06-03 10:12:56.472540+00:00'::timestamptz);
INSERT INTO student_eligible_meals (enrolment_id, menu_item_id, eligible, needs_tweak, rationale, computed_at) VALUES
(206, 27, true, false, 'Item is certified no_pork and contains no pork ingredients. Satisfies the student''s only restriction.', '2026-06-03 10:12:56.472540+00:00'::timestamptz),
(206, 28, true, false, 'Item is certified no_pork and contains no pork ingredients. Satisfies the student''s only restriction.', '2026-06-03 10:12:56.472540+00:00'::timestamptz),
(206, 29, true, false, 'Item is certified no_pork and contains no pork ingredients. Satisfies the student''s only restriction.', '2026-06-03 10:12:56.472540+00:00'::timestamptz),
(206, 30, true, false, 'Item is certified no_pork and contains no pork ingredients. Satisfies the student''s only restriction.', '2026-06-03 10:12:56.472540+00:00'::timestamptz),
(207, 21, true, false, 'no dietary restrictions', '2026-06-03 10:13:06.638778+00:00'::timestamptz),
(207, 22, true, false, 'no dietary restrictions', '2026-06-03 10:13:06.638778+00:00'::timestamptz),
(207, 23, true, false, 'no dietary restrictions', '2026-06-03 10:13:06.638778+00:00'::timestamptz),
(207, 24, true, false, 'no dietary restrictions', '2026-06-03 10:13:06.638778+00:00'::timestamptz),
(207, 25, true, false, 'no dietary restrictions', '2026-06-03 10:13:06.638778+00:00'::timestamptz),
(207, 26, true, false, 'no dietary restrictions', '2026-06-03 10:13:06.638778+00:00'::timestamptz),
(207, 27, true, false, 'no dietary restrictions', '2026-06-03 10:13:06.638778+00:00'::timestamptz),
(207, 28, true, false, 'no dietary restrictions', '2026-06-03 10:13:06.638778+00:00'::timestamptz),
(207, 29, true, false, 'no dietary restrictions', '2026-06-03 10:13:06.638778+00:00'::timestamptz),
(207, 30, true, false, 'no dietary restrictions', '2026-06-03 10:13:06.638778+00:00'::timestamptz),
(208, 21, true, false, 'no dietary restrictions', '2026-06-03 10:13:05.962129+00:00'::timestamptz),
(208, 22, true, false, 'no dietary restrictions', '2026-06-03 10:13:05.962129+00:00'::timestamptz),
(208, 23, true, false, 'no dietary restrictions', '2026-06-03 10:13:05.962129+00:00'::timestamptz),
(208, 24, true, false, 'no dietary restrictions', '2026-06-03 10:13:05.962129+00:00'::timestamptz),
(208, 25, true, false, 'no dietary restrictions', '2026-06-03 10:13:05.962129+00:00'::timestamptz),
(208, 26, true, false, 'no dietary restrictions', '2026-06-03 10:13:05.962129+00:00'::timestamptz),
(208, 27, true, false, 'no dietary restrictions', '2026-06-03 10:13:05.962129+00:00'::timestamptz),
(208, 28, true, false, 'no dietary restrictions', '2026-06-03 10:13:05.962129+00:00'::timestamptz),
(208, 29, true, false, 'no dietary restrictions', '2026-06-03 10:13:05.962129+00:00'::timestamptz),
(208, 30, true, false, 'no dietary restrictions', '2026-06-03 10:13:05.962129+00:00'::timestamptz),
(209, 21, true, false, 'Item is certified no_pork and no_seafood. Contents confirm lamb, wheat wrap, yoghurt sauce — no pork or seafood present.', '2026-06-03 10:12:33.853248+00:00'::timestamptz),
(209, 22, true, false, 'Item is certified no_pork and no_seafood. Contents confirm crumbed chicken, chips, and salad — no pork or seafood present.', '2026-06-03 10:12:33.853248+00:00'::timestamptz),
(209, 23, true, false, 'Item is certified no_pork and no_seafood. Contents confirm crumbed chicken, rice, katsu sauce — no pork or seafood present.', '2026-06-03 10:12:33.853248+00:00'::timestamptz),
(209, 24, false, false, 'Item contains salmon (explicitly listed as seafood), directly violating the no_seafood requirement. Item is only certified no_pork, not no_seafood. No tweak available to remove the salmon.', '2026-06-03 10:12:33.853248+00:00'::timestamptz),
(209, 25, true, false, 'Item is certified no_pork and no_seafood. Contents confirm fried chicken and rice — no pork or seafood present.', '2026-06-03 10:12:33.853248+00:00'::timestamptz),
(209, 27, true, false, 'Item is certified no_pork and no_seafood. Contents confirm beef, rice, egg, soy — no pork or seafood present.', '2026-06-03 10:12:33.853248+00:00'::timestamptz),
(209, 28, true, false, 'Item is certified no_pork and no_seafood. Contents confirm beef, Mongolian sauce, rice — no pork or seafood present.', '2026-06-03 10:12:33.853248+00:00'::timestamptz),
(209, 29, true, false, 'Item is certified no_pork and no_seafood. Contents confirm chicken, capsicum, pineapple, rice — no pork or seafood present.', '2026-06-03 10:12:33.853248+00:00'::timestamptz),
(209, 30, true, false, 'Item is certified no_pork and no_seafood. Contents confirm wheat noodles, honey soy, vegetables — no pork or seafood present.', '2026-06-03 10:12:33.853248+00:00'::timestamptz),
(210, 31, true, false, 'no dietary restrictions', '2026-06-03 10:13:17.852800+00:00'::timestamptz),
(210, 32, true, false, 'no dietary restrictions', '2026-06-03 10:13:17.852800+00:00'::timestamptz),
(210, 33, true, false, 'no dietary restrictions', '2026-06-03 10:13:17.852800+00:00'::timestamptz),
(210, 34, true, false, 'no dietary restrictions', '2026-06-03 10:13:17.852800+00:00'::timestamptz),
(210, 35, true, false, 'no dietary restrictions', '2026-06-03 10:13:17.852800+00:00'::timestamptz),
(210, 36, true, false, 'no dietary restrictions', '2026-06-03 10:13:17.852800+00:00'::timestamptz),
(210, 37, true, false, 'no dietary restrictions', '2026-06-03 10:13:17.852800+00:00'::timestamptz),
(210, 38, true, false, 'no dietary restrictions', '2026-06-03 10:13:17.852800+00:00'::timestamptz),
(210, 39, true, false, 'no dietary restrictions', '2026-06-03 10:13:17.852800+00:00'::timestamptz),
(210, 40, true, false, 'no dietary restrictions', '2026-06-03 10:13:17.852800+00:00'::timestamptz),
(211, 31, true, false, 'no dietary restrictions', '2026-06-03 10:13:22.273978+00:00'::timestamptz),
(211, 32, true, false, 'no dietary restrictions', '2026-06-03 10:13:22.273978+00:00'::timestamptz),
(211, 33, true, false, 'no dietary restrictions', '2026-06-03 10:13:22.273978+00:00'::timestamptz),
(211, 34, true, false, 'no dietary restrictions', '2026-06-03 10:13:22.273978+00:00'::timestamptz),
(211, 35, true, false, 'no dietary restrictions', '2026-06-03 10:13:22.273978+00:00'::timestamptz),
(211, 36, true, false, 'no dietary restrictions', '2026-06-03 10:13:22.273978+00:00'::timestamptz),
(211, 37, true, false, 'no dietary restrictions', '2026-06-03 10:13:22.273978+00:00'::timestamptz),
(211, 38, true, false, 'no dietary restrictions', '2026-06-03 10:13:22.273978+00:00'::timestamptz),
(211, 39, true, false, 'no dietary restrictions', '2026-06-03 10:13:22.273978+00:00'::timestamptz),
(211, 40, true, false, 'no dietary restrictions', '2026-06-03 10:13:22.273978+00:00'::timestamptz),
(212, 31, true, false, 'no dietary restrictions', '2026-06-03 10:13:24.373790+00:00'::timestamptz),
(212, 32, true, false, 'no dietary restrictions', '2026-06-03 10:13:24.373790+00:00'::timestamptz),
(212, 33, true, false, 'no dietary restrictions', '2026-06-03 10:13:24.373790+00:00'::timestamptz),
(212, 34, true, false, 'no dietary restrictions', '2026-06-03 10:13:24.373790+00:00'::timestamptz),
(212, 35, true, false, 'no dietary restrictions', '2026-06-03 10:13:24.373790+00:00'::timestamptz),
(212, 36, true, false, 'no dietary restrictions', '2026-06-03 10:13:24.373790+00:00'::timestamptz),
(212, 37, true, false, 'no dietary restrictions', '2026-06-03 10:13:24.373790+00:00'::timestamptz),
(212, 38, true, false, 'no dietary restrictions', '2026-06-03 10:13:24.373790+00:00'::timestamptz),
(212, 39, true, false, 'no dietary restrictions', '2026-06-03 10:13:24.373790+00:00'::timestamptz),
(212, 40, true, false, 'no dietary restrictions', '2026-06-03 10:13:24.373790+00:00'::timestamptz),
(213, 31, true, false, 'no dietary restrictions', '2026-06-03 10:13:19.987464+00:00'::timestamptz),
(213, 32, true, false, 'no dietary restrictions', '2026-06-03 10:13:19.987464+00:00'::timestamptz),
(213, 33, true, false, 'no dietary restrictions', '2026-06-03 10:13:19.987464+00:00'::timestamptz),
(213, 34, true, false, 'no dietary restrictions', '2026-06-03 10:13:19.987464+00:00'::timestamptz),
(213, 35, true, false, 'no dietary restrictions', '2026-06-03 10:13:19.987464+00:00'::timestamptz),
(213, 36, true, false, 'no dietary restrictions', '2026-06-03 10:13:19.987464+00:00'::timestamptz),
(213, 37, true, false, 'no dietary restrictions', '2026-06-03 10:13:19.987464+00:00'::timestamptz),
(213, 38, true, false, 'no dietary restrictions', '2026-06-03 10:13:19.987464+00:00'::timestamptz),
(213, 39, true, false, 'no dietary restrictions', '2026-06-03 10:13:19.987464+00:00'::timestamptz),
(213, 40, true, false, 'no dietary restrictions', '2026-06-03 10:13:19.987464+00:00'::timestamptz),
(214, 31, true, false, 'no dietary restrictions', '2026-06-03 10:13:24.317079+00:00'::timestamptz),
(214, 32, true, false, 'no dietary restrictions', '2026-06-03 10:13:24.317079+00:00'::timestamptz),
(214, 33, true, false, 'no dietary restrictions', '2026-06-03 10:13:24.317079+00:00'::timestamptz),
(214, 34, true, false, 'no dietary restrictions', '2026-06-03 10:13:24.317079+00:00'::timestamptz),
(214, 35, true, false, 'no dietary restrictions', '2026-06-03 10:13:24.317079+00:00'::timestamptz),
(214, 36, true, false, 'no dietary restrictions', '2026-06-03 10:13:24.317079+00:00'::timestamptz),
(214, 37, true, false, 'no dietary restrictions', '2026-06-03 10:13:24.317079+00:00'::timestamptz),
(214, 38, true, false, 'no dietary restrictions', '2026-06-03 10:13:24.317079+00:00'::timestamptz),
(214, 39, true, false, 'no dietary restrictions', '2026-06-03 10:13:24.317079+00:00'::timestamptz),
(214, 40, true, false, 'no dietary restrictions', '2026-06-03 10:13:24.317079+00:00'::timestamptz),
(215, 31, true, false, 'no dietary restrictions', '2026-06-03 10:13:28.888821+00:00'::timestamptz),
(215, 32, true, false, 'no dietary restrictions', '2026-06-03 10:13:28.888821+00:00'::timestamptz),
(215, 33, true, false, 'no dietary restrictions', '2026-06-03 10:13:28.888821+00:00'::timestamptz),
(215, 34, true, false, 'no dietary restrictions', '2026-06-03 10:13:28.888821+00:00'::timestamptz),
(215, 35, true, false, 'no dietary restrictions', '2026-06-03 10:13:28.888821+00:00'::timestamptz),
(215, 36, true, false, 'no dietary restrictions', '2026-06-03 10:13:28.888821+00:00'::timestamptz),
(215, 37, true, false, 'no dietary restrictions', '2026-06-03 10:13:28.888821+00:00'::timestamptz),
(215, 38, true, false, 'no dietary restrictions', '2026-06-03 10:13:28.888821+00:00'::timestamptz),
(215, 39, true, false, 'no dietary restrictions', '2026-06-03 10:13:28.888821+00:00'::timestamptz),
(215, 40, true, false, 'no dietary restrictions', '2026-06-03 10:13:28.888821+00:00'::timestamptz),
(216, 31, true, false, 'no dietary restrictions', '2026-06-03 10:13:20.201643+00:00'::timestamptz),
(216, 32, true, false, 'no dietary restrictions', '2026-06-03 10:13:20.201643+00:00'::timestamptz),
(216, 33, true, false, 'no dietary restrictions', '2026-06-03 10:13:20.201643+00:00'::timestamptz),
(216, 34, true, false, 'no dietary restrictions', '2026-06-03 10:13:20.201643+00:00'::timestamptz),
(216, 35, true, false, 'no dietary restrictions', '2026-06-03 10:13:20.201643+00:00'::timestamptz),
(216, 36, true, false, 'no dietary restrictions', '2026-06-03 10:13:20.201643+00:00'::timestamptz),
(216, 37, true, false, 'no dietary restrictions', '2026-06-03 10:13:20.201643+00:00'::timestamptz);
INSERT INTO student_eligible_meals (enrolment_id, menu_item_id, eligible, needs_tweak, rationale, computed_at) VALUES
(216, 38, true, false, 'no dietary restrictions', '2026-06-03 10:13:20.201643+00:00'::timestamptz),
(216, 39, true, false, 'no dietary restrictions', '2026-06-03 10:13:20.201643+00:00'::timestamptz),
(216, 40, true, false, 'no dietary restrictions', '2026-06-03 10:13:20.201643+00:00'::timestamptz),
(217, 31, true, false, 'no dietary restrictions', '2026-06-03 10:13:15.827201+00:00'::timestamptz),
(217, 32, true, false, 'no dietary restrictions', '2026-06-03 10:13:15.827201+00:00'::timestamptz),
(217, 33, true, false, 'no dietary restrictions', '2026-06-03 10:13:15.827201+00:00'::timestamptz),
(217, 34, true, false, 'no dietary restrictions', '2026-06-03 10:13:15.827201+00:00'::timestamptz),
(217, 35, true, false, 'no dietary restrictions', '2026-06-03 10:13:15.827201+00:00'::timestamptz),
(217, 36, true, false, 'no dietary restrictions', '2026-06-03 10:13:15.827201+00:00'::timestamptz),
(217, 37, true, false, 'no dietary restrictions', '2026-06-03 10:13:15.827201+00:00'::timestamptz),
(217, 38, true, false, 'no dietary restrictions', '2026-06-03 10:13:15.827201+00:00'::timestamptz),
(217, 39, true, false, 'no dietary restrictions', '2026-06-03 10:13:15.827201+00:00'::timestamptz),
(217, 40, true, false, 'no dietary restrictions', '2026-06-03 10:13:15.827201+00:00'::timestamptz),
(218, 31, true, false, 'no dietary restrictions', '2026-06-03 10:13:24.333394+00:00'::timestamptz),
(218, 32, true, false, 'no dietary restrictions', '2026-06-03 10:13:24.333394+00:00'::timestamptz),
(218, 33, true, false, 'no dietary restrictions', '2026-06-03 10:13:24.333394+00:00'::timestamptz),
(218, 34, true, false, 'no dietary restrictions', '2026-06-03 10:13:24.333394+00:00'::timestamptz),
(218, 35, true, false, 'no dietary restrictions', '2026-06-03 10:13:24.333394+00:00'::timestamptz),
(218, 36, true, false, 'no dietary restrictions', '2026-06-03 10:13:24.333394+00:00'::timestamptz),
(218, 37, true, false, 'no dietary restrictions', '2026-06-03 10:13:24.333394+00:00'::timestamptz),
(218, 38, true, false, 'no dietary restrictions', '2026-06-03 10:13:24.333394+00:00'::timestamptz),
(218, 39, true, false, 'no dietary restrictions', '2026-06-03 10:13:24.333394+00:00'::timestamptz),
(218, 40, true, false, 'no dietary restrictions', '2026-06-03 10:13:24.333394+00:00'::timestamptz),
(219, 31, true, false, 'no dietary restrictions', '2026-06-03 10:13:20.787749+00:00'::timestamptz),
(219, 32, true, false, 'no dietary restrictions', '2026-06-03 10:13:20.787749+00:00'::timestamptz),
(219, 33, true, false, 'no dietary restrictions', '2026-06-03 10:13:20.787749+00:00'::timestamptz),
(219, 34, true, false, 'no dietary restrictions', '2026-06-03 10:13:20.787749+00:00'::timestamptz),
(219, 35, true, false, 'no dietary restrictions', '2026-06-03 10:13:20.787749+00:00'::timestamptz),
(219, 36, true, false, 'no dietary restrictions', '2026-06-03 10:13:20.787749+00:00'::timestamptz),
(219, 37, true, false, 'no dietary restrictions', '2026-06-03 10:13:20.787749+00:00'::timestamptz),
(219, 38, true, false, 'no dietary restrictions', '2026-06-03 10:13:20.787749+00:00'::timestamptz),
(219, 39, true, false, 'no dietary restrictions', '2026-06-03 10:13:20.787749+00:00'::timestamptz),
(219, 40, true, false, 'no dietary restrictions', '2026-06-03 10:13:20.787749+00:00'::timestamptz),
(220, 31, true, false, 'no dietary restrictions', '2026-06-03 10:13:17.813499+00:00'::timestamptz),
(220, 32, true, false, 'no dietary restrictions', '2026-06-03 10:13:17.813499+00:00'::timestamptz),
(220, 33, true, false, 'no dietary restrictions', '2026-06-03 10:13:17.813499+00:00'::timestamptz),
(220, 34, true, false, 'no dietary restrictions', '2026-06-03 10:13:17.813499+00:00'::timestamptz),
(220, 35, true, false, 'no dietary restrictions', '2026-06-03 10:13:17.813499+00:00'::timestamptz),
(220, 36, true, false, 'no dietary restrictions', '2026-06-03 10:13:17.813499+00:00'::timestamptz),
(220, 37, true, false, 'no dietary restrictions', '2026-06-03 10:13:17.813499+00:00'::timestamptz),
(220, 38, true, false, 'no dietary restrictions', '2026-06-03 10:13:17.813499+00:00'::timestamptz),
(220, 39, true, false, 'no dietary restrictions', '2026-06-03 10:13:17.813499+00:00'::timestamptz),
(220, 40, true, false, 'no dietary restrictions', '2026-06-03 10:13:17.813499+00:00'::timestamptz),
(221, 31, true, false, 'no dietary restrictions', '2026-06-03 10:13:31.664310+00:00'::timestamptz),
(221, 32, true, false, 'no dietary restrictions', '2026-06-03 10:13:31.664310+00:00'::timestamptz),
(221, 33, true, false, 'no dietary restrictions', '2026-06-03 10:13:31.664310+00:00'::timestamptz),
(221, 34, true, false, 'no dietary restrictions', '2026-06-03 10:13:31.664310+00:00'::timestamptz),
(221, 35, true, false, 'no dietary restrictions', '2026-06-03 10:13:31.664310+00:00'::timestamptz),
(221, 36, true, false, 'no dietary restrictions', '2026-06-03 10:13:31.664310+00:00'::timestamptz),
(221, 37, true, false, 'no dietary restrictions', '2026-06-03 10:13:31.664310+00:00'::timestamptz),
(221, 38, true, false, 'no dietary restrictions', '2026-06-03 10:13:31.664310+00:00'::timestamptz),
(221, 39, true, false, 'no dietary restrictions', '2026-06-03 10:13:31.664310+00:00'::timestamptz),
(221, 40, true, false, 'no dietary restrictions', '2026-06-03 10:13:31.664310+00:00'::timestamptz),
(223, 31, true, false, 'no dietary restrictions', '2026-06-03 10:13:17.856316+00:00'::timestamptz),
(223, 32, true, false, 'no dietary restrictions', '2026-06-03 10:13:17.856316+00:00'::timestamptz),
(223, 33, true, false, 'no dietary restrictions', '2026-06-03 10:13:17.856316+00:00'::timestamptz),
(223, 34, true, false, 'no dietary restrictions', '2026-06-03 10:13:17.856316+00:00'::timestamptz),
(223, 35, true, false, 'no dietary restrictions', '2026-06-03 10:13:17.856316+00:00'::timestamptz),
(223, 36, true, false, 'no dietary restrictions', '2026-06-03 10:13:17.856316+00:00'::timestamptz),
(223, 37, true, false, 'no dietary restrictions', '2026-06-03 10:13:17.856316+00:00'::timestamptz),
(223, 38, true, false, 'no dietary restrictions', '2026-06-03 10:13:17.856316+00:00'::timestamptz),
(223, 39, true, false, 'no dietary restrictions', '2026-06-03 10:13:17.856316+00:00'::timestamptz),
(223, 40, true, false, 'no dietary restrictions', '2026-06-03 10:13:17.856316+00:00'::timestamptz),
(224, 31, true, false, 'no dietary restrictions', '2026-06-03 10:13:15.856685+00:00'::timestamptz),
(224, 32, true, false, 'no dietary restrictions', '2026-06-03 10:13:15.856685+00:00'::timestamptz),
(224, 33, true, false, 'no dietary restrictions', '2026-06-03 10:13:15.856685+00:00'::timestamptz),
(224, 34, true, false, 'no dietary restrictions', '2026-06-03 10:13:15.856685+00:00'::timestamptz),
(224, 35, true, false, 'no dietary restrictions', '2026-06-03 10:13:15.856685+00:00'::timestamptz),
(224, 36, true, false, 'no dietary restrictions', '2026-06-03 10:13:15.856685+00:00'::timestamptz),
(224, 37, true, false, 'no dietary restrictions', '2026-06-03 10:13:15.856685+00:00'::timestamptz),
(224, 38, true, false, 'no dietary restrictions', '2026-06-03 10:13:15.856685+00:00'::timestamptz),
(224, 39, true, false, 'no dietary restrictions', '2026-06-03 10:13:15.856685+00:00'::timestamptz),
(224, 40, true, false, 'no dietary restrictions', '2026-06-03 10:13:15.856685+00:00'::timestamptz),
(225, 31, true, false, 'no dietary restrictions', '2026-06-03 10:13:22.898730+00:00'::timestamptz),
(225, 32, true, false, 'no dietary restrictions', '2026-06-03 10:13:22.898730+00:00'::timestamptz),
(225, 33, true, false, 'no dietary restrictions', '2026-06-03 10:13:22.898730+00:00'::timestamptz),
(225, 34, true, false, 'no dietary restrictions', '2026-06-03 10:13:22.898730+00:00'::timestamptz),
(225, 35, true, false, 'no dietary restrictions', '2026-06-03 10:13:22.898730+00:00'::timestamptz),
(225, 36, true, false, 'no dietary restrictions', '2026-06-03 10:13:22.898730+00:00'::timestamptz),
(225, 37, true, false, 'no dietary restrictions', '2026-06-03 10:13:22.898730+00:00'::timestamptz),
(225, 38, true, false, 'no dietary restrictions', '2026-06-03 10:13:22.898730+00:00'::timestamptz),
(225, 39, true, false, 'no dietary restrictions', '2026-06-03 10:13:22.898730+00:00'::timestamptz),
(225, 40, true, false, 'no dietary restrictions', '2026-06-03 10:13:22.898730+00:00'::timestamptz),
(226, 31, true, false, 'Item is certified no_nuts and contents explicitly state nut-free. All nut-free requirements are satisfied.', '2026-06-03 10:16:27.469851+00:00'::timestamptz),
(226, 32, true, false, 'Item is certified no_nuts and contents explicitly state nut-free. All nut-free requirements are satisfied.', '2026-06-03 10:16:27.469851+00:00'::timestamptz),
(226, 33, false, false, 'Contents state ''may contain nuts'' and the item is NOT certified no_nuts. This poses a real nut risk for a nut-free student, and no stated tweak addresses nut removal.', '2026-06-03 10:16:27.469851+00:00'::timestamptz),
(226, 35, true, false, 'Item is certified no_nuts and contents explicitly state nut-free. All nut-free requirements are satisfied.', '2026-06-03 10:16:27.469851+00:00'::timestamptz),
(227, 31, true, false, 'no dietary restrictions', '2026-06-03 10:13:20.201759+00:00'::timestamptz),
(227, 32, true, false, 'no dietary restrictions', '2026-06-03 10:13:20.201759+00:00'::timestamptz),
(227, 33, true, false, 'no dietary restrictions', '2026-06-03 10:13:20.201759+00:00'::timestamptz),
(227, 34, true, false, 'no dietary restrictions', '2026-06-03 10:13:20.201759+00:00'::timestamptz),
(227, 35, true, false, 'no dietary restrictions', '2026-06-03 10:13:20.201759+00:00'::timestamptz),
(227, 36, true, false, 'no dietary restrictions', '2026-06-03 10:13:20.201759+00:00'::timestamptz),
(227, 37, true, false, 'no dietary restrictions', '2026-06-03 10:13:20.201759+00:00'::timestamptz),
(227, 38, true, false, 'no dietary restrictions', '2026-06-03 10:13:20.201759+00:00'::timestamptz),
(227, 39, true, false, 'no dietary restrictions', '2026-06-03 10:13:20.201759+00:00'::timestamptz),
(227, 40, true, false, 'no dietary restrictions', '2026-06-03 10:13:20.201759+00:00'::timestamptz),
(228, 31, true, false, 'no dietary restrictions', '2026-06-03 10:13:29.473289+00:00'::timestamptz),
(228, 32, true, false, 'no dietary restrictions', '2026-06-03 10:13:29.473289+00:00'::timestamptz),
(228, 33, true, false, 'no dietary restrictions', '2026-06-03 10:13:29.473289+00:00'::timestamptz);
INSERT INTO student_eligible_meals (enrolment_id, menu_item_id, eligible, needs_tweak, rationale, computed_at) VALUES
(228, 34, true, false, 'no dietary restrictions', '2026-06-03 10:13:29.473289+00:00'::timestamptz),
(228, 35, true, false, 'no dietary restrictions', '2026-06-03 10:13:29.473289+00:00'::timestamptz),
(228, 36, true, false, 'no dietary restrictions', '2026-06-03 10:13:29.473289+00:00'::timestamptz),
(228, 37, true, false, 'no dietary restrictions', '2026-06-03 10:13:29.473289+00:00'::timestamptz),
(228, 38, true, false, 'no dietary restrictions', '2026-06-03 10:13:29.473289+00:00'::timestamptz),
(228, 39, true, false, 'no dietary restrictions', '2026-06-03 10:13:29.473289+00:00'::timestamptz),
(228, 40, true, false, 'no dietary restrictions', '2026-06-03 10:13:29.473289+00:00'::timestamptz),
(229, 31, true, false, 'no dietary restrictions', '2026-06-03 10:13:15.963254+00:00'::timestamptz),
(229, 32, true, false, 'no dietary restrictions', '2026-06-03 10:13:15.963254+00:00'::timestamptz),
(229, 33, true, false, 'no dietary restrictions', '2026-06-03 10:13:15.963254+00:00'::timestamptz),
(229, 34, true, false, 'no dietary restrictions', '2026-06-03 10:13:15.963254+00:00'::timestamptz),
(229, 35, true, false, 'no dietary restrictions', '2026-06-03 10:13:15.963254+00:00'::timestamptz),
(229, 36, true, false, 'no dietary restrictions', '2026-06-03 10:13:15.963254+00:00'::timestamptz),
(229, 37, true, false, 'no dietary restrictions', '2026-06-03 10:13:15.963254+00:00'::timestamptz),
(229, 38, true, false, 'no dietary restrictions', '2026-06-03 10:13:15.963254+00:00'::timestamptz),
(229, 39, true, false, 'no dietary restrictions', '2026-06-03 10:13:15.963254+00:00'::timestamptz),
(229, 40, true, false, 'no dietary restrictions', '2026-06-03 10:13:15.963254+00:00'::timestamptz),
(230, 31, true, false, 'no dietary restrictions', '2026-06-03 10:13:27.137403+00:00'::timestamptz),
(230, 32, true, false, 'no dietary restrictions', '2026-06-03 10:13:27.137403+00:00'::timestamptz),
(230, 33, true, false, 'no dietary restrictions', '2026-06-03 10:13:27.137403+00:00'::timestamptz),
(230, 34, true, false, 'no dietary restrictions', '2026-06-03 10:13:27.137403+00:00'::timestamptz),
(230, 35, true, false, 'no dietary restrictions', '2026-06-03 10:13:27.137403+00:00'::timestamptz),
(230, 36, true, false, 'no dietary restrictions', '2026-06-03 10:13:27.137403+00:00'::timestamptz),
(230, 37, true, false, 'no dietary restrictions', '2026-06-03 10:13:27.137403+00:00'::timestamptz),
(230, 38, true, false, 'no dietary restrictions', '2026-06-03 10:13:27.137403+00:00'::timestamptz),
(230, 39, true, false, 'no dietary restrictions', '2026-06-03 10:13:27.137403+00:00'::timestamptz),
(230, 40, true, false, 'no dietary restrictions', '2026-06-03 10:13:27.137403+00:00'::timestamptz),
(231, 31, true, false, 'no dietary restrictions', '2026-06-03 10:13:17.912828+00:00'::timestamptz),
(231, 32, true, false, 'no dietary restrictions', '2026-06-03 10:13:17.912828+00:00'::timestamptz),
(231, 33, true, false, 'no dietary restrictions', '2026-06-03 10:13:17.912828+00:00'::timestamptz),
(231, 34, true, false, 'no dietary restrictions', '2026-06-03 10:13:17.912828+00:00'::timestamptz),
(231, 35, true, false, 'no dietary restrictions', '2026-06-03 10:13:17.912828+00:00'::timestamptz),
(231, 36, true, false, 'no dietary restrictions', '2026-06-03 10:13:17.912828+00:00'::timestamptz),
(231, 37, true, false, 'no dietary restrictions', '2026-06-03 10:13:17.912828+00:00'::timestamptz),
(231, 38, true, false, 'no dietary restrictions', '2026-06-03 10:13:17.912828+00:00'::timestamptz),
(231, 39, true, false, 'no dietary restrictions', '2026-06-03 10:13:17.912828+00:00'::timestamptz),
(231, 40, true, false, 'no dietary restrictions', '2026-06-03 10:13:17.912828+00:00'::timestamptz),
(232, 31, true, false, 'no dietary restrictions', '2026-06-03 10:13:26.406673+00:00'::timestamptz),
(232, 32, true, false, 'no dietary restrictions', '2026-06-03 10:13:26.406673+00:00'::timestamptz),
(232, 33, true, false, 'no dietary restrictions', '2026-06-03 10:13:26.406673+00:00'::timestamptz),
(232, 34, true, false, 'no dietary restrictions', '2026-06-03 10:13:26.406673+00:00'::timestamptz),
(232, 35, true, false, 'no dietary restrictions', '2026-06-03 10:13:26.406673+00:00'::timestamptz),
(232, 36, true, false, 'no dietary restrictions', '2026-06-03 10:13:26.406673+00:00'::timestamptz),
(232, 37, true, false, 'no dietary restrictions', '2026-06-03 10:13:26.406673+00:00'::timestamptz),
(232, 38, true, false, 'no dietary restrictions', '2026-06-03 10:13:26.406673+00:00'::timestamptz),
(232, 39, true, false, 'no dietary restrictions', '2026-06-03 10:13:26.406673+00:00'::timestamptz),
(232, 40, true, false, 'no dietary restrictions', '2026-06-03 10:13:26.406673+00:00'::timestamptz),
(233, 31, true, false, 'no dietary restrictions', '2026-06-03 10:13:24.982746+00:00'::timestamptz),
(233, 32, true, false, 'no dietary restrictions', '2026-06-03 10:13:24.982746+00:00'::timestamptz),
(233, 33, true, false, 'no dietary restrictions', '2026-06-03 10:13:24.982746+00:00'::timestamptz),
(233, 34, true, false, 'no dietary restrictions', '2026-06-03 10:13:24.982746+00:00'::timestamptz),
(233, 35, true, false, 'no dietary restrictions', '2026-06-03 10:13:24.982746+00:00'::timestamptz),
(233, 36, true, false, 'no dietary restrictions', '2026-06-03 10:13:24.982746+00:00'::timestamptz),
(233, 37, true, false, 'no dietary restrictions', '2026-06-03 10:13:24.982746+00:00'::timestamptz),
(233, 38, true, false, 'no dietary restrictions', '2026-06-03 10:13:24.982746+00:00'::timestamptz),
(233, 39, true, false, 'no dietary restrictions', '2026-06-03 10:13:24.982746+00:00'::timestamptz),
(233, 40, true, false, 'no dietary restrictions', '2026-06-03 10:13:24.982746+00:00'::timestamptz),
(234, 31, true, false, 'Item is certified no_nuts and contents explicitly state nut-free. All restrictions satisfied.', '2026-06-03 10:13:32.952743+00:00'::timestamptz),
(234, 32, true, false, 'Item is certified no_nuts and contents explicitly state nut-free. All restrictions satisfied.', '2026-06-03 10:13:32.952743+00:00'::timestamptz),
(234, 33, false, false, 'Contents state ''may contain nuts'' and item is not certified no_nuts. This violates the nut-free requirement. No tweak addresses nuts.', '2026-06-03 10:13:32.952743+00:00'::timestamptz),
(234, 35, true, false, 'Item is certified no_nuts and contents explicitly state nut-free. All restrictions satisfied.', '2026-06-03 10:13:32.952743+00:00'::timestamptz),
(235, 31, true, false, 'no dietary restrictions', '2026-06-03 10:13:15.753298+00:00'::timestamptz),
(235, 32, true, false, 'no dietary restrictions', '2026-06-03 10:13:15.753298+00:00'::timestamptz),
(235, 33, true, false, 'no dietary restrictions', '2026-06-03 10:13:15.753298+00:00'::timestamptz),
(235, 34, true, false, 'no dietary restrictions', '2026-06-03 10:13:15.753298+00:00'::timestamptz),
(235, 35, true, false, 'no dietary restrictions', '2026-06-03 10:13:15.753298+00:00'::timestamptz),
(235, 36, true, false, 'no dietary restrictions', '2026-06-03 10:13:15.753298+00:00'::timestamptz),
(235, 37, true, false, 'no dietary restrictions', '2026-06-03 10:13:15.753298+00:00'::timestamptz),
(235, 38, true, false, 'no dietary restrictions', '2026-06-03 10:13:15.753298+00:00'::timestamptz),
(235, 39, true, false, 'no dietary restrictions', '2026-06-03 10:13:15.753298+00:00'::timestamptz),
(235, 40, true, false, 'no dietary restrictions', '2026-06-03 10:13:15.753298+00:00'::timestamptz),
(236, 31, true, false, 'no dietary restrictions', '2026-06-03 10:13:31.117828+00:00'::timestamptz),
(236, 32, true, false, 'no dietary restrictions', '2026-06-03 10:13:31.117828+00:00'::timestamptz),
(236, 33, true, false, 'no dietary restrictions', '2026-06-03 10:13:31.117828+00:00'::timestamptz),
(236, 34, true, false, 'no dietary restrictions', '2026-06-03 10:13:31.117828+00:00'::timestamptz),
(236, 35, true, false, 'no dietary restrictions', '2026-06-03 10:13:31.117828+00:00'::timestamptz),
(236, 36, true, false, 'no dietary restrictions', '2026-06-03 10:13:31.117828+00:00'::timestamptz),
(236, 37, true, false, 'no dietary restrictions', '2026-06-03 10:13:31.117828+00:00'::timestamptz),
(236, 38, true, false, 'no dietary restrictions', '2026-06-03 10:13:31.117828+00:00'::timestamptz),
(236, 39, true, false, 'no dietary restrictions', '2026-06-03 10:13:31.117828+00:00'::timestamptz),
(236, 40, true, false, 'no dietary restrictions', '2026-06-03 10:13:31.117828+00:00'::timestamptz),
(237, 31, true, false, 'no dietary restrictions', '2026-06-03 10:13:22.272271+00:00'::timestamptz),
(237, 32, true, false, 'no dietary restrictions', '2026-06-03 10:13:22.272271+00:00'::timestamptz),
(237, 33, true, false, 'no dietary restrictions', '2026-06-03 10:13:22.272271+00:00'::timestamptz),
(237, 34, true, false, 'no dietary restrictions', '2026-06-03 10:13:22.272271+00:00'::timestamptz),
(237, 35, true, false, 'no dietary restrictions', '2026-06-03 10:13:22.272271+00:00'::timestamptz),
(237, 36, true, false, 'no dietary restrictions', '2026-06-03 10:13:22.272271+00:00'::timestamptz),
(237, 37, true, false, 'no dietary restrictions', '2026-06-03 10:13:22.272271+00:00'::timestamptz),
(237, 38, true, false, 'no dietary restrictions', '2026-06-03 10:13:22.272271+00:00'::timestamptz),
(237, 39, true, false, 'no dietary restrictions', '2026-06-03 10:13:22.272271+00:00'::timestamptz),
(237, 40, true, false, 'no dietary restrictions', '2026-06-03 10:13:22.272271+00:00'::timestamptz),
(238, 31, true, false, 'no dietary restrictions', '2026-06-03 10:13:33.267714+00:00'::timestamptz),
(238, 32, true, false, 'no dietary restrictions', '2026-06-03 10:13:33.267714+00:00'::timestamptz),
(238, 33, true, false, 'no dietary restrictions', '2026-06-03 10:13:33.267714+00:00'::timestamptz),
(238, 34, true, false, 'no dietary restrictions', '2026-06-03 10:13:33.267714+00:00'::timestamptz),
(238, 35, true, false, 'no dietary restrictions', '2026-06-03 10:13:33.267714+00:00'::timestamptz),
(238, 36, true, false, 'no dietary restrictions', '2026-06-03 10:13:33.267714+00:00'::timestamptz),
(238, 37, true, false, 'no dietary restrictions', '2026-06-03 10:13:33.267714+00:00'::timestamptz),
(238, 38, true, false, 'no dietary restrictions', '2026-06-03 10:13:33.267714+00:00'::timestamptz),
(238, 39, true, false, 'no dietary restrictions', '2026-06-03 10:13:33.267714+00:00'::timestamptz);
INSERT INTO student_eligible_meals (enrolment_id, menu_item_id, eligible, needs_tweak, rationale, computed_at) VALUES
(238, 40, true, false, 'no dietary restrictions', '2026-06-03 10:13:33.267714+00:00'::timestamptz),
(239, 31, true, false, 'no dietary restrictions', '2026-06-03 10:13:31.048865+00:00'::timestamptz),
(239, 32, true, false, 'no dietary restrictions', '2026-06-03 10:13:31.048865+00:00'::timestamptz),
(239, 33, true, false, 'no dietary restrictions', '2026-06-03 10:13:31.048865+00:00'::timestamptz),
(239, 34, true, false, 'no dietary restrictions', '2026-06-03 10:13:31.048865+00:00'::timestamptz),
(239, 35, true, false, 'no dietary restrictions', '2026-06-03 10:13:31.048865+00:00'::timestamptz),
(239, 36, true, false, 'no dietary restrictions', '2026-06-03 10:13:31.048865+00:00'::timestamptz),
(239, 37, true, false, 'no dietary restrictions', '2026-06-03 10:13:31.048865+00:00'::timestamptz),
(239, 38, true, false, 'no dietary restrictions', '2026-06-03 10:13:31.048865+00:00'::timestamptz),
(239, 39, true, false, 'no dietary restrictions', '2026-06-03 10:13:31.048865+00:00'::timestamptz),
(239, 40, true, false, 'no dietary restrictions', '2026-06-03 10:13:31.048865+00:00'::timestamptz),
(240, 31, true, false, 'no dietary restrictions', '2026-06-03 10:13:17.912400+00:00'::timestamptz),
(240, 32, true, false, 'no dietary restrictions', '2026-06-03 10:13:17.912400+00:00'::timestamptz),
(240, 33, true, false, 'no dietary restrictions', '2026-06-03 10:13:17.912400+00:00'::timestamptz),
(240, 34, true, false, 'no dietary restrictions', '2026-06-03 10:13:17.912400+00:00'::timestamptz),
(240, 35, true, false, 'no dietary restrictions', '2026-06-03 10:13:17.912400+00:00'::timestamptz),
(240, 36, true, false, 'no dietary restrictions', '2026-06-03 10:13:17.912400+00:00'::timestamptz),
(240, 37, true, false, 'no dietary restrictions', '2026-06-03 10:13:17.912400+00:00'::timestamptz),
(240, 38, true, false, 'no dietary restrictions', '2026-06-03 10:13:17.912400+00:00'::timestamptz),
(240, 39, true, false, 'no dietary restrictions', '2026-06-03 10:13:17.912400+00:00'::timestamptz),
(240, 40, true, false, 'no dietary restrictions', '2026-06-03 10:13:17.912400+00:00'::timestamptz),
(241, 31, true, false, 'no dietary restrictions', '2026-06-03 10:13:33.889595+00:00'::timestamptz),
(241, 32, true, false, 'no dietary restrictions', '2026-06-03 10:13:33.889595+00:00'::timestamptz),
(241, 33, true, false, 'no dietary restrictions', '2026-06-03 10:13:33.889595+00:00'::timestamptz),
(241, 34, true, false, 'no dietary restrictions', '2026-06-03 10:13:33.889595+00:00'::timestamptz),
(241, 35, true, false, 'no dietary restrictions', '2026-06-03 10:13:33.889595+00:00'::timestamptz),
(241, 36, true, false, 'no dietary restrictions', '2026-06-03 10:13:33.889595+00:00'::timestamptz),
(241, 37, true, false, 'no dietary restrictions', '2026-06-03 10:13:33.889595+00:00'::timestamptz),
(241, 38, true, false, 'no dietary restrictions', '2026-06-03 10:13:33.889595+00:00'::timestamptz),
(241, 39, true, false, 'no dietary restrictions', '2026-06-03 10:13:33.889595+00:00'::timestamptz),
(241, 40, true, false, 'no dietary restrictions', '2026-06-03 10:13:33.889595+00:00'::timestamptz),
(242, 31, true, false, 'no dietary restrictions', '2026-06-03 10:13:19.987043+00:00'::timestamptz),
(242, 32, true, false, 'no dietary restrictions', '2026-06-03 10:13:19.987043+00:00'::timestamptz),
(242, 33, true, false, 'no dietary restrictions', '2026-06-03 10:13:19.987043+00:00'::timestamptz),
(242, 34, true, false, 'no dietary restrictions', '2026-06-03 10:13:19.987043+00:00'::timestamptz),
(242, 35, true, false, 'no dietary restrictions', '2026-06-03 10:13:19.987043+00:00'::timestamptz),
(242, 36, true, false, 'no dietary restrictions', '2026-06-03 10:13:19.987043+00:00'::timestamptz),
(242, 37, true, false, 'no dietary restrictions', '2026-06-03 10:13:19.987043+00:00'::timestamptz),
(242, 38, true, false, 'no dietary restrictions', '2026-06-03 10:13:19.987043+00:00'::timestamptz),
(242, 39, true, false, 'no dietary restrictions', '2026-06-03 10:13:19.987043+00:00'::timestamptz),
(242, 40, true, false, 'no dietary restrictions', '2026-06-03 10:13:19.987043+00:00'::timestamptz),
(243, 31, true, false, 'no dietary restrictions', '2026-06-03 10:13:15.852881+00:00'::timestamptz),
(243, 32, true, false, 'no dietary restrictions', '2026-06-03 10:13:15.852881+00:00'::timestamptz),
(243, 33, true, false, 'no dietary restrictions', '2026-06-03 10:13:15.852881+00:00'::timestamptz),
(243, 34, true, false, 'no dietary restrictions', '2026-06-03 10:13:15.852881+00:00'::timestamptz),
(243, 35, true, false, 'no dietary restrictions', '2026-06-03 10:13:15.852881+00:00'::timestamptz),
(243, 36, true, false, 'no dietary restrictions', '2026-06-03 10:13:15.852881+00:00'::timestamptz),
(243, 37, true, false, 'no dietary restrictions', '2026-06-03 10:13:15.852881+00:00'::timestamptz),
(243, 38, true, false, 'no dietary restrictions', '2026-06-03 10:13:15.852881+00:00'::timestamptz),
(243, 39, true, false, 'no dietary restrictions', '2026-06-03 10:13:15.852881+00:00'::timestamptz),
(243, 40, true, false, 'no dietary restrictions', '2026-06-03 10:13:15.852881+00:00'::timestamptz),
(244, 31, true, false, 'no dietary restrictions', '2026-06-03 10:13:31.046969+00:00'::timestamptz),
(244, 32, true, false, 'no dietary restrictions', '2026-06-03 10:13:31.046969+00:00'::timestamptz),
(244, 33, true, false, 'no dietary restrictions', '2026-06-03 10:13:31.046969+00:00'::timestamptz),
(244, 34, true, false, 'no dietary restrictions', '2026-06-03 10:13:31.046969+00:00'::timestamptz),
(244, 35, true, false, 'no dietary restrictions', '2026-06-03 10:13:31.046969+00:00'::timestamptz),
(244, 36, true, false, 'no dietary restrictions', '2026-06-03 10:13:31.046969+00:00'::timestamptz),
(244, 37, true, false, 'no dietary restrictions', '2026-06-03 10:13:31.046969+00:00'::timestamptz),
(244, 38, true, false, 'no dietary restrictions', '2026-06-03 10:13:31.046969+00:00'::timestamptz),
(244, 39, true, false, 'no dietary restrictions', '2026-06-03 10:13:31.046969+00:00'::timestamptz),
(244, 40, true, false, 'no dietary restrictions', '2026-06-03 10:13:31.046969+00:00'::timestamptz),
(245, 31, true, false, 'no dietary restrictions', '2026-06-03 10:13:28.878511+00:00'::timestamptz),
(245, 32, true, false, 'no dietary restrictions', '2026-06-03 10:13:28.878511+00:00'::timestamptz),
(245, 33, true, false, 'no dietary restrictions', '2026-06-03 10:13:28.878511+00:00'::timestamptz),
(245, 34, true, false, 'no dietary restrictions', '2026-06-03 10:13:28.878511+00:00'::timestamptz),
(245, 35, true, false, 'no dietary restrictions', '2026-06-03 10:13:28.878511+00:00'::timestamptz),
(245, 36, true, false, 'no dietary restrictions', '2026-06-03 10:13:28.878511+00:00'::timestamptz),
(245, 37, true, false, 'no dietary restrictions', '2026-06-03 10:13:28.878511+00:00'::timestamptz),
(245, 38, true, false, 'no dietary restrictions', '2026-06-03 10:13:28.878511+00:00'::timestamptz),
(245, 39, true, false, 'no dietary restrictions', '2026-06-03 10:13:28.878511+00:00'::timestamptz),
(245, 40, true, false, 'no dietary restrictions', '2026-06-03 10:13:28.878511+00:00'::timestamptz),
(246, 31, true, false, 'no dietary restrictions', '2026-06-03 10:13:33.888490+00:00'::timestamptz),
(246, 32, true, false, 'no dietary restrictions', '2026-06-03 10:13:33.888490+00:00'::timestamptz),
(246, 33, true, false, 'no dietary restrictions', '2026-06-03 10:13:33.888490+00:00'::timestamptz),
(246, 34, true, false, 'no dietary restrictions', '2026-06-03 10:13:33.888490+00:00'::timestamptz),
(246, 35, true, false, 'no dietary restrictions', '2026-06-03 10:13:33.888490+00:00'::timestamptz),
(246, 36, true, false, 'no dietary restrictions', '2026-06-03 10:13:33.888490+00:00'::timestamptz),
(246, 37, true, false, 'no dietary restrictions', '2026-06-03 10:13:33.888490+00:00'::timestamptz),
(246, 38, true, false, 'no dietary restrictions', '2026-06-03 10:13:33.888490+00:00'::timestamptz),
(246, 39, true, false, 'no dietary restrictions', '2026-06-03 10:13:33.888490+00:00'::timestamptz),
(246, 40, true, false, 'no dietary restrictions', '2026-06-03 10:13:33.888490+00:00'::timestamptz),
(247, 31, false, false, 'Contains cheese (contains dairy). No tweak stated to remove dairy; vegetarian option only changes meat, not dairy.', '2026-06-03 10:13:32.338043+00:00'::timestamptz),
(247, 32, true, false, 'Item is certified dairy-free and contents confirm dairy-free. Satisfies no_dairy requirement.', '2026-06-03 10:13:32.338043+00:00'::timestamptz),
(247, 33, false, false, 'Contains cheese (contains dairy). The vegetarian tweak does not remove dairy.', '2026-06-03 10:13:32.338043+00:00'::timestamptz),
(247, 34, false, false, 'Contains cheese (contains dairy). The vegetarian tweak does not remove dairy.', '2026-06-03 10:13:32.338043+00:00'::timestamptz),
(247, 35, false, false, 'Contains cheese (contains dairy). No tweak stated to remove dairy.', '2026-06-03 10:13:32.338043+00:00'::timestamptz),
(247, 36, false, false, 'Contains cheese (contains dairy). The vegetarian tweak only substitutes the meat with beans; it does not remove the dairy cheese.', '2026-06-03 10:13:32.338043+00:00'::timestamptz),
(247, 37, false, false, 'Contains cheese (contains dairy). The vegetarian tweak only substitutes the meat with beans; it does not remove the dairy cheese.', '2026-06-03 10:13:32.338043+00:00'::timestamptz),
(247, 38, false, false, 'Contains cheese (contains dairy). No tweak stated to remove dairy.', '2026-06-03 10:13:32.338043+00:00'::timestamptz),
(247, 39, true, false, 'Item is certified dairy-free and contents confirm dairy-free. Satisfies no_dairy requirement.', '2026-06-03 10:13:32.338043+00:00'::timestamptz),
(247, 40, false, false, 'Contains cheese (contains dairy). No tweak stated to remove dairy.', '2026-06-03 10:13:32.338043+00:00'::timestamptz),
(248, 31, true, false, 'no dietary restrictions', '2026-06-03 10:13:20.192699+00:00'::timestamptz),
(248, 32, true, false, 'no dietary restrictions', '2026-06-03 10:13:20.192699+00:00'::timestamptz),
(248, 33, true, false, 'no dietary restrictions', '2026-06-03 10:13:20.192699+00:00'::timestamptz),
(248, 34, true, false, 'no dietary restrictions', '2026-06-03 10:13:20.192699+00:00'::timestamptz),
(248, 35, true, false, 'no dietary restrictions', '2026-06-03 10:13:20.192699+00:00'::timestamptz),
(248, 36, true, false, 'no dietary restrictions', '2026-06-03 10:13:20.192699+00:00'::timestamptz),
(248, 37, true, false, 'no dietary restrictions', '2026-06-03 10:13:20.192699+00:00'::timestamptz),
(248, 38, true, false, 'no dietary restrictions', '2026-06-03 10:13:20.192699+00:00'::timestamptz),
(248, 39, true, false, 'no dietary restrictions', '2026-06-03 10:13:20.192699+00:00'::timestamptz);
INSERT INTO student_eligible_meals (enrolment_id, menu_item_id, eligible, needs_tweak, rationale, computed_at) VALUES
(248, 40, true, false, 'no dietary restrictions', '2026-06-03 10:13:20.192699+00:00'::timestamptz),
(249, 31, true, false, 'no dietary restrictions', '2026-06-03 10:13:17.832795+00:00'::timestamptz),
(249, 32, true, false, 'no dietary restrictions', '2026-06-03 10:13:17.832795+00:00'::timestamptz),
(249, 33, true, false, 'no dietary restrictions', '2026-06-03 10:13:17.832795+00:00'::timestamptz),
(249, 34, true, false, 'no dietary restrictions', '2026-06-03 10:13:17.832795+00:00'::timestamptz),
(249, 35, true, false, 'no dietary restrictions', '2026-06-03 10:13:17.832795+00:00'::timestamptz),
(249, 36, true, false, 'no dietary restrictions', '2026-06-03 10:13:17.832795+00:00'::timestamptz),
(249, 37, true, false, 'no dietary restrictions', '2026-06-03 10:13:17.832795+00:00'::timestamptz),
(249, 38, true, false, 'no dietary restrictions', '2026-06-03 10:13:17.832795+00:00'::timestamptz),
(249, 39, true, false, 'no dietary restrictions', '2026-06-03 10:13:17.832795+00:00'::timestamptz),
(249, 40, true, false, 'no dietary restrictions', '2026-06-03 10:13:17.832795+00:00'::timestamptz),
(250, 31, true, false, 'no dietary restrictions', '2026-06-03 10:13:15.803772+00:00'::timestamptz),
(250, 32, true, false, 'no dietary restrictions', '2026-06-03 10:13:15.803772+00:00'::timestamptz),
(250, 33, true, false, 'no dietary restrictions', '2026-06-03 10:13:15.803772+00:00'::timestamptz),
(250, 34, true, false, 'no dietary restrictions', '2026-06-03 10:13:15.803772+00:00'::timestamptz),
(250, 35, true, false, 'no dietary restrictions', '2026-06-03 10:13:15.803772+00:00'::timestamptz),
(250, 36, true, false, 'no dietary restrictions', '2026-06-03 10:13:15.803772+00:00'::timestamptz),
(250, 37, true, false, 'no dietary restrictions', '2026-06-03 10:13:15.803772+00:00'::timestamptz),
(250, 38, true, false, 'no dietary restrictions', '2026-06-03 10:13:15.803772+00:00'::timestamptz),
(250, 39, true, false, 'no dietary restrictions', '2026-06-03 10:13:15.803772+00:00'::timestamptz),
(250, 40, true, false, 'no dietary restrictions', '2026-06-03 10:13:15.803772+00:00'::timestamptz),
(252, 32, true, false, 'Item is certified gluten_free and contents state gluten-free. No gluten ingredients present.', '2026-06-03 10:13:33.548875+00:00'::timestamptz),
(252, 33, false, false, 'Flour tortilla explicitly contains gluten. No tweak removes it. Unsafe for a gluten-free student.', '2026-06-03 10:13:33.548875+00:00'::timestamptz),
(252, 34, false, false, 'Flour tortilla explicitly contains gluten. Item is not certified gluten_free. No stated tweak removes the tortilla. Unsafe for a gluten-free student.', '2026-06-03 10:13:33.548875+00:00'::timestamptz),
(252, 35, true, false, 'Item is certified gluten_free and contents state gluten-free (pulled pork, rice, beans, cheese). No gluten-containing ingredients listed. Safe for a gluten-free student.', '2026-06-03 10:13:33.548875+00:00'::timestamptz),
(252, 36, true, false, 'Corn chips are gluten-free and item is certified gluten_free. No gluten-containing ingredients listed. Safe for a gluten-free student.', '2026-06-03 10:13:33.548875+00:00'::timestamptz),
(252, 37, true, false, 'Fries are stated gluten-free and item is certified gluten_free. No gluten-containing ingredients listed. Safe for a gluten-free student.', '2026-06-03 10:13:33.548875+00:00'::timestamptz),
(252, 38, false, false, 'Flour tortilla explicitly contains gluten. Item is not certified gluten_free. No tweak removes the tortilla. Unsafe for a gluten-free student.', '2026-06-03 10:13:33.548875+00:00'::timestamptz),
(252, 39, true, false, 'Item is certified gluten_free and contents state gluten-free (corn tortilla, chicken, rice, enchilada sauce). Safe for a gluten-free student.', '2026-06-03 10:13:33.548875+00:00'::timestamptz),
(252, 40, false, false, 'Crispy chicken explicitly contains gluten. Item is not certified gluten_free. No tweak removes the gluten source. Unsafe for a gluten-free student.', '2026-06-03 10:13:33.548875+00:00'::timestamptz),
(253, 31, true, false, 'no dietary restrictions', '2026-06-03 10:13:15.852766+00:00'::timestamptz),
(253, 32, true, false, 'no dietary restrictions', '2026-06-03 10:13:15.852766+00:00'::timestamptz),
(253, 33, true, false, 'no dietary restrictions', '2026-06-03 10:13:15.852766+00:00'::timestamptz),
(253, 34, true, false, 'no dietary restrictions', '2026-06-03 10:13:15.852766+00:00'::timestamptz),
(253, 35, true, false, 'no dietary restrictions', '2026-06-03 10:13:15.852766+00:00'::timestamptz),
(253, 36, true, false, 'no dietary restrictions', '2026-06-03 10:13:15.852766+00:00'::timestamptz),
(253, 37, true, false, 'no dietary restrictions', '2026-06-03 10:13:15.852766+00:00'::timestamptz),
(253, 38, true, false, 'no dietary restrictions', '2026-06-03 10:13:15.852766+00:00'::timestamptz),
(253, 39, true, false, 'no dietary restrictions', '2026-06-03 10:13:15.852766+00:00'::timestamptz),
(253, 40, true, false, 'no dietary restrictions', '2026-06-03 10:13:15.852766+00:00'::timestamptz),
(254, 31, true, false, 'no dietary restrictions', '2026-06-03 10:13:15.827618+00:00'::timestamptz),
(254, 32, true, false, 'no dietary restrictions', '2026-06-03 10:13:15.827618+00:00'::timestamptz),
(254, 33, true, false, 'no dietary restrictions', '2026-06-03 10:13:15.827618+00:00'::timestamptz),
(254, 34, true, false, 'no dietary restrictions', '2026-06-03 10:13:15.827618+00:00'::timestamptz),
(254, 35, true, false, 'no dietary restrictions', '2026-06-03 10:13:15.827618+00:00'::timestamptz),
(254, 36, true, false, 'no dietary restrictions', '2026-06-03 10:13:15.827618+00:00'::timestamptz),
(254, 37, true, false, 'no dietary restrictions', '2026-06-03 10:13:15.827618+00:00'::timestamptz),
(254, 38, true, false, 'no dietary restrictions', '2026-06-03 10:13:15.827618+00:00'::timestamptz),
(254, 39, true, false, 'no dietary restrictions', '2026-06-03 10:13:15.827618+00:00'::timestamptz),
(254, 40, true, false, 'no dietary restrictions', '2026-06-03 10:13:15.827618+00:00'::timestamptz),
(255, 31, true, false, 'no dietary restrictions', '2026-06-03 10:13:17.997840+00:00'::timestamptz),
(255, 32, true, false, 'no dietary restrictions', '2026-06-03 10:13:17.997840+00:00'::timestamptz),
(255, 33, true, false, 'no dietary restrictions', '2026-06-03 10:13:17.997840+00:00'::timestamptz),
(255, 34, true, false, 'no dietary restrictions', '2026-06-03 10:13:17.997840+00:00'::timestamptz),
(255, 35, true, false, 'no dietary restrictions', '2026-06-03 10:13:17.997840+00:00'::timestamptz),
(255, 36, true, false, 'no dietary restrictions', '2026-06-03 10:13:17.997840+00:00'::timestamptz),
(255, 37, true, false, 'no dietary restrictions', '2026-06-03 10:13:17.997840+00:00'::timestamptz),
(255, 38, true, false, 'no dietary restrictions', '2026-06-03 10:13:17.997840+00:00'::timestamptz),
(255, 39, true, false, 'no dietary restrictions', '2026-06-03 10:13:17.997840+00:00'::timestamptz),
(255, 40, true, false, 'no dietary restrictions', '2026-06-03 10:13:17.997840+00:00'::timestamptz),
(256, 31, true, false, 'no dietary restrictions', '2026-06-03 10:13:19.988214+00:00'::timestamptz),
(256, 32, true, false, 'no dietary restrictions', '2026-06-03 10:13:19.988214+00:00'::timestamptz),
(256, 33, true, false, 'no dietary restrictions', '2026-06-03 10:13:19.988214+00:00'::timestamptz),
(256, 34, true, false, 'no dietary restrictions', '2026-06-03 10:13:19.988214+00:00'::timestamptz),
(256, 35, true, false, 'no dietary restrictions', '2026-06-03 10:13:19.988214+00:00'::timestamptz),
(256, 36, true, false, 'no dietary restrictions', '2026-06-03 10:13:19.988214+00:00'::timestamptz),
(256, 37, true, false, 'no dietary restrictions', '2026-06-03 10:13:19.988214+00:00'::timestamptz),
(256, 38, true, false, 'no dietary restrictions', '2026-06-03 10:13:19.988214+00:00'::timestamptz),
(256, 39, true, false, 'no dietary restrictions', '2026-06-03 10:13:19.988214+00:00'::timestamptz),
(256, 40, true, false, 'no dietary restrictions', '2026-06-03 10:13:19.988214+00:00'::timestamptz),
(257, 31, true, false, 'no dietary restrictions', '2026-06-03 10:13:22.282787+00:00'::timestamptz),
(257, 32, true, false, 'no dietary restrictions', '2026-06-03 10:13:22.282787+00:00'::timestamptz),
(257, 33, true, false, 'no dietary restrictions', '2026-06-03 10:13:22.282787+00:00'::timestamptz),
(257, 34, true, false, 'no dietary restrictions', '2026-06-03 10:13:22.282787+00:00'::timestamptz),
(257, 35, true, false, 'no dietary restrictions', '2026-06-03 10:13:22.282787+00:00'::timestamptz),
(257, 36, true, false, 'no dietary restrictions', '2026-06-03 10:13:22.282787+00:00'::timestamptz),
(257, 37, true, false, 'no dietary restrictions', '2026-06-03 10:13:22.282787+00:00'::timestamptz),
(257, 38, true, false, 'no dietary restrictions', '2026-06-03 10:13:22.282787+00:00'::timestamptz),
(257, 39, true, false, 'no dietary restrictions', '2026-06-03 10:13:22.282787+00:00'::timestamptz),
(257, 40, true, false, 'no dietary restrictions', '2026-06-03 10:13:22.282787+00:00'::timestamptz),
(258, 31, true, false, 'no dietary restrictions', '2026-06-03 10:13:19.987419+00:00'::timestamptz),
(258, 32, true, false, 'no dietary restrictions', '2026-06-03 10:13:19.987419+00:00'::timestamptz),
(258, 33, true, false, 'no dietary restrictions', '2026-06-03 10:13:19.987419+00:00'::timestamptz),
(258, 34, true, false, 'no dietary restrictions', '2026-06-03 10:13:19.987419+00:00'::timestamptz),
(258, 35, true, false, 'no dietary restrictions', '2026-06-03 10:13:19.987419+00:00'::timestamptz),
(258, 36, true, false, 'no dietary restrictions', '2026-06-03 10:13:19.987419+00:00'::timestamptz),
(258, 37, true, false, 'no dietary restrictions', '2026-06-03 10:13:19.987419+00:00'::timestamptz),
(258, 38, true, false, 'no dietary restrictions', '2026-06-03 10:13:19.987419+00:00'::timestamptz),
(258, 39, true, false, 'no dietary restrictions', '2026-06-03 10:13:19.987419+00:00'::timestamptz),
(258, 40, true, false, 'no dietary restrictions', '2026-06-03 10:13:19.987419+00:00'::timestamptz),
(259, 31, true, false, 'no dietary restrictions', '2026-06-03 10:13:26.368302+00:00'::timestamptz),
(259, 32, true, false, 'no dietary restrictions', '2026-06-03 10:13:26.368302+00:00'::timestamptz),
(259, 33, true, false, 'no dietary restrictions', '2026-06-03 10:13:26.368302+00:00'::timestamptz),
(259, 34, true, false, 'no dietary restrictions', '2026-06-03 10:13:26.368302+00:00'::timestamptz),
(259, 35, true, false, 'no dietary restrictions', '2026-06-03 10:13:26.368302+00:00'::timestamptz),
(259, 36, true, false, 'no dietary restrictions', '2026-06-03 10:13:26.368302+00:00'::timestamptz),
(259, 37, true, false, 'no dietary restrictions', '2026-06-03 10:13:26.368302+00:00'::timestamptz),
(259, 38, true, false, 'no dietary restrictions', '2026-06-03 10:13:26.368302+00:00'::timestamptz),
(259, 39, true, false, 'no dietary restrictions', '2026-06-03 10:13:26.368302+00:00'::timestamptz),
(259, 40, true, false, 'no dietary restrictions', '2026-06-03 10:13:26.368302+00:00'::timestamptz);
INSERT INTO student_eligible_meals (enrolment_id, menu_item_id, eligible, needs_tweak, rationale, computed_at) VALUES
(260, 31, true, false, 'no dietary restrictions', '2026-06-03 10:13:33.267015+00:00'::timestamptz),
(260, 32, true, false, 'no dietary restrictions', '2026-06-03 10:13:33.267015+00:00'::timestamptz),
(260, 33, true, false, 'no dietary restrictions', '2026-06-03 10:13:33.267015+00:00'::timestamptz),
(260, 34, true, false, 'no dietary restrictions', '2026-06-03 10:13:33.267015+00:00'::timestamptz),
(260, 35, true, false, 'no dietary restrictions', '2026-06-03 10:13:33.267015+00:00'::timestamptz),
(260, 36, true, false, 'no dietary restrictions', '2026-06-03 10:13:33.267015+00:00'::timestamptz),
(260, 37, true, false, 'no dietary restrictions', '2026-06-03 10:13:33.267015+00:00'::timestamptz),
(260, 38, true, false, 'no dietary restrictions', '2026-06-03 10:13:33.267015+00:00'::timestamptz),
(260, 39, true, false, 'no dietary restrictions', '2026-06-03 10:13:33.267015+00:00'::timestamptz),
(260, 40, true, false, 'no dietary restrictions', '2026-06-03 10:13:33.267015+00:00'::timestamptz),
(261, 31, true, false, 'no dietary restrictions', '2026-06-03 10:13:26.367720+00:00'::timestamptz),
(261, 32, true, false, 'no dietary restrictions', '2026-06-03 10:13:26.367720+00:00'::timestamptz),
(261, 33, true, false, 'no dietary restrictions', '2026-06-03 10:13:26.367720+00:00'::timestamptz),
(261, 34, true, false, 'no dietary restrictions', '2026-06-03 10:13:26.367720+00:00'::timestamptz),
(261, 35, true, false, 'no dietary restrictions', '2026-06-03 10:13:26.367720+00:00'::timestamptz),
(261, 36, true, false, 'no dietary restrictions', '2026-06-03 10:13:26.367720+00:00'::timestamptz),
(261, 37, true, false, 'no dietary restrictions', '2026-06-03 10:13:26.367720+00:00'::timestamptz),
(261, 38, true, false, 'no dietary restrictions', '2026-06-03 10:13:26.367720+00:00'::timestamptz),
(261, 39, true, false, 'no dietary restrictions', '2026-06-03 10:13:26.367720+00:00'::timestamptz),
(261, 40, true, false, 'no dietary restrictions', '2026-06-03 10:13:26.367720+00:00'::timestamptz),
(262, 31, true, false, 'no dietary restrictions', '2026-06-03 10:13:28.876797+00:00'::timestamptz),
(262, 32, true, false, 'no dietary restrictions', '2026-06-03 10:13:28.876797+00:00'::timestamptz),
(262, 33, true, false, 'no dietary restrictions', '2026-06-03 10:13:28.876797+00:00'::timestamptz),
(262, 34, true, false, 'no dietary restrictions', '2026-06-03 10:13:28.876797+00:00'::timestamptz),
(262, 35, true, false, 'no dietary restrictions', '2026-06-03 10:13:28.876797+00:00'::timestamptz),
(262, 36, true, false, 'no dietary restrictions', '2026-06-03 10:13:28.876797+00:00'::timestamptz),
(262, 37, true, false, 'no dietary restrictions', '2026-06-03 10:13:28.876797+00:00'::timestamptz),
(262, 38, true, false, 'no dietary restrictions', '2026-06-03 10:13:28.876797+00:00'::timestamptz),
(262, 39, true, false, 'no dietary restrictions', '2026-06-03 10:13:28.876797+00:00'::timestamptz),
(262, 40, true, false, 'no dietary restrictions', '2026-06-03 10:13:28.876797+00:00'::timestamptz),
(263, 31, true, false, 'no dietary restrictions', '2026-06-03 10:13:22.062645+00:00'::timestamptz),
(263, 32, true, false, 'no dietary restrictions', '2026-06-03 10:13:22.062645+00:00'::timestamptz),
(263, 33, true, false, 'no dietary restrictions', '2026-06-03 10:13:22.062645+00:00'::timestamptz),
(263, 34, true, false, 'no dietary restrictions', '2026-06-03 10:13:22.062645+00:00'::timestamptz),
(263, 35, true, false, 'no dietary restrictions', '2026-06-03 10:13:22.062645+00:00'::timestamptz),
(263, 36, true, false, 'no dietary restrictions', '2026-06-03 10:13:22.062645+00:00'::timestamptz),
(263, 37, true, false, 'no dietary restrictions', '2026-06-03 10:13:22.062645+00:00'::timestamptz),
(263, 38, true, false, 'no dietary restrictions', '2026-06-03 10:13:22.062645+00:00'::timestamptz),
(263, 39, true, false, 'no dietary restrictions', '2026-06-03 10:13:22.062645+00:00'::timestamptz),
(263, 40, true, false, 'no dietary restrictions', '2026-06-03 10:13:22.062645+00:00'::timestamptz),
(264, 31, true, false, 'no dietary restrictions', '2026-06-03 10:13:33.267457+00:00'::timestamptz),
(264, 32, true, false, 'no dietary restrictions', '2026-06-03 10:13:33.267457+00:00'::timestamptz),
(264, 33, true, false, 'no dietary restrictions', '2026-06-03 10:13:33.267457+00:00'::timestamptz),
(264, 34, true, false, 'no dietary restrictions', '2026-06-03 10:13:33.267457+00:00'::timestamptz),
(264, 35, true, false, 'no dietary restrictions', '2026-06-03 10:13:33.267457+00:00'::timestamptz),
(264, 36, true, false, 'no dietary restrictions', '2026-06-03 10:13:33.267457+00:00'::timestamptz),
(264, 37, true, false, 'no dietary restrictions', '2026-06-03 10:13:33.267457+00:00'::timestamptz),
(264, 38, true, false, 'no dietary restrictions', '2026-06-03 10:13:33.267457+00:00'::timestamptz),
(264, 39, true, false, 'no dietary restrictions', '2026-06-03 10:13:33.267457+00:00'::timestamptz),
(264, 40, true, false, 'no dietary restrictions', '2026-06-03 10:13:33.267457+00:00'::timestamptz),
(265, 31, true, false, 'no dietary restrictions', '2026-06-03 10:13:17.877899+00:00'::timestamptz),
(265, 32, true, false, 'no dietary restrictions', '2026-06-03 10:13:17.877899+00:00'::timestamptz),
(265, 33, true, false, 'no dietary restrictions', '2026-06-03 10:13:17.877899+00:00'::timestamptz),
(265, 34, true, false, 'no dietary restrictions', '2026-06-03 10:13:17.877899+00:00'::timestamptz),
(265, 35, true, false, 'no dietary restrictions', '2026-06-03 10:13:17.877899+00:00'::timestamptz),
(265, 36, true, false, 'no dietary restrictions', '2026-06-03 10:13:17.877899+00:00'::timestamptz),
(265, 37, true, false, 'no dietary restrictions', '2026-06-03 10:13:17.877899+00:00'::timestamptz),
(265, 38, true, false, 'no dietary restrictions', '2026-06-03 10:13:17.877899+00:00'::timestamptz),
(265, 39, true, false, 'no dietary restrictions', '2026-06-03 10:13:17.877899+00:00'::timestamptz),
(265, 40, true, false, 'no dietary restrictions', '2026-06-03 10:13:17.877899+00:00'::timestamptz),
(266, 31, true, true, 'The item''s tweaks explicitly state ''Vegetarian option available on request'', and the base contents note ''no meat, seafood-free'', so the vegetarian tweak confirms a fully meat/seafood-free version is available.', '2026-06-03 10:14:10.151027+00:00'::timestamptz),
(266, 32, true, true, 'The anchovy dressing contains seafood, violating the vegetarian restriction. However, the tweaks state ''Can omit anchovy dressing on request'', which removes the offending ingredient, making it safe.', '2026-06-03 10:14:10.151027+00:00'::timestamptz),
(266, 33, true, true, 'The protein is listed as ''type unspecified'', which could be meat. However, the tweaks explicitly state ''Vegetarian option available on request'', which would replace the unspecified protein with a vegetarian alternative, making it safe.', '2026-06-03 10:14:10.151027+00:00'::timestamptz),
(266, 34, true, true, 'Contains grilled chicken (meat), but the tweaks explicitly state ''Vegetarian option available on request'', which removes the meat and makes it safe for a vegetarian student.', '2026-06-03 10:14:10.151027+00:00'::timestamptz),
(266, 35, false, false, 'Contains pulled pork, which is meat. No tweaks are available to remove it.', '2026-06-03 10:14:10.151027+00:00'::timestamptz),
(266, 36, true, true, 'Contains seasoned meat (protein unspecified), violating the vegetarian restriction. However, tweaks state ''Vegetarian option available on request (beans instead of meat)'', which directly replaces the meat, making it safe.', '2026-06-03 10:14:10.151027+00:00'::timestamptz),
(266, 37, true, true, 'Contains seasoned meat (protein unspecified), violating the vegetarian restriction. However, tweaks state ''Vegetarian option available on request (beans instead of meat)'', which directly replaces the meat, making it safe.', '2026-06-03 10:14:10.151027+00:00'::timestamptz),
(266, 38, false, false, 'Contains grilled chicken, which is meat. No tweaks are available to remove it.', '2026-06-03 10:14:10.151027+00:00'::timestamptz),
(266, 39, false, false, 'Contains chicken, which is meat. No tweaks are available to remove it.', '2026-06-03 10:14:10.151027+00:00'::timestamptz),
(266, 40, false, false, 'Contains crispy chicken, which is meat. No tweaks are available to remove it.', '2026-06-03 10:14:10.151027+00:00'::timestamptz),
(267, 31, true, false, 'no dietary restrictions', '2026-06-03 10:13:40.671539+00:00'::timestamptz),
(267, 32, true, false, 'no dietary restrictions', '2026-06-03 10:13:40.671539+00:00'::timestamptz),
(267, 33, true, false, 'no dietary restrictions', '2026-06-03 10:13:40.671539+00:00'::timestamptz),
(267, 34, true, false, 'no dietary restrictions', '2026-06-03 10:13:40.671539+00:00'::timestamptz),
(267, 35, true, false, 'no dietary restrictions', '2026-06-03 10:13:40.671539+00:00'::timestamptz),
(267, 36, true, false, 'no dietary restrictions', '2026-06-03 10:13:40.671539+00:00'::timestamptz),
(267, 37, true, false, 'no dietary restrictions', '2026-06-03 10:13:40.671539+00:00'::timestamptz),
(267, 38, true, false, 'no dietary restrictions', '2026-06-03 10:13:40.671539+00:00'::timestamptz),
(267, 39, true, false, 'no dietary restrictions', '2026-06-03 10:13:40.671539+00:00'::timestamptz),
(267, 40, true, false, 'no dietary restrictions', '2026-06-03 10:13:40.671539+00:00'::timestamptz),
(268, 31, true, false, 'no dietary restrictions', '2026-06-03 10:13:51.248899+00:00'::timestamptz),
(268, 32, true, false, 'no dietary restrictions', '2026-06-03 10:13:51.248899+00:00'::timestamptz),
(268, 33, true, false, 'no dietary restrictions', '2026-06-03 10:13:51.248899+00:00'::timestamptz),
(268, 34, true, false, 'no dietary restrictions', '2026-06-03 10:13:51.248899+00:00'::timestamptz),
(268, 35, true, false, 'no dietary restrictions', '2026-06-03 10:13:51.248899+00:00'::timestamptz),
(268, 36, true, false, 'no dietary restrictions', '2026-06-03 10:13:51.248899+00:00'::timestamptz),
(268, 37, true, false, 'no dietary restrictions', '2026-06-03 10:13:51.248899+00:00'::timestamptz),
(268, 38, true, false, 'no dietary restrictions', '2026-06-03 10:13:51.248899+00:00'::timestamptz),
(268, 39, true, false, 'no dietary restrictions', '2026-06-03 10:13:51.248899+00:00'::timestamptz),
(268, 40, true, false, 'no dietary restrictions', '2026-06-03 10:13:51.248899+00:00'::timestamptz),
(269, 31, true, false, 'no dietary restrictions', '2026-06-03 10:13:53.886384+00:00'::timestamptz),
(269, 32, true, false, 'no dietary restrictions', '2026-06-03 10:13:53.886384+00:00'::timestamptz),
(269, 33, true, false, 'no dietary restrictions', '2026-06-03 10:13:53.886384+00:00'::timestamptz),
(269, 34, true, false, 'no dietary restrictions', '2026-06-03 10:13:53.886384+00:00'::timestamptz),
(269, 35, true, false, 'no dietary restrictions', '2026-06-03 10:13:53.886384+00:00'::timestamptz),
(269, 36, true, false, 'no dietary restrictions', '2026-06-03 10:13:53.886384+00:00'::timestamptz),
(269, 37, true, false, 'no dietary restrictions', '2026-06-03 10:13:53.886384+00:00'::timestamptz),
(269, 38, true, false, 'no dietary restrictions', '2026-06-03 10:13:53.886384+00:00'::timestamptz),
(269, 39, true, false, 'no dietary restrictions', '2026-06-03 10:13:53.886384+00:00'::timestamptz),
(269, 40, true, false, 'no dietary restrictions', '2026-06-03 10:13:53.886384+00:00'::timestamptz);
INSERT INTO student_eligible_meals (enrolment_id, menu_item_id, eligible, needs_tweak, rationale, computed_at) VALUES
(270, 31, true, false, 'Item is certified no_beef and no_pork. Contents confirm no meat. Satisfies both required restrictions.', '2026-06-03 10:14:07.051373+00:00'::timestamptz),
(270, 32, true, false, 'Item is certified no_beef and no_pork. Contains anchovy dressing (seafood), but neither beef nor pork is present or required to be avoided beyond the student''s stated restrictions. Both restrictions are fully satisfied.', '2026-06-03 10:14:07.051373+00:00'::timestamptz),
(270, 33, false, false, 'Protein type is unspecified and explicitly flagged to treat as unsafe for beef/pork. Item is not certified for no_beef or no_pork. The vegetarian tweak could remove the protein concern, but the item is not certified for no_beef/no_pork even with the tweak, and the tweak''s effect on certification is not stated.', '2026-06-03 10:14:07.051373+00:00'::timestamptz),
(270, 34, true, false, 'Item is certified no_beef and no_pork. Contains grilled chicken only as protein. Both restrictions are fully satisfied.', '2026-06-03 10:14:07.051373+00:00'::timestamptz),
(270, 35, false, false, 'Contains pulled pork as a primary ingredient. This directly violates the no_pork restriction. No tweak is available to remove the pork.', '2026-06-03 10:14:07.051373+00:00'::timestamptz),
(270, 36, true, true, 'Seasoned meat protein is unspecified and flagged as unsafe for beef; item is not certified no_beef or no_pork. However, the stated vegetarian tweak (beans instead of meat) removes the unspecified meat entirely, making it safe for both no_beef and no_pork restrictions.', '2026-06-03 10:14:07.051373+00:00'::timestamptz),
(270, 37, true, true, 'Seasoned meat protein is unspecified and flagged as unsafe for beef; item is not certified no_beef or no_pork. However, the stated vegetarian tweak (beans instead of meat) removes the unspecified meat entirely, making it safe for both no_beef and no_pork restrictions.', '2026-06-03 10:14:07.051373+00:00'::timestamptz),
(270, 38, true, false, 'Item is certified no_beef and no_pork. Contains grilled chicken only as protein. Both restrictions are fully satisfied.', '2026-06-03 10:14:07.051373+00:00'::timestamptz),
(270, 39, true, false, 'Item is certified no_beef and no_pork. Contains chicken only as protein. Both restrictions are fully satisfied.', '2026-06-03 10:14:07.051373+00:00'::timestamptz),
(270, 40, true, false, 'Item is certified no_beef and no_pork. Contains crispy chicken only as protein. Both restrictions are fully satisfied.', '2026-06-03 10:14:07.051373+00:00'::timestamptz),
(271, 31, true, false, 'no dietary restrictions', '2026-06-03 10:13:43.434007+00:00'::timestamptz),
(271, 32, true, false, 'no dietary restrictions', '2026-06-03 10:13:43.434007+00:00'::timestamptz),
(271, 33, true, false, 'no dietary restrictions', '2026-06-03 10:13:43.434007+00:00'::timestamptz),
(271, 34, true, false, 'no dietary restrictions', '2026-06-03 10:13:43.434007+00:00'::timestamptz),
(271, 35, true, false, 'no dietary restrictions', '2026-06-03 10:13:43.434007+00:00'::timestamptz),
(271, 36, true, false, 'no dietary restrictions', '2026-06-03 10:13:43.434007+00:00'::timestamptz),
(271, 37, true, false, 'no dietary restrictions', '2026-06-03 10:13:43.434007+00:00'::timestamptz),
(271, 38, true, false, 'no dietary restrictions', '2026-06-03 10:13:43.434007+00:00'::timestamptz),
(271, 39, true, false, 'no dietary restrictions', '2026-06-03 10:13:43.434007+00:00'::timestamptz),
(271, 40, true, false, 'no dietary restrictions', '2026-06-03 10:13:43.434007+00:00'::timestamptz),
(272, 31, true, false, 'no dietary restrictions', '2026-06-03 10:13:51.249561+00:00'::timestamptz),
(272, 32, true, false, 'no dietary restrictions', '2026-06-03 10:13:51.249561+00:00'::timestamptz),
(272, 33, true, false, 'no dietary restrictions', '2026-06-03 10:13:51.249561+00:00'::timestamptz),
(272, 34, true, false, 'no dietary restrictions', '2026-06-03 10:13:51.249561+00:00'::timestamptz),
(272, 35, true, false, 'no dietary restrictions', '2026-06-03 10:13:51.249561+00:00'::timestamptz),
(272, 36, true, false, 'no dietary restrictions', '2026-06-03 10:13:51.249561+00:00'::timestamptz),
(272, 37, true, false, 'no dietary restrictions', '2026-06-03 10:13:51.249561+00:00'::timestamptz),
(272, 38, true, false, 'no dietary restrictions', '2026-06-03 10:13:51.249561+00:00'::timestamptz),
(272, 39, true, false, 'no dietary restrictions', '2026-06-03 10:13:51.249561+00:00'::timestamptz),
(272, 40, true, false, 'no dietary restrictions', '2026-06-03 10:13:51.249561+00:00'::timestamptz),
(273, 31, true, false, 'no dietary restrictions', '2026-06-03 10:13:48.871132+00:00'::timestamptz),
(273, 32, true, false, 'no dietary restrictions', '2026-06-03 10:13:48.871132+00:00'::timestamptz),
(273, 33, true, false, 'no dietary restrictions', '2026-06-03 10:13:48.871132+00:00'::timestamptz),
(273, 34, true, false, 'no dietary restrictions', '2026-06-03 10:13:48.871132+00:00'::timestamptz),
(273, 35, true, false, 'no dietary restrictions', '2026-06-03 10:13:48.871132+00:00'::timestamptz),
(273, 36, true, false, 'no dietary restrictions', '2026-06-03 10:13:48.871132+00:00'::timestamptz),
(273, 37, true, false, 'no dietary restrictions', '2026-06-03 10:13:48.871132+00:00'::timestamptz),
(273, 38, true, false, 'no dietary restrictions', '2026-06-03 10:13:48.871132+00:00'::timestamptz),
(273, 39, true, false, 'no dietary restrictions', '2026-06-03 10:13:48.871132+00:00'::timestamptz),
(273, 40, true, false, 'no dietary restrictions', '2026-06-03 10:13:48.871132+00:00'::timestamptz),
(274, 31, true, false, 'no dietary restrictions', '2026-06-03 10:13:43.432584+00:00'::timestamptz),
(274, 32, true, false, 'no dietary restrictions', '2026-06-03 10:13:43.432584+00:00'::timestamptz),
(274, 33, true, false, 'no dietary restrictions', '2026-06-03 10:13:43.432584+00:00'::timestamptz),
(274, 34, true, false, 'no dietary restrictions', '2026-06-03 10:13:43.432584+00:00'::timestamptz),
(274, 35, true, false, 'no dietary restrictions', '2026-06-03 10:13:43.432584+00:00'::timestamptz),
(274, 36, true, false, 'no dietary restrictions', '2026-06-03 10:13:43.432584+00:00'::timestamptz),
(274, 37, true, false, 'no dietary restrictions', '2026-06-03 10:13:43.432584+00:00'::timestamptz),
(274, 38, true, false, 'no dietary restrictions', '2026-06-03 10:13:43.432584+00:00'::timestamptz),
(274, 39, true, false, 'no dietary restrictions', '2026-06-03 10:13:43.432584+00:00'::timestamptz),
(274, 40, true, false, 'no dietary restrictions', '2026-06-03 10:13:43.432584+00:00'::timestamptz),
(275, 31, true, false, 'no dietary restrictions', '2026-06-03 10:13:48.878488+00:00'::timestamptz),
(275, 32, true, false, 'no dietary restrictions', '2026-06-03 10:13:48.878488+00:00'::timestamptz),
(275, 33, true, false, 'no dietary restrictions', '2026-06-03 10:13:48.878488+00:00'::timestamptz),
(275, 34, true, false, 'no dietary restrictions', '2026-06-03 10:13:48.878488+00:00'::timestamptz),
(275, 35, true, false, 'no dietary restrictions', '2026-06-03 10:13:48.878488+00:00'::timestamptz),
(275, 36, true, false, 'no dietary restrictions', '2026-06-03 10:13:48.878488+00:00'::timestamptz),
(275, 37, true, false, 'no dietary restrictions', '2026-06-03 10:13:48.878488+00:00'::timestamptz),
(275, 38, true, false, 'no dietary restrictions', '2026-06-03 10:13:48.878488+00:00'::timestamptz),
(275, 39, true, false, 'no dietary restrictions', '2026-06-03 10:13:48.878488+00:00'::timestamptz),
(275, 40, true, false, 'no dietary restrictions', '2026-06-03 10:13:48.878488+00:00'::timestamptz),
(276, 31, true, false, 'no dietary restrictions', '2026-06-03 10:13:51.249398+00:00'::timestamptz),
(276, 32, true, false, 'no dietary restrictions', '2026-06-03 10:13:51.249398+00:00'::timestamptz),
(276, 33, true, false, 'no dietary restrictions', '2026-06-03 10:13:51.249398+00:00'::timestamptz),
(276, 34, true, false, 'no dietary restrictions', '2026-06-03 10:13:51.249398+00:00'::timestamptz),
(276, 35, true, false, 'no dietary restrictions', '2026-06-03 10:13:51.249398+00:00'::timestamptz),
(276, 36, true, false, 'no dietary restrictions', '2026-06-03 10:13:51.249398+00:00'::timestamptz),
(276, 37, true, false, 'no dietary restrictions', '2026-06-03 10:13:51.249398+00:00'::timestamptz),
(276, 38, true, false, 'no dietary restrictions', '2026-06-03 10:13:51.249398+00:00'::timestamptz),
(276, 39, true, false, 'no dietary restrictions', '2026-06-03 10:13:51.249398+00:00'::timestamptz),
(276, 40, true, false, 'no dietary restrictions', '2026-06-03 10:13:51.249398+00:00'::timestamptz),
(277, 31, true, false, 'no dietary restrictions', '2026-06-03 10:13:53.885329+00:00'::timestamptz),
(277, 32, true, false, 'no dietary restrictions', '2026-06-03 10:13:53.885329+00:00'::timestamptz),
(277, 33, true, false, 'no dietary restrictions', '2026-06-03 10:13:53.885329+00:00'::timestamptz),
(277, 34, true, false, 'no dietary restrictions', '2026-06-03 10:13:53.885329+00:00'::timestamptz),
(277, 35, true, false, 'no dietary restrictions', '2026-06-03 10:13:53.885329+00:00'::timestamptz),
(277, 36, true, false, 'no dietary restrictions', '2026-06-03 10:13:53.885329+00:00'::timestamptz),
(277, 37, true, false, 'no dietary restrictions', '2026-06-03 10:13:53.885329+00:00'::timestamptz),
(277, 38, true, false, 'no dietary restrictions', '2026-06-03 10:13:53.885329+00:00'::timestamptz),
(277, 39, true, false, 'no dietary restrictions', '2026-06-03 10:13:53.885329+00:00'::timestamptz),
(277, 40, true, false, 'no dietary restrictions', '2026-06-03 10:13:53.885329+00:00'::timestamptz),
(278, 31, true, false, 'no dietary restrictions', '2026-06-03 10:13:40.670358+00:00'::timestamptz),
(278, 32, true, false, 'no dietary restrictions', '2026-06-03 10:13:40.670358+00:00'::timestamptz),
(278, 33, true, false, 'no dietary restrictions', '2026-06-03 10:13:40.670358+00:00'::timestamptz),
(278, 34, true, false, 'no dietary restrictions', '2026-06-03 10:13:40.670358+00:00'::timestamptz),
(278, 35, true, false, 'no dietary restrictions', '2026-06-03 10:13:40.670358+00:00'::timestamptz),
(278, 36, true, false, 'no dietary restrictions', '2026-06-03 10:13:40.670358+00:00'::timestamptz),
(278, 37, true, false, 'no dietary restrictions', '2026-06-03 10:13:40.670358+00:00'::timestamptz),
(278, 38, true, false, 'no dietary restrictions', '2026-06-03 10:13:40.670358+00:00'::timestamptz),
(278, 39, true, false, 'no dietary restrictions', '2026-06-03 10:13:40.670358+00:00'::timestamptz),
(278, 40, true, false, 'no dietary restrictions', '2026-06-03 10:13:40.670358+00:00'::timestamptz),
(279, 31, true, false, 'no dietary restrictions', '2026-06-03 10:13:59.364593+00:00'::timestamptz),
(279, 32, true, false, 'no dietary restrictions', '2026-06-03 10:13:59.364593+00:00'::timestamptz),
(279, 33, true, false, 'no dietary restrictions', '2026-06-03 10:13:59.364593+00:00'::timestamptz),
(279, 34, true, false, 'no dietary restrictions', '2026-06-03 10:13:59.364593+00:00'::timestamptz),
(279, 35, true, false, 'no dietary restrictions', '2026-06-03 10:13:59.364593+00:00'::timestamptz),
(279, 36, true, false, 'no dietary restrictions', '2026-06-03 10:13:59.364593+00:00'::timestamptz),
(279, 37, true, false, 'no dietary restrictions', '2026-06-03 10:13:59.364593+00:00'::timestamptz),
(279, 38, true, false, 'no dietary restrictions', '2026-06-03 10:13:59.364593+00:00'::timestamptz),
(279, 39, true, false, 'no dietary restrictions', '2026-06-03 10:13:59.364593+00:00'::timestamptz),
(279, 40, true, false, 'no dietary restrictions', '2026-06-03 10:13:59.364593+00:00'::timestamptz);
INSERT INTO student_eligible_meals (enrolment_id, menu_item_id, eligible, needs_tweak, rationale, computed_at) VALUES
(280, 31, true, false, 'Contents explicitly state no meat and seafood-free. The tweaks note a ''vegetarian option available on request'', but the base item already contains no meat or seafood (egg, cheese, tortilla). Safe as-is for a vegetarian.', '2026-06-03 10:14:07.693562+00:00'::timestamptz),
(280, 32, true, true, 'The base item contains anchovy dressing, which is seafood and therefore not vegetarian. However, the tweaks_text states ''Can omit anchovy dressing on request'', which removes the offending ingredient.', '2026-06-03 10:14:07.693562+00:00'::timestamptz),
(280, 33, true, true, 'The base item contains ''protein (type unspecified)'', which cannot be assumed to be vegetarian. However, tweaks_text states ''Vegetarian option available on request'', which removes the unspecified protein and makes it safe for a vegetarian.', '2026-06-03 10:14:07.693562+00:00'::timestamptz),
(280, 34, true, true, 'The base item contains grilled chicken, which is meat and not vegetarian. Tweaks_text states ''Vegetarian option available on request'', which would remove the chicken and make it safe for a vegetarian.', '2026-06-03 10:14:07.693562+00:00'::timestamptz),
(280, 35, false, false, 'Contains pulled pork, which is meat. No tweak is available to remove it.', '2026-06-03 10:14:07.693562+00:00'::timestamptz),
(280, 36, true, true, 'The base item contains seasoned meat (unspecified protein), which is not vegetarian. Tweaks_text states ''Vegetarian option available on request (beans instead of meat)'', which removes the meat and makes it safe for a vegetarian.', '2026-06-03 10:14:07.693562+00:00'::timestamptz),
(280, 37, true, true, 'The base item contains seasoned meat (unspecified protein), which is not vegetarian. Tweaks_text states ''Vegetarian option available on request (beans instead of meat)'', which removes the meat and makes it safe for a vegetarian.', '2026-06-03 10:14:07.693562+00:00'::timestamptz),
(280, 38, false, false, 'Contains grilled chicken, which is meat. No tweak is available to remove it.', '2026-06-03 10:14:07.693562+00:00'::timestamptz),
(280, 39, false, false, 'Contains chicken, which is meat. No tweak is available to remove it.', '2026-06-03 10:14:07.693562+00:00'::timestamptz),
(280, 40, false, false, 'Contains crispy chicken, which is meat. No tweak is available to remove it.', '2026-06-03 10:14:07.693562+00:00'::timestamptz),
(281, 31, true, false, 'no dietary restrictions', '2026-06-03 10:13:48.870171+00:00'::timestamptz),
(281, 32, true, false, 'no dietary restrictions', '2026-06-03 10:13:48.870171+00:00'::timestamptz),
(281, 33, true, false, 'no dietary restrictions', '2026-06-03 10:13:48.870171+00:00'::timestamptz),
(281, 34, true, false, 'no dietary restrictions', '2026-06-03 10:13:48.870171+00:00'::timestamptz),
(281, 35, true, false, 'no dietary restrictions', '2026-06-03 10:13:48.870171+00:00'::timestamptz),
(281, 36, true, false, 'no dietary restrictions', '2026-06-03 10:13:48.870171+00:00'::timestamptz),
(281, 37, true, false, 'no dietary restrictions', '2026-06-03 10:13:48.870171+00:00'::timestamptz),
(281, 38, true, false, 'no dietary restrictions', '2026-06-03 10:13:48.870171+00:00'::timestamptz),
(281, 39, true, false, 'no dietary restrictions', '2026-06-03 10:13:48.870171+00:00'::timestamptz),
(281, 40, true, false, 'no dietary restrictions', '2026-06-03 10:13:48.870171+00:00'::timestamptz),
(282, 31, true, false, 'Item is certified no_nuts and contents explicitly state nut-free. All restrictions satisfied.', '2026-06-03 10:13:53.880150+00:00'::timestamptz),
(282, 32, true, false, 'Item is certified no_nuts and contents explicitly state nut-free. All restrictions satisfied.', '2026-06-03 10:13:53.880150+00:00'::timestamptz),
(282, 33, false, false, 'Contents state ''may contain nuts'' and item is not certified no_nuts. This violates the nut-free requirement. No tweak addresses nuts.', '2026-06-03 10:13:53.880150+00:00'::timestamptz),
(282, 35, true, false, 'Item is certified no_nuts and contents explicitly state nut-free. All restrictions satisfied.', '2026-06-03 10:13:53.880150+00:00'::timestamptz),
(283, 31, true, false, 'no dietary restrictions', '2026-06-03 10:13:53.886983+00:00'::timestamptz),
(283, 32, true, false, 'no dietary restrictions', '2026-06-03 10:13:53.886983+00:00'::timestamptz),
(283, 33, true, false, 'no dietary restrictions', '2026-06-03 10:13:53.886983+00:00'::timestamptz),
(283, 34, true, false, 'no dietary restrictions', '2026-06-03 10:13:53.886983+00:00'::timestamptz),
(283, 35, true, false, 'no dietary restrictions', '2026-06-03 10:13:53.886983+00:00'::timestamptz),
(283, 36, true, false, 'no dietary restrictions', '2026-06-03 10:13:53.886983+00:00'::timestamptz),
(283, 37, true, false, 'no dietary restrictions', '2026-06-03 10:13:53.886983+00:00'::timestamptz),
(283, 38, true, false, 'no dietary restrictions', '2026-06-03 10:13:53.886983+00:00'::timestamptz),
(283, 39, true, false, 'no dietary restrictions', '2026-06-03 10:13:53.886983+00:00'::timestamptz),
(283, 40, true, false, 'no dietary restrictions', '2026-06-03 10:13:53.886983+00:00'::timestamptz),
(284, 31, true, false, 'no dietary restrictions', '2026-06-03 10:13:43.433100+00:00'::timestamptz),
(284, 32, true, false, 'no dietary restrictions', '2026-06-03 10:13:43.433100+00:00'::timestamptz),
(284, 33, true, false, 'no dietary restrictions', '2026-06-03 10:13:43.433100+00:00'::timestamptz),
(284, 34, true, false, 'no dietary restrictions', '2026-06-03 10:13:43.433100+00:00'::timestamptz),
(284, 35, true, false, 'no dietary restrictions', '2026-06-03 10:13:43.433100+00:00'::timestamptz),
(284, 36, true, false, 'no dietary restrictions', '2026-06-03 10:13:43.433100+00:00'::timestamptz),
(284, 37, true, false, 'no dietary restrictions', '2026-06-03 10:13:43.433100+00:00'::timestamptz),
(284, 38, true, false, 'no dietary restrictions', '2026-06-03 10:13:43.433100+00:00'::timestamptz),
(284, 39, true, false, 'no dietary restrictions', '2026-06-03 10:13:43.433100+00:00'::timestamptz),
(284, 40, true, false, 'no dietary restrictions', '2026-06-03 10:13:43.433100+00:00'::timestamptz),
(285, 31, true, false, 'no dietary restrictions', '2026-06-03 10:14:02.171165+00:00'::timestamptz),
(285, 32, true, false, 'no dietary restrictions', '2026-06-03 10:14:02.171165+00:00'::timestamptz),
(285, 33, true, false, 'no dietary restrictions', '2026-06-03 10:14:02.171165+00:00'::timestamptz),
(285, 34, true, false, 'no dietary restrictions', '2026-06-03 10:14:02.171165+00:00'::timestamptz),
(285, 35, true, false, 'no dietary restrictions', '2026-06-03 10:14:02.171165+00:00'::timestamptz),
(285, 36, true, false, 'no dietary restrictions', '2026-06-03 10:14:02.171165+00:00'::timestamptz),
(285, 37, true, false, 'no dietary restrictions', '2026-06-03 10:14:02.171165+00:00'::timestamptz),
(285, 38, true, false, 'no dietary restrictions', '2026-06-03 10:14:02.171165+00:00'::timestamptz),
(285, 39, true, false, 'no dietary restrictions', '2026-06-03 10:14:02.171165+00:00'::timestamptz),
(285, 40, true, false, 'no dietary restrictions', '2026-06-03 10:14:02.171165+00:00'::timestamptz),
(286, 31, true, false, 'no dietary restrictions', '2026-06-03 10:13:43.432378+00:00'::timestamptz),
(286, 32, true, false, 'no dietary restrictions', '2026-06-03 10:13:43.432378+00:00'::timestamptz),
(286, 33, true, false, 'no dietary restrictions', '2026-06-03 10:13:43.432378+00:00'::timestamptz),
(286, 34, true, false, 'no dietary restrictions', '2026-06-03 10:13:43.432378+00:00'::timestamptz),
(286, 35, true, false, 'no dietary restrictions', '2026-06-03 10:13:43.432378+00:00'::timestamptz),
(286, 36, true, false, 'no dietary restrictions', '2026-06-03 10:13:43.432378+00:00'::timestamptz),
(286, 37, true, false, 'no dietary restrictions', '2026-06-03 10:13:43.432378+00:00'::timestamptz),
(286, 38, true, false, 'no dietary restrictions', '2026-06-03 10:13:43.432378+00:00'::timestamptz),
(286, 39, true, false, 'no dietary restrictions', '2026-06-03 10:13:43.432378+00:00'::timestamptz),
(286, 40, true, false, 'no dietary restrictions', '2026-06-03 10:13:43.432378+00:00'::timestamptz),
(287, 31, true, false, 'no dietary restrictions', '2026-06-03 10:13:59.363483+00:00'::timestamptz),
(287, 32, true, false, 'no dietary restrictions', '2026-06-03 10:13:59.363483+00:00'::timestamptz),
(287, 33, true, false, 'no dietary restrictions', '2026-06-03 10:13:59.363483+00:00'::timestamptz),
(287, 34, true, false, 'no dietary restrictions', '2026-06-03 10:13:59.363483+00:00'::timestamptz),
(287, 35, true, false, 'no dietary restrictions', '2026-06-03 10:13:59.363483+00:00'::timestamptz),
(287, 36, true, false, 'no dietary restrictions', '2026-06-03 10:13:59.363483+00:00'::timestamptz),
(287, 37, true, false, 'no dietary restrictions', '2026-06-03 10:13:59.363483+00:00'::timestamptz),
(287, 38, true, false, 'no dietary restrictions', '2026-06-03 10:13:59.363483+00:00'::timestamptz),
(287, 39, true, false, 'no dietary restrictions', '2026-06-03 10:13:59.363483+00:00'::timestamptz),
(287, 40, true, false, 'no dietary restrictions', '2026-06-03 10:13:59.363483+00:00'::timestamptz),
(288, 31, true, false, 'no dietary restrictions', '2026-06-03 10:13:53.886517+00:00'::timestamptz),
(288, 32, true, false, 'no dietary restrictions', '2026-06-03 10:13:53.886517+00:00'::timestamptz),
(288, 33, true, false, 'no dietary restrictions', '2026-06-03 10:13:53.886517+00:00'::timestamptz),
(288, 34, true, false, 'no dietary restrictions', '2026-06-03 10:13:53.886517+00:00'::timestamptz),
(288, 35, true, false, 'no dietary restrictions', '2026-06-03 10:13:53.886517+00:00'::timestamptz),
(288, 36, true, false, 'no dietary restrictions', '2026-06-03 10:13:53.886517+00:00'::timestamptz),
(288, 37, true, false, 'no dietary restrictions', '2026-06-03 10:13:53.886517+00:00'::timestamptz),
(288, 38, true, false, 'no dietary restrictions', '2026-06-03 10:13:53.886517+00:00'::timestamptz),
(288, 39, true, false, 'no dietary restrictions', '2026-06-03 10:13:53.886517+00:00'::timestamptz),
(288, 40, true, false, 'no dietary restrictions', '2026-06-03 10:13:53.886517+00:00'::timestamptz),
(289, 31, true, false, 'no dietary restrictions', '2026-06-03 10:13:40.670240+00:00'::timestamptz),
(289, 32, true, false, 'no dietary restrictions', '2026-06-03 10:13:40.670240+00:00'::timestamptz),
(289, 33, true, false, 'no dietary restrictions', '2026-06-03 10:13:40.670240+00:00'::timestamptz),
(289, 34, true, false, 'no dietary restrictions', '2026-06-03 10:13:40.670240+00:00'::timestamptz),
(289, 35, true, false, 'no dietary restrictions', '2026-06-03 10:13:40.670240+00:00'::timestamptz),
(289, 36, true, false, 'no dietary restrictions', '2026-06-03 10:13:40.670240+00:00'::timestamptz),
(289, 37, true, false, 'no dietary restrictions', '2026-06-03 10:13:40.670240+00:00'::timestamptz),
(289, 38, true, false, 'no dietary restrictions', '2026-06-03 10:13:40.670240+00:00'::timestamptz),
(289, 39, true, false, 'no dietary restrictions', '2026-06-03 10:13:40.670240+00:00'::timestamptz),
(289, 40, true, false, 'no dietary restrictions', '2026-06-03 10:13:40.670240+00:00'::timestamptz),
(290, 31, true, false, 'no dietary restrictions', '2026-06-03 10:13:48.869457+00:00'::timestamptz),
(290, 32, true, false, 'no dietary restrictions', '2026-06-03 10:13:48.869457+00:00'::timestamptz),
(290, 33, true, false, 'no dietary restrictions', '2026-06-03 10:13:48.869457+00:00'::timestamptz),
(290, 34, true, false, 'no dietary restrictions', '2026-06-03 10:13:48.869457+00:00'::timestamptz),
(290, 35, true, false, 'no dietary restrictions', '2026-06-03 10:13:48.869457+00:00'::timestamptz),
(290, 36, true, false, 'no dietary restrictions', '2026-06-03 10:13:48.869457+00:00'::timestamptz);
INSERT INTO student_eligible_meals (enrolment_id, menu_item_id, eligible, needs_tweak, rationale, computed_at) VALUES
(290, 37, true, false, 'no dietary restrictions', '2026-06-03 10:13:48.869457+00:00'::timestamptz),
(290, 38, true, false, 'no dietary restrictions', '2026-06-03 10:13:48.869457+00:00'::timestamptz),
(290, 39, true, false, 'no dietary restrictions', '2026-06-03 10:13:48.869457+00:00'::timestamptz),
(290, 40, true, false, 'no dietary restrictions', '2026-06-03 10:13:48.869457+00:00'::timestamptz),
(292, 31, true, false, 'no dietary restrictions', '2026-06-03 10:13:43.431656+00:00'::timestamptz),
(292, 32, true, false, 'no dietary restrictions', '2026-06-03 10:13:43.431656+00:00'::timestamptz),
(292, 33, true, false, 'no dietary restrictions', '2026-06-03 10:13:43.431656+00:00'::timestamptz),
(292, 34, true, false, 'no dietary restrictions', '2026-06-03 10:13:43.431656+00:00'::timestamptz),
(292, 35, true, false, 'no dietary restrictions', '2026-06-03 10:13:43.431656+00:00'::timestamptz),
(292, 36, true, false, 'no dietary restrictions', '2026-06-03 10:13:43.431656+00:00'::timestamptz),
(292, 37, true, false, 'no dietary restrictions', '2026-06-03 10:13:43.431656+00:00'::timestamptz),
(292, 38, true, false, 'no dietary restrictions', '2026-06-03 10:13:43.431656+00:00'::timestamptz),
(292, 39, true, false, 'no dietary restrictions', '2026-06-03 10:13:43.431656+00:00'::timestamptz),
(292, 40, true, false, 'no dietary restrictions', '2026-06-03 10:13:43.431656+00:00'::timestamptz),
(293, 31, true, false, 'no dietary restrictions', '2026-06-03 10:13:59.364426+00:00'::timestamptz),
(293, 32, true, false, 'no dietary restrictions', '2026-06-03 10:13:59.364426+00:00'::timestamptz),
(293, 33, true, false, 'no dietary restrictions', '2026-06-03 10:13:59.364426+00:00'::timestamptz),
(293, 34, true, false, 'no dietary restrictions', '2026-06-03 10:13:59.364426+00:00'::timestamptz),
(293, 35, true, false, 'no dietary restrictions', '2026-06-03 10:13:59.364426+00:00'::timestamptz),
(293, 36, true, false, 'no dietary restrictions', '2026-06-03 10:13:59.364426+00:00'::timestamptz),
(293, 37, true, false, 'no dietary restrictions', '2026-06-03 10:13:59.364426+00:00'::timestamptz),
(293, 38, true, false, 'no dietary restrictions', '2026-06-03 10:13:59.364426+00:00'::timestamptz),
(293, 39, true, false, 'no dietary restrictions', '2026-06-03 10:13:59.364426+00:00'::timestamptz),
(293, 40, true, false, 'no dietary restrictions', '2026-06-03 10:13:59.364426+00:00'::timestamptz),
(294, 31, true, false, 'no dietary restrictions', '2026-06-03 10:13:40.671697+00:00'::timestamptz),
(294, 32, true, false, 'no dietary restrictions', '2026-06-03 10:13:40.671697+00:00'::timestamptz),
(294, 33, true, false, 'no dietary restrictions', '2026-06-03 10:13:40.671697+00:00'::timestamptz),
(294, 34, true, false, 'no dietary restrictions', '2026-06-03 10:13:40.671697+00:00'::timestamptz),
(294, 35, true, false, 'no dietary restrictions', '2026-06-03 10:13:40.671697+00:00'::timestamptz),
(294, 36, true, false, 'no dietary restrictions', '2026-06-03 10:13:40.671697+00:00'::timestamptz),
(294, 37, true, false, 'no dietary restrictions', '2026-06-03 10:13:40.671697+00:00'::timestamptz),
(294, 38, true, false, 'no dietary restrictions', '2026-06-03 10:13:40.671697+00:00'::timestamptz),
(294, 39, true, false, 'no dietary restrictions', '2026-06-03 10:13:40.671697+00:00'::timestamptz),
(294, 40, true, false, 'no dietary restrictions', '2026-06-03 10:13:40.671697+00:00'::timestamptz),
(295, 31, true, false, 'no dietary restrictions', '2026-06-03 10:13:53.885431+00:00'::timestamptz),
(295, 32, true, false, 'no dietary restrictions', '2026-06-03 10:13:53.885431+00:00'::timestamptz),
(295, 33, true, false, 'no dietary restrictions', '2026-06-03 10:13:53.885431+00:00'::timestamptz),
(295, 34, true, false, 'no dietary restrictions', '2026-06-03 10:13:53.885431+00:00'::timestamptz),
(295, 35, true, false, 'no dietary restrictions', '2026-06-03 10:13:53.885431+00:00'::timestamptz),
(295, 36, true, false, 'no dietary restrictions', '2026-06-03 10:13:53.885431+00:00'::timestamptz),
(295, 37, true, false, 'no dietary restrictions', '2026-06-03 10:13:53.885431+00:00'::timestamptz),
(295, 38, true, false, 'no dietary restrictions', '2026-06-03 10:13:53.885431+00:00'::timestamptz),
(295, 39, true, false, 'no dietary restrictions', '2026-06-03 10:13:53.885431+00:00'::timestamptz),
(295, 40, true, false, 'no dietary restrictions', '2026-06-03 10:13:53.885431+00:00'::timestamptz),
(296, 31, true, false, 'no dietary restrictions', '2026-06-03 10:13:56.448482+00:00'::timestamptz),
(296, 32, true, false, 'no dietary restrictions', '2026-06-03 10:13:56.448482+00:00'::timestamptz),
(296, 33, true, false, 'no dietary restrictions', '2026-06-03 10:13:56.448482+00:00'::timestamptz),
(296, 34, true, false, 'no dietary restrictions', '2026-06-03 10:13:56.448482+00:00'::timestamptz),
(296, 35, true, false, 'no dietary restrictions', '2026-06-03 10:13:56.448482+00:00'::timestamptz),
(296, 36, true, false, 'no dietary restrictions', '2026-06-03 10:13:56.448482+00:00'::timestamptz),
(296, 37, true, false, 'no dietary restrictions', '2026-06-03 10:13:56.448482+00:00'::timestamptz),
(296, 38, true, false, 'no dietary restrictions', '2026-06-03 10:13:56.448482+00:00'::timestamptz),
(296, 39, true, false, 'no dietary restrictions', '2026-06-03 10:13:56.448482+00:00'::timestamptz),
(296, 40, true, false, 'no dietary restrictions', '2026-06-03 10:13:56.448482+00:00'::timestamptz),
(297, 31, true, false, 'no dietary restrictions', '2026-06-03 10:13:56.450952+00:00'::timestamptz),
(297, 32, true, false, 'no dietary restrictions', '2026-06-03 10:13:56.450952+00:00'::timestamptz),
(297, 33, true, false, 'no dietary restrictions', '2026-06-03 10:13:56.450952+00:00'::timestamptz),
(297, 34, true, false, 'no dietary restrictions', '2026-06-03 10:13:56.450952+00:00'::timestamptz),
(297, 35, true, false, 'no dietary restrictions', '2026-06-03 10:13:56.450952+00:00'::timestamptz),
(297, 36, true, false, 'no dietary restrictions', '2026-06-03 10:13:56.450952+00:00'::timestamptz),
(297, 37, true, false, 'no dietary restrictions', '2026-06-03 10:13:56.450952+00:00'::timestamptz),
(297, 38, true, false, 'no dietary restrictions', '2026-06-03 10:13:56.450952+00:00'::timestamptz),
(297, 39, true, false, 'no dietary restrictions', '2026-06-03 10:13:56.450952+00:00'::timestamptz),
(297, 40, true, false, 'no dietary restrictions', '2026-06-03 10:13:56.450952+00:00'::timestamptz),
(298, 31, true, false, 'no dietary restrictions', '2026-06-03 10:13:46.347785+00:00'::timestamptz),
(298, 32, true, false, 'no dietary restrictions', '2026-06-03 10:13:46.347785+00:00'::timestamptz),
(298, 33, true, false, 'no dietary restrictions', '2026-06-03 10:13:46.347785+00:00'::timestamptz),
(298, 34, true, false, 'no dietary restrictions', '2026-06-03 10:13:46.347785+00:00'::timestamptz),
(298, 35, true, false, 'no dietary restrictions', '2026-06-03 10:13:46.347785+00:00'::timestamptz),
(298, 36, true, false, 'no dietary restrictions', '2026-06-03 10:13:46.347785+00:00'::timestamptz),
(298, 37, true, false, 'no dietary restrictions', '2026-06-03 10:13:46.347785+00:00'::timestamptz),
(298, 38, true, false, 'no dietary restrictions', '2026-06-03 10:13:46.347785+00:00'::timestamptz),
(298, 39, true, false, 'no dietary restrictions', '2026-06-03 10:13:46.347785+00:00'::timestamptz),
(298, 40, true, false, 'no dietary restrictions', '2026-06-03 10:13:46.347785+00:00'::timestamptz),
(299, 31, true, false, 'no dietary restrictions', '2026-06-03 10:13:40.670499+00:00'::timestamptz),
(299, 32, true, false, 'no dietary restrictions', '2026-06-03 10:13:40.670499+00:00'::timestamptz),
(299, 33, true, false, 'no dietary restrictions', '2026-06-03 10:13:40.670499+00:00'::timestamptz),
(299, 34, true, false, 'no dietary restrictions', '2026-06-03 10:13:40.670499+00:00'::timestamptz),
(299, 35, true, false, 'no dietary restrictions', '2026-06-03 10:13:40.670499+00:00'::timestamptz),
(299, 36, true, false, 'no dietary restrictions', '2026-06-03 10:13:40.670499+00:00'::timestamptz),
(299, 37, true, false, 'no dietary restrictions', '2026-06-03 10:13:40.670499+00:00'::timestamptz),
(299, 38, true, false, 'no dietary restrictions', '2026-06-03 10:13:40.670499+00:00'::timestamptz),
(299, 39, true, false, 'no dietary restrictions', '2026-06-03 10:13:40.670499+00:00'::timestamptz),
(299, 40, true, false, 'no dietary restrictions', '2026-06-03 10:13:40.670499+00:00'::timestamptz),
(300, 31, true, false, 'no dietary restrictions', '2026-06-03 10:13:56.886640+00:00'::timestamptz),
(300, 32, true, false, 'no dietary restrictions', '2026-06-03 10:13:56.886640+00:00'::timestamptz),
(300, 33, true, false, 'no dietary restrictions', '2026-06-03 10:13:56.886640+00:00'::timestamptz),
(300, 34, true, false, 'no dietary restrictions', '2026-06-03 10:13:56.886640+00:00'::timestamptz),
(300, 35, true, false, 'no dietary restrictions', '2026-06-03 10:13:56.886640+00:00'::timestamptz),
(300, 36, true, false, 'no dietary restrictions', '2026-06-03 10:13:56.886640+00:00'::timestamptz),
(300, 37, true, false, 'no dietary restrictions', '2026-06-03 10:13:56.886640+00:00'::timestamptz),
(300, 38, true, false, 'no dietary restrictions', '2026-06-03 10:13:56.886640+00:00'::timestamptz),
(300, 39, true, false, 'no dietary restrictions', '2026-06-03 10:13:56.886640+00:00'::timestamptz),
(300, 40, true, false, 'no dietary restrictions', '2026-06-03 10:13:56.886640+00:00'::timestamptz),
(301, 31, true, false, 'no dietary restrictions', '2026-06-03 10:13:43.429953+00:00'::timestamptz),
(301, 32, true, false, 'no dietary restrictions', '2026-06-03 10:13:43.429953+00:00'::timestamptz),
(301, 33, true, false, 'no dietary restrictions', '2026-06-03 10:13:43.429953+00:00'::timestamptz),
(301, 34, true, false, 'no dietary restrictions', '2026-06-03 10:13:43.429953+00:00'::timestamptz),
(301, 35, true, false, 'no dietary restrictions', '2026-06-03 10:13:43.429953+00:00'::timestamptz),
(301, 36, true, false, 'no dietary restrictions', '2026-06-03 10:13:43.429953+00:00'::timestamptz);
INSERT INTO student_eligible_meals (enrolment_id, menu_item_id, eligible, needs_tweak, rationale, computed_at) VALUES
(301, 37, true, false, 'no dietary restrictions', '2026-06-03 10:13:43.429953+00:00'::timestamptz),
(301, 38, true, false, 'no dietary restrictions', '2026-06-03 10:13:43.429953+00:00'::timestamptz),
(301, 39, true, false, 'no dietary restrictions', '2026-06-03 10:13:43.429953+00:00'::timestamptz),
(301, 40, true, false, 'no dietary restrictions', '2026-06-03 10:13:43.429953+00:00'::timestamptz),
(302, 31, true, false, 'no dietary restrictions', '2026-06-03 10:13:46.355541+00:00'::timestamptz),
(302, 32, true, false, 'no dietary restrictions', '2026-06-03 10:13:46.355541+00:00'::timestamptz),
(302, 33, true, false, 'no dietary restrictions', '2026-06-03 10:13:46.355541+00:00'::timestamptz),
(302, 34, true, false, 'no dietary restrictions', '2026-06-03 10:13:46.355541+00:00'::timestamptz),
(302, 35, true, false, 'no dietary restrictions', '2026-06-03 10:13:46.355541+00:00'::timestamptz),
(302, 36, true, false, 'no dietary restrictions', '2026-06-03 10:13:46.355541+00:00'::timestamptz),
(302, 37, true, false, 'no dietary restrictions', '2026-06-03 10:13:46.355541+00:00'::timestamptz),
(302, 38, true, false, 'no dietary restrictions', '2026-06-03 10:13:46.355541+00:00'::timestamptz),
(302, 39, true, false, 'no dietary restrictions', '2026-06-03 10:13:46.355541+00:00'::timestamptz),
(302, 40, true, false, 'no dietary restrictions', '2026-06-03 10:13:46.355541+00:00'::timestamptz),
(303, 31, true, false, 'Item is certified halal. No pork or non-halal meat present (no meat at all). All contents are halal-compatible and the item carries halal certification.', '2026-06-03 10:13:56.854181+00:00'::timestamptz),
(303, 32, true, false, 'Item is certified halal. Anchovy dressing raises a seafood concern but halal certification is explicitly stated. The student''s only requirement is halal, and the item is certified to satisfy halal.', '2026-06-03 10:13:56.854181+00:00'::timestamptz),
(303, 33, false, false, 'Protein type is unspecified and must be treated as unsafe for halal. The item is NOT certified halal (only certified no_seafood). No tweak resolves the halal concern — the vegetarian option removes the meat but the item still lacks halal certification overall.', '2026-06-03 10:13:56.854181+00:00'::timestamptz),
(303, 34, true, false, 'Item is certified halal. Contains grilled chicken (halal), flour tortilla, rice, and cheese. Satisfies the student''s halal requirement.', '2026-06-03 10:13:56.854181+00:00'::timestamptz),
(303, 35, false, false, 'Contains pulled pork, which is explicitly non-halal (pork is forbidden). Item is not certified halal. No tweak is available to remove the pork.', '2026-06-03 10:13:56.854181+00:00'::timestamptz),
(303, 36, true, true, 'Seasoned meat is unspecified and not halal-certified; item is NOT certified halal as-is. However, the stated tweak (vegetarian option with beans instead of meat) removes the non-halal risk. With this tweak the item contains only corn chips, cheese, and beans — no halal-violating ingredient.', '2026-06-03 10:13:56.854181+00:00'::timestamptz),
(303, 37, true, true, 'Seasoned meat is unspecified and not halal-certified; item is NOT certified halal as-is. However, the stated tweak (vegetarian option with beans instead of meat) removes the non-halal risk. With this tweak the item contains only fries, cheese, and beans — no halal-violating ingredient.', '2026-06-03 10:13:56.854181+00:00'::timestamptz),
(303, 38, true, false, 'Item is certified halal. Contains grilled chicken (halal), flour tortilla, and cheese. Satisfies the student''s halal requirement.', '2026-06-03 10:13:56.854181+00:00'::timestamptz),
(303, 39, true, false, 'Item is explicitly certified halal. Contains halal chicken, corn tortilla, enchilada sauce, and rice. Satisfies the student''s halal requirement.', '2026-06-03 10:13:56.854181+00:00'::timestamptz),
(303, 40, true, false, 'Item is certified halal. Contains crispy chicken (halal), tortilla, and cheese. Satisfies the student''s halal requirement.', '2026-06-03 10:13:56.854181+00:00'::timestamptz),
(304, 31, true, false, 'no dietary restrictions', '2026-06-03 10:13:51.250783+00:00'::timestamptz),
(304, 32, true, false, 'no dietary restrictions', '2026-06-03 10:13:51.250783+00:00'::timestamptz),
(304, 33, true, false, 'no dietary restrictions', '2026-06-03 10:13:51.250783+00:00'::timestamptz),
(304, 34, true, false, 'no dietary restrictions', '2026-06-03 10:13:51.250783+00:00'::timestamptz),
(304, 35, true, false, 'no dietary restrictions', '2026-06-03 10:13:51.250783+00:00'::timestamptz),
(304, 36, true, false, 'no dietary restrictions', '2026-06-03 10:13:51.250783+00:00'::timestamptz),
(304, 37, true, false, 'no dietary restrictions', '2026-06-03 10:13:51.250783+00:00'::timestamptz),
(304, 38, true, false, 'no dietary restrictions', '2026-06-03 10:13:51.250783+00:00'::timestamptz),
(304, 39, true, false, 'no dietary restrictions', '2026-06-03 10:13:51.250783+00:00'::timestamptz),
(304, 40, true, false, 'no dietary restrictions', '2026-06-03 10:13:51.250783+00:00'::timestamptz),
(305, 31, true, false, 'no dietary restrictions', '2026-06-03 10:14:00.019789+00:00'::timestamptz),
(305, 32, true, false, 'no dietary restrictions', '2026-06-03 10:14:00.019789+00:00'::timestamptz),
(305, 33, true, false, 'no dietary restrictions', '2026-06-03 10:14:00.019789+00:00'::timestamptz),
(305, 34, true, false, 'no dietary restrictions', '2026-06-03 10:14:00.019789+00:00'::timestamptz),
(305, 35, true, false, 'no dietary restrictions', '2026-06-03 10:14:00.019789+00:00'::timestamptz),
(305, 36, true, false, 'no dietary restrictions', '2026-06-03 10:14:00.019789+00:00'::timestamptz),
(305, 37, true, false, 'no dietary restrictions', '2026-06-03 10:14:00.019789+00:00'::timestamptz),
(305, 38, true, false, 'no dietary restrictions', '2026-06-03 10:14:00.019789+00:00'::timestamptz),
(305, 39, true, false, 'no dietary restrictions', '2026-06-03 10:14:00.019789+00:00'::timestamptz),
(305, 40, true, false, 'no dietary restrictions', '2026-06-03 10:14:00.019789+00:00'::timestamptz),
(306, 31, true, false, 'no dietary restrictions', '2026-06-03 10:13:51.249472+00:00'::timestamptz),
(306, 32, true, false, 'no dietary restrictions', '2026-06-03 10:13:51.249472+00:00'::timestamptz),
(306, 33, true, false, 'no dietary restrictions', '2026-06-03 10:13:51.249472+00:00'::timestamptz),
(306, 34, true, false, 'no dietary restrictions', '2026-06-03 10:13:51.249472+00:00'::timestamptz),
(306, 35, true, false, 'no dietary restrictions', '2026-06-03 10:13:51.249472+00:00'::timestamptz),
(306, 36, true, false, 'no dietary restrictions', '2026-06-03 10:13:51.249472+00:00'::timestamptz),
(306, 37, true, false, 'no dietary restrictions', '2026-06-03 10:13:51.249472+00:00'::timestamptz),
(306, 38, true, false, 'no dietary restrictions', '2026-06-03 10:13:51.249472+00:00'::timestamptz),
(306, 39, true, false, 'no dietary restrictions', '2026-06-03 10:13:51.249472+00:00'::timestamptz),
(306, 40, true, false, 'no dietary restrictions', '2026-06-03 10:13:51.249472+00:00'::timestamptz),
(307, 31, true, false, 'no dietary restrictions', '2026-06-03 10:14:00.320183+00:00'::timestamptz),
(307, 32, true, false, 'no dietary restrictions', '2026-06-03 10:14:00.320183+00:00'::timestamptz),
(307, 33, true, false, 'no dietary restrictions', '2026-06-03 10:14:00.320183+00:00'::timestamptz),
(307, 34, true, false, 'no dietary restrictions', '2026-06-03 10:14:00.320183+00:00'::timestamptz),
(307, 35, true, false, 'no dietary restrictions', '2026-06-03 10:14:00.320183+00:00'::timestamptz),
(307, 36, true, false, 'no dietary restrictions', '2026-06-03 10:14:00.320183+00:00'::timestamptz),
(307, 37, true, false, 'no dietary restrictions', '2026-06-03 10:14:00.320183+00:00'::timestamptz),
(307, 38, true, false, 'no dietary restrictions', '2026-06-03 10:14:00.320183+00:00'::timestamptz),
(307, 39, true, false, 'no dietary restrictions', '2026-06-03 10:14:00.320183+00:00'::timestamptz),
(307, 40, true, false, 'no dietary restrictions', '2026-06-03 10:14:00.320183+00:00'::timestamptz),
(308, 31, true, false, 'no dietary restrictions', '2026-06-03 10:13:56.448943+00:00'::timestamptz),
(308, 32, true, false, 'no dietary restrictions', '2026-06-03 10:13:56.448943+00:00'::timestamptz),
(308, 33, true, false, 'no dietary restrictions', '2026-06-03 10:13:56.448943+00:00'::timestamptz),
(308, 34, true, false, 'no dietary restrictions', '2026-06-03 10:13:56.448943+00:00'::timestamptz),
(308, 35, true, false, 'no dietary restrictions', '2026-06-03 10:13:56.448943+00:00'::timestamptz),
(308, 36, true, false, 'no dietary restrictions', '2026-06-03 10:13:56.448943+00:00'::timestamptz),
(308, 37, true, false, 'no dietary restrictions', '2026-06-03 10:13:56.448943+00:00'::timestamptz),
(308, 38, true, false, 'no dietary restrictions', '2026-06-03 10:13:56.448943+00:00'::timestamptz),
(308, 39, true, false, 'no dietary restrictions', '2026-06-03 10:13:56.448943+00:00'::timestamptz),
(308, 40, true, false, 'no dietary restrictions', '2026-06-03 10:13:56.448943+00:00'::timestamptz),
(309, 31, true, false, 'no dietary restrictions', '2026-06-03 10:14:02.171874+00:00'::timestamptz),
(309, 32, true, false, 'no dietary restrictions', '2026-06-03 10:14:02.171874+00:00'::timestamptz),
(309, 33, true, false, 'no dietary restrictions', '2026-06-03 10:14:02.171874+00:00'::timestamptz),
(309, 34, true, false, 'no dietary restrictions', '2026-06-03 10:14:02.171874+00:00'::timestamptz),
(309, 35, true, false, 'no dietary restrictions', '2026-06-03 10:14:02.171874+00:00'::timestamptz),
(309, 36, true, false, 'no dietary restrictions', '2026-06-03 10:14:02.171874+00:00'::timestamptz),
(309, 37, true, false, 'no dietary restrictions', '2026-06-03 10:14:02.171874+00:00'::timestamptz),
(309, 38, true, false, 'no dietary restrictions', '2026-06-03 10:14:02.171874+00:00'::timestamptz),
(309, 39, true, false, 'no dietary restrictions', '2026-06-03 10:14:02.171874+00:00'::timestamptz),
(309, 40, true, false, 'no dietary restrictions', '2026-06-03 10:14:02.171874+00:00'::timestamptz),
(310, 31, true, false, 'no dietary restrictions', '2026-06-03 10:13:48.877919+00:00'::timestamptz),
(310, 32, true, false, 'no dietary restrictions', '2026-06-03 10:13:48.877919+00:00'::timestamptz),
(310, 33, true, false, 'no dietary restrictions', '2026-06-03 10:13:48.877919+00:00'::timestamptz),
(310, 34, true, false, 'no dietary restrictions', '2026-06-03 10:13:48.877919+00:00'::timestamptz),
(310, 35, true, false, 'no dietary restrictions', '2026-06-03 10:13:48.877919+00:00'::timestamptz),
(310, 36, true, false, 'no dietary restrictions', '2026-06-03 10:13:48.877919+00:00'::timestamptz),
(310, 37, true, false, 'no dietary restrictions', '2026-06-03 10:13:48.877919+00:00'::timestamptz),
(310, 38, true, false, 'no dietary restrictions', '2026-06-03 10:13:48.877919+00:00'::timestamptz),
(310, 39, true, false, 'no dietary restrictions', '2026-06-03 10:13:48.877919+00:00'::timestamptz),
(310, 40, true, false, 'no dietary restrictions', '2026-06-03 10:13:48.877919+00:00'::timestamptz),
(311, 31, true, false, 'no dietary restrictions', '2026-06-03 10:13:46.355073+00:00'::timestamptz),
(311, 32, true, false, 'no dietary restrictions', '2026-06-03 10:13:46.355073+00:00'::timestamptz),
(311, 33, true, false, 'no dietary restrictions', '2026-06-03 10:13:46.355073+00:00'::timestamptz),
(311, 34, true, false, 'no dietary restrictions', '2026-06-03 10:13:46.355073+00:00'::timestamptz),
(311, 35, true, false, 'no dietary restrictions', '2026-06-03 10:13:46.355073+00:00'::timestamptz),
(311, 36, true, false, 'no dietary restrictions', '2026-06-03 10:13:46.355073+00:00'::timestamptz);
INSERT INTO student_eligible_meals (enrolment_id, menu_item_id, eligible, needs_tweak, rationale, computed_at) VALUES
(311, 37, true, false, 'no dietary restrictions', '2026-06-03 10:13:46.355073+00:00'::timestamptz),
(311, 38, true, false, 'no dietary restrictions', '2026-06-03 10:13:46.355073+00:00'::timestamptz),
(311, 39, true, false, 'no dietary restrictions', '2026-06-03 10:13:46.355073+00:00'::timestamptz),
(311, 40, true, false, 'no dietary restrictions', '2026-06-03 10:13:46.355073+00:00'::timestamptz),
(312, 31, true, false, 'no dietary restrictions', '2026-06-03 10:13:48.868910+00:00'::timestamptz),
(312, 32, true, false, 'no dietary restrictions', '2026-06-03 10:13:48.868910+00:00'::timestamptz),
(312, 33, true, false, 'no dietary restrictions', '2026-06-03 10:13:48.868910+00:00'::timestamptz),
(312, 34, true, false, 'no dietary restrictions', '2026-06-03 10:13:48.868910+00:00'::timestamptz),
(312, 35, true, false, 'no dietary restrictions', '2026-06-03 10:13:48.868910+00:00'::timestamptz),
(312, 36, true, false, 'no dietary restrictions', '2026-06-03 10:13:48.868910+00:00'::timestamptz),
(312, 37, true, false, 'no dietary restrictions', '2026-06-03 10:13:48.868910+00:00'::timestamptz),
(312, 38, true, false, 'no dietary restrictions', '2026-06-03 10:13:48.868910+00:00'::timestamptz),
(312, 39, true, false, 'no dietary restrictions', '2026-06-03 10:13:48.868910+00:00'::timestamptz),
(312, 40, true, false, 'no dietary restrictions', '2026-06-03 10:13:48.868910+00:00'::timestamptz),
(313, 31, true, false, 'no dietary restrictions', '2026-06-03 10:13:40.672367+00:00'::timestamptz),
(313, 32, true, false, 'no dietary restrictions', '2026-06-03 10:13:40.672367+00:00'::timestamptz),
(313, 33, true, false, 'no dietary restrictions', '2026-06-03 10:13:40.672367+00:00'::timestamptz),
(313, 34, true, false, 'no dietary restrictions', '2026-06-03 10:13:40.672367+00:00'::timestamptz),
(313, 35, true, false, 'no dietary restrictions', '2026-06-03 10:13:40.672367+00:00'::timestamptz),
(313, 36, true, false, 'no dietary restrictions', '2026-06-03 10:13:40.672367+00:00'::timestamptz),
(313, 37, true, false, 'no dietary restrictions', '2026-06-03 10:13:40.672367+00:00'::timestamptz),
(313, 38, true, false, 'no dietary restrictions', '2026-06-03 10:13:40.672367+00:00'::timestamptz),
(313, 39, true, false, 'no dietary restrictions', '2026-06-03 10:13:40.672367+00:00'::timestamptz),
(313, 40, true, false, 'no dietary restrictions', '2026-06-03 10:13:40.672367+00:00'::timestamptz),
(314, 31, true, false, 'no dietary restrictions', '2026-06-03 10:13:56.450559+00:00'::timestamptz),
(314, 32, true, false, 'no dietary restrictions', '2026-06-03 10:13:56.450559+00:00'::timestamptz),
(314, 33, true, false, 'no dietary restrictions', '2026-06-03 10:13:56.450559+00:00'::timestamptz),
(314, 34, true, false, 'no dietary restrictions', '2026-06-03 10:13:56.450559+00:00'::timestamptz),
(314, 35, true, false, 'no dietary restrictions', '2026-06-03 10:13:56.450559+00:00'::timestamptz),
(314, 36, true, false, 'no dietary restrictions', '2026-06-03 10:13:56.450559+00:00'::timestamptz),
(314, 37, true, false, 'no dietary restrictions', '2026-06-03 10:13:56.450559+00:00'::timestamptz),
(314, 38, true, false, 'no dietary restrictions', '2026-06-03 10:13:56.450559+00:00'::timestamptz),
(314, 39, true, false, 'no dietary restrictions', '2026-06-03 10:13:56.450559+00:00'::timestamptz),
(314, 40, true, false, 'no dietary restrictions', '2026-06-03 10:13:56.450559+00:00'::timestamptz),
(315, 31, true, false, 'no dietary restrictions', '2026-06-03 10:13:40.671371+00:00'::timestamptz),
(315, 32, true, false, 'no dietary restrictions', '2026-06-03 10:13:40.671371+00:00'::timestamptz),
(315, 33, true, false, 'no dietary restrictions', '2026-06-03 10:13:40.671371+00:00'::timestamptz),
(315, 34, true, false, 'no dietary restrictions', '2026-06-03 10:13:40.671371+00:00'::timestamptz),
(315, 35, true, false, 'no dietary restrictions', '2026-06-03 10:13:40.671371+00:00'::timestamptz),
(315, 36, true, false, 'no dietary restrictions', '2026-06-03 10:13:40.671371+00:00'::timestamptz),
(315, 37, true, false, 'no dietary restrictions', '2026-06-03 10:13:40.671371+00:00'::timestamptz),
(315, 38, true, false, 'no dietary restrictions', '2026-06-03 10:13:40.671371+00:00'::timestamptz),
(315, 39, true, false, 'no dietary restrictions', '2026-06-03 10:13:40.671371+00:00'::timestamptz),
(315, 40, true, false, 'no dietary restrictions', '2026-06-03 10:13:40.671371+00:00'::timestamptz),
(316, 31, true, false, 'no dietary restrictions', '2026-06-03 10:13:46.355381+00:00'::timestamptz),
(316, 32, true, false, 'no dietary restrictions', '2026-06-03 10:13:46.355381+00:00'::timestamptz),
(316, 33, true, false, 'no dietary restrictions', '2026-06-03 10:13:46.355381+00:00'::timestamptz),
(316, 34, true, false, 'no dietary restrictions', '2026-06-03 10:13:46.355381+00:00'::timestamptz),
(316, 35, true, false, 'no dietary restrictions', '2026-06-03 10:13:46.355381+00:00'::timestamptz),
(316, 36, true, false, 'no dietary restrictions', '2026-06-03 10:13:46.355381+00:00'::timestamptz),
(316, 37, true, false, 'no dietary restrictions', '2026-06-03 10:13:46.355381+00:00'::timestamptz),
(316, 38, true, false, 'no dietary restrictions', '2026-06-03 10:13:46.355381+00:00'::timestamptz),
(316, 39, true, false, 'no dietary restrictions', '2026-06-03 10:13:46.355381+00:00'::timestamptz),
(316, 40, true, false, 'no dietary restrictions', '2026-06-03 10:13:46.355381+00:00'::timestamptz),
(317, 31, true, false, 'Item is certified no_nuts and no_seafood. Contents confirm nut-free and seafood-free. Both restrictions satisfied.', '2026-06-03 10:13:51.249685+00:00'::timestamptz),
(317, 32, true, true, 'Anchovy dressing contains seafood, violating no_seafood. However, the stated tweak ''Can omit anchovy dressing on request'' removes the seafood. Item is certified no_nuts. With the tweak applied, both restrictions are satisfied.', '2026-06-03 10:13:51.249685+00:00'::timestamptz),
(317, 35, true, false, 'Item is certified no_nuts and no_seafood. Contents confirm nut-free and seafood-free. Both restrictions fully satisfied.', '2026-06-03 10:13:51.249685+00:00'::timestamptz),
(318, 31, true, false, 'no dietary restrictions', '2026-06-03 10:13:46.355262+00:00'::timestamptz),
(318, 32, true, false, 'no dietary restrictions', '2026-06-03 10:13:46.355262+00:00'::timestamptz),
(318, 33, true, false, 'no dietary restrictions', '2026-06-03 10:13:46.355262+00:00'::timestamptz),
(318, 34, true, false, 'no dietary restrictions', '2026-06-03 10:13:46.355262+00:00'::timestamptz),
(318, 35, true, false, 'no dietary restrictions', '2026-06-03 10:13:46.355262+00:00'::timestamptz),
(318, 36, true, false, 'no dietary restrictions', '2026-06-03 10:13:46.355262+00:00'::timestamptz),
(318, 37, true, false, 'no dietary restrictions', '2026-06-03 10:13:46.355262+00:00'::timestamptz),
(318, 38, true, false, 'no dietary restrictions', '2026-06-03 10:13:46.355262+00:00'::timestamptz),
(318, 39, true, false, 'no dietary restrictions', '2026-06-03 10:13:46.355262+00:00'::timestamptz),
(318, 40, true, false, 'no dietary restrictions', '2026-06-03 10:13:46.355262+00:00'::timestamptz),
(319, 31, true, false, 'no dietary restrictions', '2026-06-03 10:13:51.251176+00:00'::timestamptz),
(319, 32, true, false, 'no dietary restrictions', '2026-06-03 10:13:51.251176+00:00'::timestamptz),
(319, 33, true, false, 'no dietary restrictions', '2026-06-03 10:13:51.251176+00:00'::timestamptz),
(319, 34, true, false, 'no dietary restrictions', '2026-06-03 10:13:51.251176+00:00'::timestamptz),
(319, 35, true, false, 'no dietary restrictions', '2026-06-03 10:13:51.251176+00:00'::timestamptz),
(319, 36, true, false, 'no dietary restrictions', '2026-06-03 10:13:51.251176+00:00'::timestamptz),
(319, 37, true, false, 'no dietary restrictions', '2026-06-03 10:13:51.251176+00:00'::timestamptz),
(319, 38, true, false, 'no dietary restrictions', '2026-06-03 10:13:51.251176+00:00'::timestamptz),
(319, 39, true, false, 'no dietary restrictions', '2026-06-03 10:13:51.251176+00:00'::timestamptz),
(319, 40, true, false, 'no dietary restrictions', '2026-06-03 10:13:51.251176+00:00'::timestamptz),
(320, 31, true, false, 'no dietary restrictions', '2026-06-03 10:13:46.354790+00:00'::timestamptz),
(320, 32, true, false, 'no dietary restrictions', '2026-06-03 10:13:46.354790+00:00'::timestamptz),
(320, 33, true, false, 'no dietary restrictions', '2026-06-03 10:13:46.354790+00:00'::timestamptz),
(320, 34, true, false, 'no dietary restrictions', '2026-06-03 10:13:46.354790+00:00'::timestamptz),
(320, 35, true, false, 'no dietary restrictions', '2026-06-03 10:13:46.354790+00:00'::timestamptz),
(320, 36, true, false, 'no dietary restrictions', '2026-06-03 10:13:46.354790+00:00'::timestamptz),
(320, 37, true, false, 'no dietary restrictions', '2026-06-03 10:13:46.354790+00:00'::timestamptz),
(320, 38, true, false, 'no dietary restrictions', '2026-06-03 10:13:46.354790+00:00'::timestamptz),
(320, 39, true, false, 'no dietary restrictions', '2026-06-03 10:13:46.354790+00:00'::timestamptz),
(320, 40, true, false, 'no dietary restrictions', '2026-06-03 10:13:46.354790+00:00'::timestamptz);

-- opt_back_in_requests: 0 row(s)

-- agent_runs: 0 row(s)

-- agent_steps: 0 row(s)

-- outbound_emails: 0 row(s)

-- caterer_week_orders: 0 row(s)

-- step_lesson_citations: 0 row(s)

-- step_policy_citations: 0 row(s)

